{"indices": [10018, 106105, 10637, 106636, 106697, 10736, 10766, 10821, 1104, 11062, 111213, 113289, 11391, 114732, 118913, 12169, 12239, 123996, 125682, 1288, 129781, 129969, 1375, 138298, 138396, 1403, 140429, 144, 144000, 147257, 147290, 147546, 14773, 14938, 15635, 15811, 15922, 160559, 162309, 170015, 170623, 170768, 172246, 17368, 173757, 174948, 17754, 1809, 18317, 18481, 187785, 18922, 19186, 192033, 19390, 193943, 20018, 200955, 20400, 206061, 206331, 20880, 217, 21828, 218532, 21855, 22384, 22751, 236, 23841, 238478, 243495, 25722, 26073, 27644, 28343, 30, 31494, 31722, 34196, 3638, 37, 3742, 4058, 42822, 44713, 456, 46765, 48448, 48619, 491, 49898, 5, 5052, 51, 5146, 527, 53088, 53894, 54, 55157, 57888, 6, 634, 6371, 66891, 72963, 7420, 7489, 75536, 76519, 80347, 8173, 821, 8357, 84770, 87, 87398, 8877, 9001, 90586, 910, 9186, 9340, 9378, 94010, 9433, 9552, 96820, 97360, 9811, 9852, 99197], "values": [0.08953857421875, 0.130126953125, 0.16162109375, 0.151123046875, 0.032562255859375, 0.1502685546875, 0.2044677734375, 0.1671142578125, 0.0057373046875, 0.046417236328125, 0.08917236328125, 0.146240234375, 0.0501708984375, 0.090087890625, 0.164794921875, 0.017120361328125, 0.1279296875, 0.1119384765625, 0.039093017578125, 0.0799560546875, 0.211669921875, 0.170166015625, 0.034454345703125, 0.235107421875, 0.060546875, 0.1510009765625, 0.16064453125, 0.039154052734375, 0.189697265625, 0.011077880859375, 0.07891845703125, 0.0665283203125, 0.07373046875, 0.1671142578125, 0.156494140625, 0.10546875, 0.062347412109375, 0.1343994140625, 0.07904052734375, 0.2130126953125, 0.16552734375, 0.1947021484375, 0.0070343017578125, 0.0182647705078125, 0.033966064453125, 0.11181640625, 0.1583251953125, 0.041015625, 0.01727294921875, 0.1240234375, 0.034698486328125, 0.13720703125, 0.1632080078125, 0.137939453125, 0.01470184326171875, 0.181640625, 0.0107421875, 0.12384033203125, 0.054840087890625, 0.233642578125, 0.0802001953125, 0.0458984375, 0.03302001953125, 0.1007080078125, 0.1307373046875, 0.15576171875, 0.089599609375, 0.0236663818359375, 0.03826904296875, 0.1722412109375, 0.1947021484375, 0.20166015625, 0.000701904296875, 0.1630859375, 0.041290283203125, 0.1614990234375, 0.042236328125, 0.07940673828125, 0.0858154296875, 0.12469482421875, 0.12481689453125, 0.03253173828125, 0.05377197265625, 0.02874755859375, 0.1397705078125, 0.0325927734375, 0.10015869140625, 0.034942626953125, 0.09161376953125, 0.1917724609375, 0.06390380859375, 0.169677734375, 0.05078125, 0.09698486328125, 0.0084991455078125, 0.17529296875, 0.13232421875, 0.11572265625, 0.098388671875, 0.031494140625, 0.064453125, 0.1351318359375, 0.1192626953125, 0.04345703125, 0.1279296875, 0.179931640625, 0.09405517578125, 0.123779296875, 0.031951904296875, 0.07000732421875, 0.045013427734375, 0.06524658203125, 0.0286712646484375, 0.11083984375, 0.0931396484375, 0.195068359375, 0.059661865234375, 0.051849365234375, 0.06494140625, 0.047210693359375, 0.080322265625, 0.043914794921875, 0.08636474609375, 0.1553955078125, 0.10552978515625, 0.1959228515625, 0.0980224609375, 0.0614013671875, 0.1563720703125, 0.03094482421875, 0.20068359375, 0.035858154296875, 0.0714111328125]}