{"indices": [102546, 10294, 1031, 10406, 104271, 107033, 1128, 117904, 1189, 11963, 120518, 123433, 134693, 1372, 14594, 147916, 1516, 15290, 153, 154820, 1583, 1702, 19015, 19071, 1936, 21001, 22103, 246934, 2621, 2789, 30147, 31157, 35567, 36115, 384, 38704, 397, 4442, 46209, 496, 5364, 55054, 56721, 5796, 6, 605, 62193, 68107, 70147, 70388, 71277, 7252, 7272, 72963, 7949, 80308, 86520, 9, 90305, 91615, 96052, 96499, 97109, 9744], "values": [0.04425048828125, 0.1278076171875, 0.0733642578125, 0.20068359375, 0.1485595703125, 0.087646484375, 0.086669921875, 0.100830078125, 0.089111328125, 0.1646728515625, 0.1339111328125, 0.19775390625, 0.1175537109375, 0.2176513671875, 0.0220947265625, 0.2149658203125, 0.1268310546875, 0.095458984375, 0.04986572265625, 0.185791015625, 0.09039306640625, 0.145751953125, 0.12274169921875, 0.12445068359375, 0.1669921875, 0.2081298828125, 0.191162109375, 0.2451171875, 0.005321502685546875, 0.1268310546875, 0.0460205078125, 0.06744384765625, 0.12548828125, 0.2137451171875, 0.1046142578125, 0.177734375, 0.180908203125, 0.1497802734375, 0.1099853515625, 0.16259765625, 0.13671875, 0.20849609375, 0.10919189453125, 0.07879638671875, 0.0850830078125, 0.1253662109375, 0.12420654296875, 0.128662109375, 0.07244873046875, 0.1573486328125, 0.2125244140625, 0.204833984375, 0.1884765625, 0.12420654296875, 0.1339111328125, 0.164306640625, 0.0006709098815917969, 0.04937744140625, 0.1207275390625, 0.1787109375, 0.138427734375, 0.263427734375, 0.150390625, 0.040618896484375]}