{"indices": [100, 11075, 1121, 113041, 1132, 11328, 114732, 118790, 119485, 121425, 125682, 12763, 129128, 129781, 129969, 13305, 13328, 1375, 14, 140429, 14359, 145716, 147, 147546, 159003, 169073, 16970, 171069, 17368, 17955, 1809, 1843, 193943, 196219, 19623, 19759, 214, 21855, 2223, 22404, 227403, 22751, 22905, 234873, 238478, 26073, 2678, 26959, 29089, 30388, 30494, 31, 31494, 32007, 32462, 3299, 33120, 3320, 34419, 3742, 37451, 37457, 3956, 397, 39908, 40266, 4068, 42335, 456, 46312, 46473, 4677, 48599, 491, 49409, 51222, 54, 5844, 58627, 60213, 603, 61353, 627, 634, 6366, 64371, 669, 76519, 76924, 77007, 77314, 8059, 8357, 83914, 84770, 87, 87673, 87758, 8877, 952, 9552, 98, 984], "values": [0.01155853271484375, 0.11199951171875, 0.09783935546875, 0.073974609375, 0.07574462890625, 0.039215087890625, 0.08001708984375, 0.12646484375, 0.1676025390625, 0.01107025146484375, 0.046173095703125, 0.1407470703125, 0.001605987548828125, 0.160400390625, 0.1248779296875, 0.00897216796875, 0.07928466796875, 0.02203369140625, 0.041259765625, 0.1220703125, 0.1505126953125, 0.12841796875, 0.096435546875, 0.01200103759765625, 0.0262603759765625, 0.00592803955078125, 0.08990478515625, 0.1517333984375, 0.009857177734375, 0.06817626953125, 0.044219970703125, 0.008636474609375, 0.197509765625, 0.1971435546875, 0.10845947265625, 0.13037109375, 0.050140380859375, 0.1080322265625, 0.1072998046875, 0.12158203125, 0.0474853515625, 0.1580810546875, 0.036041259765625, 0.20361328125, 0.1337890625, 0.1883544921875, 0.047454833984375, 0.034088134765625, 0.05548095703125, 0.169189453125, 0.05743408203125, 0.011138916015625, 0.134033203125, 0.003414154052734375, 0.049224853515625, 0.14599609375, 0.08447265625, 0.004116058349609375, 0.10272216796875, 0.054901123046875, 0.12939453125, 0.134521484375, 0.004512786865234375, 0.01453399658203125, 0.1348876953125, 0.1209716796875, 0.04052734375, 0.09661865234375, 0.07080078125, 0.2333984375, 0.01024627685546875, 0.08404541015625, 0.046630859375, 0.1114501953125, 0.0679931640625, 0.053741455078125, 0.0277252197265625, 0.046966552734375, 0.035308837890625, 0.146240234375, 0.1202392578125, 0.12457275390625, 0.039825439453125, 0.09808349609375, 0.1468505859375, 0.1148681640625, 0.183837890625, 0.084228515625, 0.1893310546875, 0.025299072265625, 0.04315185546875, 0.14111328125, 0.0166473388671875, 0.0009250640869140625, 0.2176513671875, 0.035186767578125, 0.0635986328125, 0.1363525390625, 0.07513427734375, 0.01070404052734375, 0.130615234375, 0.0231170654296875, 0.09515380859375]}