{"indices": [10018, 10109, 101565, 102753, 10294, 1036, 1040, 1064, 1065, 10725, 107362, 10763, 10784, 109104, 10956, 111724, 11233, 113289, 11359, 11372, 1173, 118593, 1189, 119517, 12002, 12040, 12250, 12282, 125389, 12568, 126858, 127758, 12833, 132, 133614, 134485, 13494, 13519, 13521, 13730, 138666, 138708, 143964, 1441, 144454, 146268, 1493, 149716, 150567, 151161, 152961, 153231, 153556, 15446, 15478, 154820, 155, 157595, 158004, 1590, 15900, 16, 16356, 166179, 16623, 167564, 168108, 17072, 1726, 174159, 17619, 177660, 17892, 18187, 182154, 182843, 184399, 18542, 185795, 18617, 187609, 1879, 1898, 196409, 1965, 1971, 1988, 198898, 2003, 20146, 203289, 203593, 20556, 2110, 2122, 21245, 213, 2150, 224561, 226489, 227330, 2308, 23128, 2391, 24455, 2458, 247, 2476, 247842, 2481, 24990, 25094, 2621, 264, 26595, 2672, 268, 26811, 2698, 2745, 27825, 2788, 2803, 28155, 28670, 29088, 2996, 30, 3029, 30313, 30812, 30832, 30862, 31023, 3195, 32218, 3322, 3327, 33541, 354, 35452, 35489, 3615, 36818, 37, 3779, 38957, 3909, 39199, 3933, 39453, 39733, 4, 40513, 40719, 41069, 41506, 41904, 42851, 43, 441, 4418, 4467, 46348, 465, 4696, 50291, 5032, 5070, 5085, 514, 5226, 53399, 5384, 5410, 5412, 56926, 5714, 5730, 57860, 5796, 59290, 59384, 59564, 6, 62029, 62882, 63, 63472, 6518, 6545, 6607, 6618, 66277, 66537, 67112, 67296, 67828, 68108, 68414, 69223, 69457, 7150, 7272, 7382, 7408, 7447, 76177, 76397, 789, 79178, 798, 8171, 8312, 83554, 844, 86925, 87669, 91615, 919, 9420, 95143, 96052, 9730, 9744, 99278], "values": [0.044097900390625, 0.05059814453125, 0.2259521484375, 0.07440185546875, 0.1285400390625, 0.0438232421875, 0.04400634765625, 0.044036865234375, 0.025970458984375, 0.0631103515625, 0.09698486328125, 0.0584716796875, 0.194091796875, 0.21484375, 0.04400634765625, 0.024169921875, 0.1109619140625, 0.1904296875, 0.04376220703125, 0.048187255859375, 0.179931640625, 0.0810546875, 0.0174713134765625, 0.081298828125, 0.044219970703125, 0.04412841796875, 0.1705322265625, 0.17333984375, 0.1409912109375, 0.04412841796875, 0.2666015625, 0.07489013671875, 0.11370849609375, 0.043975830078125, 0.04412841796875, 0.240966796875, 0.11297607421875, 0.0194091796875, 0.042724609375, 0.06201171875, 0.10845947265625, 0.2061767578125, 0.1217041015625, 0.04449462890625, 0.130859375, 0.11004638671875, 0.043853759765625, 0.22412109375, 0.118896484375, 0.153076171875, 0.184326171875, 0.252197265625, 0.194091796875, 0.0687255859375, 0.1260986328125, 0.20068359375, 0.0019216537475585938, 0.042877197265625, 0.0909423828125, 0.0301971435546875, 0.03826904296875, 0.0440673828125, 0.10711669921875, 0.09039306640625, 0.1561279296875, 0.082763671875, 0.1302490234375, 0.0416259765625, 0.0438232421875, 0.245361328125, 0.1220703125, 0.167236328125, 0.043914794921875, 0.1026611328125, 0.271240234375, 0.0684814453125, 0.0771484375, 0.0280914306640625, 0.169189453125, 0.044097900390625, 0.039794921875, 0.10284423828125, 0.12213134765625, 0.1429443359375, 0.043914794921875, 0.11395263671875, 0.043914794921875, 0.06414794921875, 0.0833740234375, 0.1336669921875, 0.130615234375, 0.07318115234375, 0.042572021484375, 0.03857421875, 0.1119384765625, 0.03314208984375, 0.055206298828125, 0.10125732421875, 0.1103515625, 0.135498046875, 0.164306640625, 0.0439453125, 0.1451416015625, 0.043975830078125, 0.278076171875, 0.04388427734375, 0.0438232421875, 0.04376220703125, 0.1448974609375, 0.08612060546875, 0.0208282470703125, 0.020904541015625, 0.0438232421875, 0.0438232421875, 0.221435546875, 0.0440673828125, 0.04400634765625, 0.07476806640625, 0.04876708984375, 0.0304107666015625, 0.10809326171875, 0.08306884765625, 0.034027099609375, 0.1466064453125, 0.1612548828125, 0.0440673828125, 0.042999267578125, 0.042144775390625, 0.0279541015625, 0.0201568603515625, 0.039520263671875, 0.04400634765625, 0.14013671875, 0.041046142578125, 0.0850830078125, 0.031982421875, 0.043975830078125, 0.044036865234375, 0.0255889892578125, 0.0439453125, 0.040924072265625, 0.12457275390625, 0.0660400390625, 0.019989013671875, 0.043914794921875, 0.0438232421875, 0.113525390625, 0.035614013671875, 0.208740234375, 0.01092529296875, 0.1630859375, 0.043609619140625, 0.04400634765625, 0.04290771484375, 0.024627685546875, 0.0198516845703125, 0.08599853515625, 0.04388427734375, 0.145751953125, 0.08251953125, 0.0775146484375, 0.1124267578125, 0.043914794921875, 0.06976318359375, 0.043853759765625, 0.059326171875, 0.197509765625, 0.07391357421875, 0.0137176513671875, 0.04400634765625, 0.04400634765625, 0.1239013671875, 0.0439453125, 0.03302001953125, 0.08831787109375, 0.1864013671875, 0.07470703125, 0.1358642578125, 0.0439453125, 0.040374755859375, 0.16162109375, 0.03515625, 0.1527099609375, 0.271240234375, 0.044036865234375, 0.07281494140625, 0.08447265625, 0.04388427734375, 0.12152099609375, 0.1268310546875, 0.04754638671875, 0.08294677734375, 0.0277862548828125, 0.12451171875, 0.192138671875, 0.042938232421875, 0.2027587890625, 0.1468505859375, 0.1356201171875, 0.1702880859375, 0.0306854248046875, 0.0277252197265625, 0.046142578125, 0.177734375, 0.06298828125, 0.04400634765625, 0.152099609375, 0.123779296875, 0.043731689453125, 0.0439453125, 0.049346923828125, 0.0201263427734375, 0.1839599609375, 0.0104217529296875, 0.044403076171875, 0.04412841796875, 0.040771484375, 0.01248931884765625, 0.239501953125, 0.1123046875, 0.14453125, 0.037506103515625, 0.12066650390625, 0.22998046875, 0.126220703125, 0.182373046875]}