{"indices": [100624, 10379, 1050, 106117, 106636, 111, 1130, 11588, 11657, 11787, 117878, 11933, 12, 12092, 12231, 125389, 126188, 131281, 132, 134288, 135018, 13519, 135844, 136, 136229, 1375, 14, 14082, 14250, 144454, 145733, 148823, 153231, 15390, 154820, 1549, 15657, 1577, 15770, 158353, 16, 170, 170253, 17154, 180, 185795, 19, 1965, 19745, 198461, 200737, 201985, 20403, 213, 213939, 214315, 22352, 227840, 23, 235079, 235398, 2357, 237, 237815, 23830, 23844, 23972, 24365, 24702, 24988, 24990, 25621, 2583, 25924, 26272, 26592, 268, 27131, 27331, 2816, 28343, 284, 30, 30862, 31023, 3344, 34479, 35452, 35509, 3559, 35665, 3615, 363, 37, 37694, 387, 3882, 38821, 39453, 4, 40956, 41011, 4114, 4118, 4235, 43, 4382, 44978, 4635, 465, 47311, 5, 50490, 5052, 5085, 514, 51450, 52080, 53472, 538, 53894, 54, 54497, 55441, 55556, 5730, 5946, 6, 6044, 621, 6226, 62723, 62822, 64, 65508, 6806, 68108, 68414, 69045, 7, 70, 7041, 7051, 71, 7146, 7272, 72964, 74, 7489, 758, 76327, 80347, 8121, 81492, 82839, 8318, 844, 86685, 8732, 87398, 87747, 87905, 9, 9098, 91615, 91685, 9285, 92905, 933, 9420, 94474, 95947, 98, 99907], "values": [0.07635498046875, 0.016845703125, 0.07257080078125, 0.1353759765625, 0.11480712890625, 0.0251617431640625, 0.025146484375, 0.0198822021484375, 0.044586181640625, 0.08648681640625, 0.00980377197265625, 0.0253448486328125, 0.025421142578125, 0.02490234375, 0.02349853515625, 0.0255126953125, 0.0253143310546875, 0.0245513916015625, 0.0251312255859375, 0.10284423828125, 0.1484375, 0.0194549560546875, 0.05731201171875, 0.02490234375, 0.11053466796875, 0.0338134765625, 0.0251007080078125, 0.0582275390625, 0.1971435546875, 0.109375, 0.116943359375, 0.0634765625, 0.225830078125, 0.0252838134765625, 0.264404296875, 0.0155181884765625, 0.0144805908203125, 0.02508544921875, 0.020904541015625, 0.0242156982421875, 0.025146484375, 0.0249481201171875, 0.1644287109375, 0.191650390625, 0.1138916015625, 0.11712646484375, 0.025054931640625, 0.0252532958984375, 0.11376953125, 0.13623046875, 0.0202178955078125, 0.0234222412109375, 0.025360107421875, 0.02532958984375, 0.1939697265625, 0.2122802734375, 0.1158447265625, 0.11981201171875, 0.025390625, 0.16064453125, 0.12109375, 0.1387939453125, 0.02447509765625, 0.1370849609375, 0.01374053955078125, 0.06207275390625, 0.00814056396484375, 0.154541015625, 0.1529541015625, 0.0250701904296875, 0.10589599609375, 0.059814453125, 0.0965576171875, 0.1563720703125, 0.1715087890625, 0.01387786865234375, 0.0253143310546875, 0.16845703125, 0.04052734375, 0.01038360595703125, 0.2061767578125, 0.166015625, 0.0251312255859375, 0.0241241455078125, 0.08624267578125, 0.11456298828125, 0.0230255126953125, 0.0241546630859375, 0.0322265625, 0.01197052001953125, 0.04559326171875, 0.0919189453125, 0.025054931640625, 0.025238037109375, 0.10491943359375, 0.00026416778564453125, 0.15869140625, 0.058837890625, 0.0255279541015625, 0.025360107421875, 0.11279296875, 0.10906982421875, 0.1082763671875, 0.0863037109375, 0.0190582275390625, 0.0253448486328125, 0.07666015625, 0.10443115234375, 0.005168914794921875, 0.138916015625, 0.11883544921875, 0.0253448486328125, 0.025421142578125, 0.1624755859375, 0.0252227783203125, 0.01276397705078125, 0.0252685546875, 0.1810302734375, 0.0116119384765625, 0.02532958984375, 0.137451171875, 0.010162353515625, 0.162841796875, 0.1202392578125, 0.1650390625, 0.025299072265625, 0.0091705322265625, 0.025238037109375, 0.02423095703125, 0.025421142578125, 0.1165771484375, 0.19482421875, 0.1446533203125, 0.025390625, 0.054901123046875, 0.05767822265625, 0.1727294921875, 0.25146484375, 0.10211181640625, 0.0252532958984375, 0.025390625, 0.219970703125, 0.0831298828125, 0.0253753662109375, 0.02520751953125, 0.2373046875, 0.1798095703125, 0.0009279251098632812, 0.16455078125, 0.08795166015625, 0.022613525390625, 0.0203857421875, 0.04693603515625, 0.184814453125, 0.0833740234375, 0.001949310302734375, 0.02520751953125, 0.1197509765625, 0.07012939453125, 0.08258056640625, 0.2027587890625, 0.08453369140625, 0.02508544921875, 0.0455322265625, 0.208984375, 0.018280029296875, 0.189453125, 0.1134033203125, 0.0251007080078125, 0.161865234375, 0.1337890625, 0.18359375, 0.02520751953125, 0.154052734375]}