{"indices": [10, 10018, 10109, 10119, 10161, 102546, 103332, 1034, 1040, 10502, 1064, 10681, 10725, 107836, 108934, 11062, 111213, 11140, 111724, 112282, 1130, 113289, 114493, 11601, 1173, 11909, 12002, 12235, 12239, 123469, 1238, 126858, 1273, 12833, 1288, 129781, 130631, 13082, 13167, 132, 1328, 13384, 1344, 13685, 1369, 13797, 138357, 138577, 138666, 1388, 140357, 147916, 14841, 15, 15036, 15068, 150739, 152961, 15362, 1562, 15624, 15635, 1580, 1589, 15892, 16, 16205, 162408, 16328, 1635, 1647, 167564, 1690, 16992, 170, 171597, 17183, 1726, 1737, 17619, 178880, 17989, 18, 180394, 182161, 185795, 18646, 1879, 1898, 19, 19055, 191732, 19186, 192033, 192500, 193956, 19426, 19543, 19623, 200634, 2008, 201922, 203813, 206061, 2122, 213, 214374, 217859, 22004, 224561, 2308, 2389, 23906, 244889, 24754, 2490, 24925, 25217, 25406, 2575, 2621, 27246, 2745, 27825, 28051, 2819, 2830, 28343, 28360, 284, 2881, 29480, 2961, 304, 30915, 3123, 3182, 31874, 3198, 33206, 3327, 33479, 335, 34513, 34582, 3490, 354, 35452, 36115, 37, 38115, 38195, 384, 3846, 39781, 4, 40580, 41247, 420, 425, 4280, 42851, 43, 43095, 43221, 436, 4511, 4578, 4624, 465, 4723, 4771, 4788, 501, 5032, 5037, 5070, 5085, 5100, 5133, 51379, 514, 5364, 5410, 5412, 5477, 55256, 55257, 55960, 55964, 5610, 562, 56356, 56584, 571, 5730, 5796, 5844, 59370, 6, 605, 61026, 618, 6335, 63472, 63657, 65056, 6607, 66277, 6628, 66891, 67296, 6778, 678, 68108, 6815, 7, 70829, 71277, 71932, 7420, 7447, 757, 77284, 8042, 808, 81025, 8112, 83613, 844, 8488, 85090, 853, 8588, 87377, 8827, 886, 9, 9075, 91, 91615, 9186, 94010, 9420, 95143, 95430, 9636, 96499, 98377, 9989], "values": [0.00713348388671875, 0.1051025390625, 0.1380615234375, 0.096923828125, 0.025665283203125, 0.10675048828125, 0.1318359375, 0.01153564453125, 0.02789306640625, 0.2000732421875, 0.0281524658203125, 0.1817626953125, 0.0635986328125, 0.150390625, 0.1226806640625, 0.0218048095703125, 0.1922607421875, 0.0888671875, 0.011871337890625, 0.26123046875, 0.02789306640625, 0.260498046875, 0.0255889892578125, 0.01245880126953125, 0.2244873046875, 0.14599609375, 0.0281219482421875, 0.09210205078125, 0.1478271484375, 0.044677734375, 0.114013671875, 0.1458740234375, 0.0275421142578125, 0.0574951171875, 0.0889892578125, 0.2110595703125, 0.044189453125, 0.0272979736328125, 0.003726959228515625, 0.02783203125, 0.0811767578125, 0.03643798828125, 0.027862548828125, 0.191162109375, 0.0273284912109375, 0.06256103515625, 0.157958984375, 0.0008640289306640625, 0.0255279541015625, 0.027923583984375, 0.025787353515625, 0.26708984375, 0.127197265625, 0.0266265869140625, 0.1796875, 0.07916259765625, 0.06402587890625, 0.136474609375, 0.1876220703125, 0.02215576171875, 0.148681640625, 0.018768310546875, 0.0135650634765625, 0.0277557373046875, 0.014862060546875, 0.028106689453125, 0.0279541015625, 0.30029296875, 0.11065673828125, 0.0024051666259765625, 0.0265655517578125, 0.2464599609375, 0.04400634765625, 0.00276947021484375, 0.0275115966796875, 0.0145416259765625, 0.045745849609375, 0.01020050048828125, 0.0015192031860351562, 0.0224456787109375, 0.14892578125, 0.06500244140625, 0.0765380859375, 0.177978515625, 0.1142578125, 0.1427001953125, 0.1563720703125, 0.10760498046875, 0.119873046875, 0.02783203125, 0.0697021484375, 0.1300048828125, 0.18798828125, 0.1495361328125, 0.09735107421875, 0.19189453125, 0.038787841796875, 0.11102294921875, 0.1661376953125, 0.1490478515625, 0.0343017578125, 0.0633544921875, 0.10955810546875, 0.302490234375, 0.1083984375, 0.0276641845703125, 0.2122802734375, 0.2252197265625, 0.059356689453125, 0.1336669921875, 0.027801513671875, 0.0672607421875, 0.154052734375, 0.096923828125, 0.04248046875, 0.12188720703125, 0.1148681640625, 0.173095703125, 0.0011110305786132812, 0.026702880859375, 0.027984619140625, 0.1295166015625, 0.01910400390625, 0.216064453125, 0.1624755859375, 0.0276336669921875, 0.1544189453125, 0.1971435546875, 0.1832275390625, 0.026336669921875, 0.0279083251953125, 0.12030029296875, 0.06439208984375, 0.02777099609375, 0.202880859375, 0.1221923828125, 0.09710693359375, 0.1439208984375, 0.0280609130859375, 0.1575927734375, 0.0273895263671875, 0.0762939453125, 0.07965087890625, 0.1285400390625, 0.08245849609375, 0.005062103271484375, 0.0279998779296875, 0.10302734375, 0.2147216796875, 0.0271148681640625, 0.1627197265625, 0.0307159423828125, 0.01549530029296875, 0.027740478515625, 0.05328369140625, 0.0280914306640625, 0.00039768218994140625, 0.0186920166015625, 0.08074951171875, 0.09454345703125, 0.0164642333984375, 0.164794921875, 0.0279541015625, 0.184326171875, 0.01934814453125, 0.145263671875, 0.03240966796875, 0.146728515625, 0.0501708984375, 0.11566162109375, 0.10882568359375, 0.07733154296875, 0.1217041015625, 0.0184326171875, 0.092529296875, 0.2076416015625, 0.03350830078125, 0.1767578125, 0.072265625, 0.0281524658203125, 0.108154296875, 0.0278472900390625, 0.1312255859375, 0.1820068359375, 0.08172607421875, 0.1346435546875, 0.09161376953125, 0.055755615234375, 0.12335205078125, 0.0445556640625, 0.0494384765625, 0.027069091796875, 0.10662841796875, 0.0201416015625, 0.02667236328125, 0.052490234375, 0.05975341796875, 0.0282440185546875, 0.125, 0.028076171875, 0.10198974609375, 0.1905517578125, 0.2344970703125, 0.1142578125, 0.218017578125, 0.187255859375, 0.0257568359375, 0.039581298828125, 0.09918212890625, 0.02410888671875, 0.22021484375, 0.1927490234375, 0.08953857421875, 0.09765625, 0.064697265625, 0.027984619140625, 0.0272216796875, 0.134033203125, 0.251220703125, 0.2242431640625, 0.1383056640625, 0.0274200439453125, 0.107421875, 0.033447265625, 0.003513336181640625, 0.028045654296875, 0.0257110595703125, 0.095703125, 0.112548828125, 0.0279388427734375, 0.1156005859375, 0.02899169921875, 0.06842041015625, 0.1719970703125, 0.1712646484375, 0.082275390625, 0.01464080810546875, 0.0513916015625, 0.0271453857421875, 0.0265045166015625, 0.057647705078125, 0.1341552734375, 0.2352294921875, 0.07672119140625, 0.0201416015625, 0.08380126953125, 0.044281005859375, 0.15966796875, 0.147216796875, 0.025482177734375]}