{"indices": [100, 10693, 11034, 11062, 11075, 11176, 114137, 114732, 116154, 11902, 124534, 126124, 12689, 127427, 129781, 129969, 13, 136629, 1375, 140429, 14082, 147546, 149, 1492, 15127, 15549, 15811, 159003, 161623, 16220, 162408, 171230, 1809, 181135, 188328, 189901, 192617, 193943, 199849, 20400, 20572, 215180, 21816, 21855, 234873, 235398, 238478, 241, 25970, 26073, 2658, 2678, 27190, 272, 277, 27750, 27997, 28811, 289, 29089, 30145, 31494, 31722, 335, 34419, 345, 35509, 36115, 3742, 382, 38496, 4, 40266, 40322, 427, 436, 43938, 44713, 48448, 491, 49686, 4970, 5046, 510, 5177, 5337, 5357, 54, 54491, 56187, 57912, 58994, 617, 62, 634, 63709, 68538, 69139, 729, 75536, 82914, 84770, 87, 87398, 8877, 9076, 91, 9552, 98848], "values": [0.07623291015625, 0.056854248046875, 0.15673828125, 0.0902099609375, 0.0894775390625, 0.0748291015625, 0.1854248046875, 0.09783935546875, 0.11376953125, 0.08428955078125, 0.0239715576171875, 0.069580078125, 0.059906005859375, 0.050872802734375, 0.209228515625, 0.154541015625, 0.0243988037109375, 0.0836181640625, 0.08343505859375, 0.151123046875, 0.05364990234375, 0.01361083984375, 0.1409912109375, 0.0787353515625, 0.055023193359375, 0.189453125, 0.087646484375, 0.0714111328125, 0.18017578125, 0.0499267578125, 0.088134765625, 0.1090087890625, 0.1002197265625, 0.11285400390625, 0.10784912109375, 0.1240234375, 0.1165771484375, 0.2081298828125, 0.151123046875, 0.15185546875, 0.0721435546875, 0.00307464599609375, 0.0736083984375, 0.1710205078125, 0.1785888671875, 0.179931640625, 0.134765625, 0.027130126953125, 0.0284423828125, 0.10955810546875, 0.0809326171875, 0.07647705078125, 0.038848876953125, 0.037109375, 0.067138671875, 0.0391845703125, 0.09405517578125, 0.0792236328125, 0.1002197265625, 0.09234619140625, 0.046234130859375, 0.1619873046875, 0.1162109375, 0.036712646484375, 0.1083984375, 0.04638671875, 0.00862884521484375, 0.0626220703125, 0.06927490234375, 0.0352783203125, 0.18408203125, 0.00832366943359375, 0.09844970703125, 0.0233612060546875, 0.049285888671875, 0.00586700439453125, 0.1783447265625, 0.08575439453125, 0.071044921875, 0.08905029296875, 0.052734375, 0.08892822265625, 0.128662109375, 0.114501953125, 0.00041222572326660156, 0.1072998046875, 0.07391357421875, 0.00969696044921875, 0.055999755859375, 0.003398895263671875, 0.0780029296875, 0.0015697479248046875, 0.070068359375, 0.0189971923828125, 0.1336669921875, 0.0139312744140625, 0.037628173828125, 0.0809326171875, 0.0758056640625, 0.092529296875, 0.0069427490234375, 0.25927734375, 0.05596923828125, 0.10345458984375, 0.10150146484375, 0.042999267578125, 0.07208251953125, 0.13134765625, 0.07110595703125]}