{"indices": [1019, 103882, 1062, 1064, 11075, 11657, 1189, 1193, 12, 129969, 132370, 1375, 137806, 14250, 144, 1511, 15895, 18947, 20429, 2053, 235079, 2357, 239790, 27204, 313, 324, 33120, 339, 341, 35348, 35509, 36398, 3640, 390, 391, 4, 40266, 41011, 4114, 4118, 42477, 45646, 4633, 465, 5, 52295, 53, 5412, 54491, 567, 581, 592, 627, 64584, 6806, 70, 71, 73421, 7489, 76755, 78382, 82, 8488, 87, 9323, 966, 97204, 98, 9955, 99849], "values": [0.07305908203125, 0.181640625, 0.08624267578125, 0.09088134765625, 0.106201171875, 0.04547119140625, 0.04071044921875, 0.06634521484375, 0.06622314453125, 0.1634521484375, 0.2039794921875, 0.08544921875, 0.1754150390625, 0.282958984375, 0.107177734375, 0.036346435546875, 0.10992431640625, 0.185302734375, 0.09423828125, 0.174560546875, 0.2249755859375, 0.11480712890625, 0.046905517578125, 0.181884765625, 0.00521087646484375, 0.2191162109375, 0.1588134765625, 0.137451171875, 0.07135009765625, 0.1453857421875, 0.11236572265625, 0.30029296875, 0.126708984375, 0.049560546875, 0.041778564453125, 0.0467529296875, 0.1810302734375, 0.1943359375, 0.1201171875, 0.058013916015625, 0.15380859375, 0.1783447265625, 0.00042939186096191406, 0.212646484375, 0.026336669921875, 0.1558837890625, 0.0139617919921875, 0.051788330078125, 0.138916015625, 0.0240020751953125, 0.1959228515625, 0.07763671875, 0.1239013671875, 0.12060546875, 0.09722900390625, 0.005519866943359375, 0.0499267578125, 0.101806640625, 0.250732421875, 0.21875, 0.11346435546875, 0.06805419921875, 0.1025390625, 0.00446319580078125, 0.0374755859375, 0.032012939453125, 0.2257080078125, 0.012176513671875, 0.00438690185546875, 0.2100830078125]}