{"indices": [100296, 101062, 10119, 10132, 101484, 101565, 10294, 103221, 1036, 1050, 10501, 105986, 1064, 1065, 10725, 109460, 110803, 11173, 11233, 112843, 112940, 1147, 115333, 1173, 118593, 1189, 12002, 120856, 125389, 126858, 1278, 12833, 130128, 13023, 13160, 132, 133506, 133614, 14183, 1441, 144454, 14641, 147916, 1493, 1516, 153351, 15446, 154590, 154820, 155592, 15635, 15689, 159762, 16, 160296, 160559, 16623, 167564, 1677, 170152, 176804, 17799, 1800, 18000, 182154, 182843, 18386, 185795, 1860, 1879, 18941, 19015, 190499, 19071, 192033, 196409, 1965, 197838, 1988, 2003, 203289, 203593, 20373, 209297, 2112, 21161, 211889, 2122, 213, 2150, 218550, 2229, 224266, 224561, 226429, 226434, 232098, 2346, 23724, 237366, 23737, 23767, 238737, 23906, 243272, 243410, 24446, 24447, 24970, 2564, 25722, 26288, 264, 26595, 2672, 268, 2698, 27221, 27393, 274, 27953, 28343, 28353, 28933, 2935, 30, 30168, 3195, 3272, 32890, 3327, 3344, 33541, 34134, 35197, 354, 35452, 35567, 3615, 36563, 36895, 37, 37950, 38058, 38957, 39579, 39733, 3985, 4, 40513, 4058, 40719, 41011, 41084, 4185, 4258, 42597, 4264, 42643, 4290, 43, 43221, 4418, 46376, 46452, 46695, 4723, 4771, 4941, 5052, 50817, 5085, 514, 51450, 5146, 51469, 52611, 5267, 5353, 5410, 5525, 5610, 5693, 5714, 57776, 5796, 58397, 59564, 59835, 6, 6006, 6251, 6376, 6618, 66930, 6728, 68108, 684, 68414, 69927, 7006, 71277, 7150, 7272, 72964, 74171, 7420, 75679, 7688, 7781, 78562, 78791, 789, 79069, 7949, 7985, 81492, 83277, 844, 86807, 8681, 8894, 90586, 91615, 9340, 9378, 9420, 95579, 96052, 96499, 9730], "values": [0.10797119140625, 0.239013671875, 0.11846923828125, 0.0587158203125, 0.053955078125, 0.214111328125, 0.1512451171875, 0.039794921875, 0.059051513671875, 0.049102783203125, 0.12188720703125, 0.10693359375, 0.058837890625, 0.058319091796875, 0.0921630859375, 0.031402587890625, 0.03985595703125, 0.05462646484375, 0.05859375, 0.056243896484375, 0.0684814453125, 0.057769775390625, 0.09869384765625, 0.18017578125, 0.13818359375, 0.058807373046875, 0.060272216796875, 0.1553955078125, 0.1680908203125, 0.2244873046875, 0.058624267578125, 0.119140625, 0.0546875, 0.007213592529296875, 0.12213134765625, 0.012237548828125, 0.054595947265625, 0.1260986328125, 0.053009033203125, 0.0133056640625, 0.066650390625, 0.0601806640625, 0.08978271484375, 0.0589599609375, 0.05902099609375, 0.05902099609375, 0.059722900390625, 0.05877685546875, 0.200927734375, 0.055267333984375, 0.10797119140625, 0.1783447265625, 0.1878662109375, 0.058746337890625, 0.05645751953125, 0.05889892578125, 0.0758056640625, 0.1025390625, 0.029144287109375, 0.054901123046875, 0.218994140625, 0.150634765625, 0.08734130859375, 0.05450439453125, 0.1358642578125, 0.158447265625, 0.1099853515625, 0.18212890625, 0.058868408203125, 0.089111328125, 0.032562255859375, 0.0307464599609375, 0.1566162109375, 0.0400390625, 0.166748046875, 0.1734619140625, 0.059051513671875, 0.2052001953125, 0.0589599609375, 0.093505859375, 0.0484619140625, 0.259521484375, 0.13134765625, 0.04327392578125, 0.05877685546875, 0.095947265625, 0.040069580078125, 0.0010814666748046875, 0.058990478515625, 0.02667236328125, 0.04388427734375, 0.052581787109375, 0.19384765625, 0.1728515625, 0.06072998046875, 0.06719970703125, 0.04229736328125, 0.058807373046875, 0.22705078125, 0.048492431640625, 0.056365966796875, 0.11566162109375, 0.048187255859375, 0.043609619140625, 0.2030029296875, 0.1480712890625, 0.11669921875, 0.11260986328125, 0.059356689453125, 0.06219482421875, 0.035064697265625, 0.04241943359375, 0.054473876953125, 0.058837890625, 0.058807373046875, 0.058807373046875, 0.0533447265625, 0.05889892578125, 0.04217529296875, 0.059051513671875, 0.057037353515625, 0.092529296875, 0.058837890625, 0.1468505859375, 0.059051513671875, 0.058990478515625, 0.10675048828125, 0.046478271484375, 0.02142333984375, 0.057220458984375, 0.05877685546875, 0.1612548828125, 0.055328369140625, 0.05841064453125, 0.0709228515625, 0.058990478515625, 0.0574951171875, 0.0919189453125, 0.1170654296875, 0.056854248046875, 0.06121826171875, 0.059356689453125, 0.057098388671875, 0.058929443359375, 0.07476806640625, 0.0572509765625, 0.05572509765625, 0.0582275390625, 0.05908203125, 0.1905517578125, 0.05230712890625, 0.059112548828125, 0.103759765625, 0.059051513671875, 0.058990478515625, 0.057281494140625, 0.03759765625, 0.043701171875, 0.2354736328125, 0.05859375, 0.059051513671875, 0.055206298828125, 0.05633544921875, 0.213134765625, 0.058990478515625, 0.055389404296875, 0.058074951171875, 0.092529296875, 0.01113128662109375, 0.0584716796875, 0.03118896484375, 0.058990478515625, 0.058929443359375, 0.0589599609375, 0.053619384765625, 0.07305908203125, 0.031524658203125, 0.022064208984375, 0.019927978515625, 0.055816650390625, 0.056060791015625, 0.05712890625, 0.1376953125, 0.058563232421875, 0.034088134765625, 0.21240234375, 0.17626953125, 0.1453857421875, 0.058837890625, 0.05902099609375, 0.09832763671875, 0.039459228515625, 0.05877685546875, 0.04095458984375, 0.1624755859375, 0.129638671875, 0.02276611328125, 0.057586669921875, 0.288818359375, 0.053558349609375, 0.05902099609375, 0.132568359375, 0.055084228515625, 0.27978515625, 0.1895751953125, 0.051300048828125, 0.0814208984375, 0.036834716796875, 0.0816650390625, 0.052490234375, 0.058837890625, 0.137939453125, 0.0186920166015625, 0.057098388671875, 0.12091064453125, 0.059051513671875, 0.2164306640625, 0.0960693359375, 0.0589599609375, 0.08209228515625, 0.058746337890625, 0.039215087890625, 0.058929443359375, 0.28076171875, 0.049041748046875, 0.058746337890625, 0.0535888671875, 0.058807373046875, 0.1329345703125, 0.2069091796875, 0.05859375]}