{"indices": [10, 10018, 10119, 102546, 10294, 103332, 1034, 1036, 103957, 104, 1040, 105820, 10623, 106636, 10725, 107836, 108473, 108934, 111, 111213, 11140, 11158, 112282, 1128, 1130, 113289, 11391, 11572, 11608, 1173, 1189, 12, 12239, 123433, 123469, 126858, 1278, 1288, 13, 131595, 131675, 1317, 13182, 132, 1344, 13797, 138298, 1403, 14183, 144180, 147, 147916, 14841, 148823, 1493, 149309, 150313, 15036, 150533, 15071, 150739, 15246, 15276, 152961, 15362, 153955, 155059, 1562, 15635, 15657, 157000, 15770, 1580, 16, 160033, 160559, 162408, 16428, 16777, 170015, 170768, 171414, 17183, 17219, 177568, 178880, 18000, 182161, 185795, 18646, 18922, 19, 190, 19055, 19186, 192500, 19558, 198611, 1988, 201922, 20323, 204529, 206061, 20710, 21275, 213, 214374, 22087, 22409, 22435, 22553, 23060, 2308, 23204, 233, 236691, 23862, 23906, 2391, 243553, 24471, 245086, 245588, 2489, 2490, 24955, 25155, 2564, 2601, 26592, 2672, 272, 27201, 27246, 27765, 27825, 27992, 28226, 2830, 28343, 28723, 28745, 2961, 297, 3074, 31023, 3123, 3182, 31874, 32704, 3272, 32807, 3322, 3327, 33479, 34392, 34616, 34636, 3490, 35452, 357, 36115, 3624, 36563, 36762, 37, 3742, 3744, 37950, 3909, 39155, 39781, 4, 4058, 40719, 41011, 41294, 41436, 41740, 418, 42037, 4258, 42851, 43, 43095, 436, 43612, 43765, 4418, 4635, 465, 46759, 4723, 47691, 4828, 49519, 5, 5052, 5070, 5085, 5134, 514, 5353, 5364, 5410, 5443, 5477, 55737, 55960, 5610, 562, 5702, 5730, 5733, 57612, 5796, 581, 59297, 59345, 6, 605, 6167, 618, 63472, 63657, 63709, 64995, 6570, 6607, 661, 66277, 6633, 66891, 6710, 67296, 6746, 6778, 678, 6806, 68108, 683, 684, 68667, 70389, 70829, 71, 71277, 71835, 71932, 7200, 73068, 7337, 73421, 73714, 74, 7420, 7447, 75064, 7657, 78426, 8312, 844, 8481, 8488, 8588, 86925, 87377, 8836, 89059, 9, 9001, 9005, 90586, 9098, 91814, 9186, 92374, 9340, 9420, 95728, 96318, 9744, 9811, 98273, 9907, 9989], "values": [0.042816162109375, 0.1715087890625, 0.10736083984375, 0.0182342529296875, 0.004398345947265625, 0.0361328125, 0.0186614990234375, 0.04248046875, 0.04296875, 0.01226806640625, 0.042724609375, 0.0310211181640625, 0.0121307373046875, 0.148681640625, 0.039642333984375, 0.0396728515625, 0.136474609375, 0.04034423828125, 0.11431884765625, 0.1143798828125, 0.03765869140625, 0.1363525390625, 0.33447265625, 0.10699462890625, 0.04290771484375, 0.290771484375, 0.059295654296875, 0.119140625, 0.0830078125, 0.1328125, 0.052764892578125, 0.04266357421875, 0.156982421875, 0.0811767578125, 0.0280914306640625, 0.13232421875, 0.043121337890625, 0.171142578125, 0.04180908203125, 0.2115478515625, 0.07501220703125, 0.0418701171875, 0.1339111328125, 0.04229736328125, 0.0221099853515625, 0.031829833984375, 0.280517578125, 0.04034423828125, 0.141845703125, 0.0430908203125, 0.042449951171875, 0.2166748046875, 0.0882568359375, 0.03350830078125, 0.0411376953125, 0.0274200439453125, 0.097412109375, 0.110107421875, 0.1363525390625, 0.10858154296875, 0.0765380859375, 0.058807373046875, 0.09454345703125, 0.1280517578125, 0.12200927734375, 0.23291015625, 0.0399169921875, 0.04302978515625, 0.288818359375, 0.0037784576416015625, 0.034912109375, 0.030487060546875, 0.034942626953125, 0.04290771484375, 0.028472900390625, 0.144775390625, 0.210205078125, 0.0223846435546875, 0.07464599609375, 0.09344482421875, 0.056610107421875, 0.050201416015625, 0.04290771484375, 0.0265960693359375, 0.0333251953125, 0.147216796875, 0.12176513671875, 0.095458984375, 0.1334228515625, 0.129150390625, 0.134521484375, 0.0430908203125, 0.0765380859375, 0.13330078125, 0.06927490234375, 0.01776123046875, 0.09429931640625, 0.14599609375, 0.058380126953125, 0.0352783203125, 0.1097412109375, 0.04278564453125, 0.312255859375, 0.177978515625, 0.042877197265625, 0.04315185546875, 0.1688232421875, 0.03240966796875, 0.042938232421875, 0.07537841796875, 0.04248046875, 0.09906005859375, 0.042877197265625, 0.15673828125, 0.103759765625, 0.168701171875, 0.07965087890625, 0.058258056640625, 0.042388916015625, 0.117919921875, 0.09490966796875, 0.1370849609375, 0.18701171875, 0.02410888671875, 0.04278564453125, 0.1202392578125, 0.08837890625, 0.091796875, 0.041748046875, 0.01064300537109375, 0.040374755859375, 0.04241943359375, 0.04205322265625, 0.1602783203125, 0.00704193115234375, 0.019256591796875, 0.12371826171875, 0.0281829833984375, 0.2064208984375, 0.1539306640625, 0.11834716796875, 0.11505126953125, 0.03594970703125, 0.043182373046875, 0.06671142578125, 0.06158447265625, 0.0389404296875, 0.04254150390625, 0.17529296875, 0.0204620361328125, 0.042877197265625, 0.1502685546875, 0.042510986328125, 0.043121337890625, 0.04290771484375, 0.11822509765625, 0.039703369140625, 0.177734375, 0.08966064453125, 0.04034423828125, 0.038909912109375, 0.15283203125, 0.1824951171875, 0.11920166015625, 0.0965576171875, 0.042938232421875, 0.038177490234375, 0.033782958984375, 0.06036376953125, 0.10858154296875, 0.070068359375, 0.08282470703125, 0.04290771484375, 0.054534912109375, 0.04254150390625, 0.1419677734375, 0.09954833984375, 0.042022705078125, 0.0992431640625, 0.042633056640625, 0.0926513671875, 0.06988525390625, 0.1982421875, 0.043060302734375, 0.1492919921875, 0.055267333984375, 0.03289794921875, 0.049530029296875, 0.1246337890625, 0.08392333984375, 0.04296875, 0.039306640625, 0.0421142578125, 0.04290771484375, 0.031585693359375, 0.042449951171875, 0.04296875, 0.1597900390625, 0.04730224609375, 0.04254150390625, 0.03302001953125, 0.043121337890625, 0.025787353515625, 0.043182373046875, 0.16015625, 0.0982666015625, 0.042510986328125, 0.022125244140625, 0.0452880859375, 0.02783203125, 0.1024169921875, 0.11651611328125, 0.285400390625, 0.07000732421875, 0.0296630859375, 0.19580078125, 0.0019855499267578125, 0.032257080078125, 0.015045166015625, 0.043121337890625, 0.02178955078125, 0.042694091796875, 0.04217529296875, 0.1641845703125, 0.1346435546875, 0.0189666748046875, 0.130126953125, 0.08319091796875, 0.0214996337890625, 0.0054779052734375, 0.129638671875, 0.0300445556640625, 0.12408447265625, 0.1063232421875, 0.10736083984375, 0.00457000732421875, 0.042572021484375, 0.0423583984375, 0.07574462890625, 0.03485107421875, 0.042938232421875, 0.1134033203125, 0.033416748046875, 0.056488037109375, 0.025115966796875, 0.043060302734375, 0.1578369140625, 0.06280517578125, 0.18017578125, 0.0711669921875, 0.0236968994140625, 0.03948974609375, 0.031005859375, 0.0236663818359375, 0.04266357421875, 0.0423583984375, 0.0430908203125, 0.0291748046875, 0.048858642578125, 0.146728515625, 0.0465087890625, 0.04302978515625, 0.043212890625, 0.12298583984375, 0.1373291015625, 0.0899658203125, 0.06903076171875, 0.059173583984375, 0.0428466796875, 0.042877197265625, 0.0479736328125, 0.08074951171875, 0.130615234375, 0.09271240234375, 0.0186004638671875, 0.198974609375, 0.12841796875, 0.2318115234375, 0.042236328125, 0.057891845703125, 0.061614990234375, 0.0401611328125, 0.047149658203125, 0.10552978515625, 0.05889892578125, 0.042694091796875]}