{"indices": [101062, 101340, 102546, 10294, 10310, 1034, 1036, 10406, 104634, 10501, 10637, 1064, 107033, 10808, 109460, 1128, 112843, 11372, 11383, 1189, 119168, 11963, 12002, 12092, 12272, 123433, 123896, 12450, 12555, 1278, 12833, 1288, 129007, 13082, 132370, 132882, 133614, 13368, 1344, 13723, 137404, 139147, 1395, 139597, 141406, 142580, 14264, 143971, 145319, 147916, 149309, 1516, 152551, 15290, 15447, 154820, 15657, 15689, 157489, 15768, 1580, 1583, 1590, 17183, 1726, 177568, 180072, 186237, 186639, 1879, 1898, 190499, 192033, 19526, 1988, 198898, 20107, 203593, 20373, 206061, 21001, 2122, 21235, 212782, 213, 2229, 22605, 226881, 2283, 23128, 235991, 236691, 23767, 238842, 2391, 2458, 246934, 24914, 25094, 264, 26595, 2672, 274, 27825, 28245, 29328, 30, 3074, 31023, 3272, 33073, 3327, 3382, 34134, 34617, 35197, 35452, 35567, 36115, 3615, 36325, 37, 37866, 384, 38500, 397, 4, 40513, 4058, 42100, 4258, 427, 42709, 43, 4418, 4465, 45049, 4511, 4578, 47424, 4766, 47805, 4791, 48619, 4941, 4945, 49755, 5052, 5070, 5085, 51018, 51083, 5133, 514, 53174, 53399, 53438, 5364, 5410, 5412, 5477, 55960, 5714, 5796, 5838, 5841, 59297, 6, 605, 62193, 6269, 6545, 66719, 66891, 66930, 6710, 68108, 68414, 702, 70388, 71073, 71277, 72034, 7272, 72963, 72964, 73714, 74171, 78562, 78631, 79069, 7949, 7985, 81492, 8393, 844, 84705, 8585, 86030, 8827, 9, 90305, 91615, 91814, 9340, 94880, 95579, 96052, 96499, 9744, 97825, 97904], "values": [0.2421875, 0.0225067138671875, 0.0163421630859375, 0.1629638671875, 0.1600341796875, 0.0252685546875, 0.0253753662109375, 0.04632568359375, 0.08697509765625, 0.197509765625, 0.0233612060546875, 0.025360107421875, 0.0714111328125, 0.040252685546875, 0.025482177734375, 0.0253753662109375, 0.150146484375, 0.1993408203125, 0.0233612060546875, 0.033203125, 0.163818359375, 0.0228118896484375, 0.0254974365234375, 0.03924560546875, 0.0748291015625, 0.13623046875, 0.1915283203125, 0.025238037109375, 0.11669921875, 0.0253753662109375, 0.08538818359375, 0.025360107421875, 0.210205078125, 0.02532958984375, 0.09820556640625, 0.11004638671875, 0.075439453125, 0.031707763671875, 0.0252685546875, 0.064697265625, 0.022705078125, 0.134033203125, 0.0210723876953125, 0.025360107421875, 0.07977294921875, 0.08251953125, 0.021392822265625, 0.0241546630859375, 0.0037860870361328125, 0.1397705078125, 0.024566650390625, 0.02545166015625, 0.026641845703125, 0.0257415771484375, 0.0085601806640625, 0.2147216796875, 0.0237579345703125, 0.023040771484375, 0.099609375, 0.022796630859375, 0.0254974365234375, 0.01268768310546875, 0.057098388671875, 0.0252838134765625, 0.0252685546875, 0.004344940185546875, 0.1280517578125, 0.0836181640625, 0.14453125, 0.063720703125, 0.025390625, 0.01397705078125, 0.1065673828125, 0.0999755859375, 0.037017822265625, 0.00872039794921875, 0.043548583984375, 0.0254669189453125, 0.1678466796875, 0.17919921875, 0.1241455078125, 0.1597900390625, 0.04766845703125, 0.0229339599609375, 0.02532958984375, 0.059722900390625, 0.025390625, 0.07891845703125, 0.1444091796875, 0.0254058837890625, 0.01096343994140625, 0.0251617431640625, 0.0259246826171875, 0.042327880859375, 0.08233642578125, 0.025299072265625, 0.16015625, 0.1622314453125, 0.11865234375, 0.025238037109375, 0.0254364013671875, 0.0251007080078125, 0.02545166015625, 0.08709716796875, 0.10687255859375, 0.0239105224609375, 0.0253448486328125, 0.02532958984375, 0.148193359375, 0.025390625, 0.075439453125, 0.0253448486328125, 0.04498291015625, 0.0212554931640625, 0.1678466796875, 0.006221771240234375, 0.02423095703125, 0.0701904296875, 0.131103515625, 0.15185546875, 0.0210418701171875, 0.0253753662109375, 0.1429443359375, 0.02496337890625, 0.025390625, 0.085205078125, 0.025390625, 0.1322021484375, 0.02410888671875, 0.01708984375, 0.02532958984375, 0.05841064453125, 0.01849365234375, 0.025421142578125, 0.06549072265625, 0.153076171875, 0.07452392578125, 0.0252532958984375, 0.0235595703125, 0.039154052734375, 0.0253753662109375, 0.0709228515625, 0.0243682861328125, 0.068603515625, 0.0179443359375, 0.00385284423828125, 0.06866455078125, 0.07574462890625, 0.02294921875, 0.0308380126953125, 0.024993896484375, 0.04736328125, 0.025482177734375, 0.025421142578125, 0.08953857421875, 0.1527099609375, 0.1300048828125, 0.08258056640625, 0.049407958984375, 0.04962158203125, 0.1722412109375, 0.06903076171875, 0.001728057861328125, 0.09954833984375, 0.1121826171875, 0.0872802734375, 0.056915283203125, 0.0253753662109375, 0.026763916015625, 0.0143280029296875, 0.00945281982421875, 0.0546875, 0.0780029296875, 0.2076416015625, 0.0160064697265625, 0.1470947265625, 0.157958984375, 0.206298828125, 0.05450439453125, 0.07781982421875, 0.023651123046875, 0.2186279296875, 0.03778076171875, 0.1981201171875, 0.080322265625, 0.146728515625, 0.01873779296875, 0.1583251953125, 0.031280517578125, 0.1539306640625, 0.025299072265625, 0.03179931640625, 0.024749755859375, 0.1787109375, 0.06304931640625, 0.0253753662109375, 0.0599365234375, 0.0877685546875, 0.02581787109375, 0.0248260498046875, 0.025115966796875, 0.102783203125, 0.2119140625, 0.050048828125, 0.137939453125, 0.0318603515625, 0.0244293212890625, 0.024169921875, 0.311767578125, 0.019378662109375, 0.025543212890625, 0.1767578125]}