{"indices": [100135, 100624, 100806, 10109, 101523, 101565, 10294, 103055, 1050, 105596, 105740, 106636, 10725, 10736, 10837, 10898, 112737, 113289, 114493, 1147, 114735, 117878, 1189, 121537, 123433, 12422, 125012, 125994, 128758, 1288, 13046, 131595, 133704, 13494, 135018, 135564, 136229, 137747, 140283, 144064, 14849, 149309, 150313, 15373, 15478, 157623, 160935, 16328, 167037, 167564, 168480, 170768, 17619, 18000, 180472, 18111, 18187, 182154, 184521, 185795, 185908, 18628, 189574, 190, 190499, 1971, 198461, 199353, 19958, 1998, 20128, 20146, 206061, 218922, 22065, 22479, 226881, 231480, 23204, 235121, 23737, 240885, 2438, 2458, 24925, 249696, 25572, 26756, 28323, 28343, 28406, 28717, 30477, 30832, 3169, 33536, 34344, 34635, 354, 36563, 3694, 37, 3759, 37866, 38821, 39155, 39453, 41011, 41247, 4150, 41740, 42037, 4290, 4511, 4633, 46473, 49053, 49125, 49131, 49755, 5032, 5052, 5070, 51006, 51271, 514, 5312, 5370, 5411, 56356, 56926, 59384, 59470, 6, 6197, 63941, 68108, 6986, 7048, 71698, 72034, 724, 7355, 7420, 75277, 757, 758, 7688, 7739, 7949, 79921, 8042, 81337, 81855, 8312, 8315, 8316, 844, 8488, 87669, 87673, 9005, 9075, 91615, 93085, 9340, 9420, 9426, 94880, 99965], "values": [0.07489013671875, 0.0247650146484375, 0.0816650390625, 0.09075927734375, 0.09661865234375, 0.1875, 0.192626953125, 0.134765625, 0.007083892822265625, 0.002132415771484375, 0.124267578125, 0.0927734375, 0.11572265625, 0.0927734375, 0.06304931640625, 0.065185546875, 0.10406494140625, 0.2230224609375, 0.04595947265625, 0.046234130859375, 0.1217041015625, 0.0120391845703125, 0.00479888916015625, 0.135986328125, 0.1527099609375, 0.091552734375, 0.1534423828125, 5.3882598876953125e-05, 0.1119384765625, 0.06707763671875, 0.083251953125, 0.281494140625, 0.078369140625, 0.035400390625, 0.1407470703125, 0.11260986328125, 0.047698974609375, 0.00605010986328125, 0.00624847412109375, 0.1412353515625, 0.12432861328125, 0.186767578125, 0.06524658203125, 0.00714111328125, 0.15966796875, 0.21484375, 0.0673828125, 0.06866455078125, 0.171630859375, 0.084228515625, 0.0111846923828125, 0.1290283203125, 0.07550048828125, 0.03912353515625, 0.09912109375, 0.09234619140625, 0.09722900390625, 0.190185546875, 0.1407470703125, 0.07342529296875, 0.046875, 0.10406494140625, 0.159912109375, 0.2152099609375, 0.1866455078125, 0.13916015625, 0.0740966796875, 0.0254669189453125, 0.11077880859375, 0.1888427734375, 0.036773681640625, 0.1405029296875, 0.3330078125, 0.11053466796875, 0.0601806640625, 0.08221435546875, 0.07501220703125, 0.06939697265625, 0.0023937225341796875, 0.1915283203125, 0.1536865234375, 0.1292724609375, 0.045440673828125, 0.17919921875, 0.11004638671875, 0.034698486328125, 0.0006418228149414062, 0.0946044921875, 0.01434326171875, 0.144287109375, 0.1072998046875, 0.119140625, 0.125732421875, 0.0953369140625, 0.1058349609375, 0.0882568359375, 0.04852294921875, 0.008392333984375, 0.0083770751953125, 0.063232421875, 0.05023193359375, 0.00493621826171875, 0.1168212890625, 0.09442138671875, 0.0244140625, 0.007457733154296875, 0.1627197265625, 0.1844482421875, 0.005344390869140625, 0.03857421875, 0.05987548828125, 0.029022216796875, 0.01102447509765625, 0.0163116455078125, 0.0011653900146484375, 0.1973876953125, 0.06787109375, 0.146728515625, 0.0034275054931640625, 0.0938720703125, 0.049560546875, 0.183837890625, 0.053863525390625, 0.1021728515625, 0.0733642578125, 0.0465087890625, 0.10400390625, 0.08258056640625, 0.132568359375, 0.1400146484375, 0.07733154296875, 0.1441650390625, 0.088134765625, 0.01329803466796875, 0.0196380615234375, 0.10833740234375, 0.028411865234375, 0.0810546875, 0.01471710205078125, 0.12939453125, 0.03338623046875, 0.207763671875, 0.17724609375, 0.10150146484375, 0.00144195556640625, 0.0013513565063476562, 0.2169189453125, 0.08465576171875, 0.07861328125, 0.04388427734375, 0.1060791015625, 0.001926422119140625, 0.1328125, 0.0772705078125, 0.19140625, 0.0078582763671875, 0.14501953125, 0.0163116455078125, 0.05157470703125, 0.154296875, 0.155517578125, 0.1319580078125, 0.10614013671875, 0.1719970703125, 0.1158447265625, 0.1300048828125, 0.1409912109375, 0.107177734375, 0.048492431640625, 0.0609130859375]}