{"indices": [100296, 101565, 10161, 102131, 10294, 1034, 1036, 103957, 10501, 10502, 10637, 1064, 106636, 10736, 108473, 10898, 109227, 109744, 1102, 110313, 11142, 1128, 1130, 11391, 11608, 1173, 11818, 1189, 11933, 12002, 12092, 121318, 124110, 12454, 125389, 12555, 12752, 1278, 12833, 1288, 12906, 1317, 132, 133614, 134487, 139147, 14183, 142580, 1441, 145111, 146013, 14641, 146563, 1493, 1516, 152551, 15256, 15396, 15478, 154820, 156502, 1589, 159864, 16, 16394, 16395, 167026, 168171, 1690, 17183, 171938, 1726, 175830, 17619, 17676, 177702, 182154, 182843, 18350, 185795, 188302, 194348, 194801, 196409, 1965, 19699, 197533, 197838, 1988, 20146, 203289, 203593, 20373, 21001, 210897, 2110, 212782, 213, 22004, 2229, 224561, 226160, 2283, 230531, 23128, 23398, 23767, 23862, 23978, 2413, 24584, 246934, 24914, 25086, 2575, 2621, 26214, 264, 26595, 2672, 26871, 27065, 27393, 27415, 28245, 30, 30168, 30477, 30530, 31023, 3272, 3344, 33542, 3382, 354, 35567, 36325, 36474, 3759, 3779, 37866, 37957, 38831, 39155, 39687, 4, 4016, 40513, 40806, 41436, 418, 4233, 4258, 42643, 4290, 43, 43631, 4418, 4465, 4511, 45945, 4622, 46376, 4766, 4791, 5001, 5052, 5133, 51505, 5226, 52611, 53399, 53400, 5477, 54867, 56604, 5714, 57175, 57239, 5796, 57960, 5838, 6, 61133, 6167, 62532, 62736, 6335, 6376, 6442, 6518, 66277, 6635, 66930, 67828, 68667, 6959, 6966, 70388, 71277, 7150, 72327, 7252, 7272, 72963, 7368, 7382, 74171, 75195, 75627, 79337, 7977, 79879, 80098, 80492, 8312, 8539, 8585, 86807, 886, 90944, 91615, 9420, 96499, 9730, 9744, 98106, 99328, 9989], "values": [0.0400390625, 0.0031108856201171875, 0.041290283203125, 0.006031036376953125, 0.188720703125, 0.012115478515625, 0.01194000244140625, 0.012603759765625, 0.10992431640625, 0.0848388671875, 0.0118255615234375, 0.0136871337890625, 0.0079803466796875, 0.008636474609375, 0.09478759765625, 0.036895751953125, 0.09393310546875, 0.018341064453125, 0.01007843017578125, 0.0121307373046875, 0.0119171142578125, 0.07281494140625, 0.0120086669921875, 0.0120697021484375, 0.00884246826171875, 0.0203094482421875, 0.0120391845703125, 0.0121917724609375, 0.012847900390625, 0.01285552978515625, 0.01482391357421875, 0.09814453125, 0.0667724609375, 0.00763702392578125, 0.109619140625, 0.03466796875, 0.012054443359375, 0.01210784912109375, 0.1455078125, 0.0132598876953125, 0.01255035400390625, 0.0120391845703125, 0.00957489013671875, 0.08380126953125, 0.01200103759765625, 0.1705322265625, 0.0016202926635742188, 0.046905517578125, 0.0207977294921875, 0.03179931640625, 0.03179931640625, 0.03668212890625, 0.1136474609375, 0.01239013671875, 0.11248779296875, 0.11376953125, 0.0064544677734375, 0.206298828125, 0.12017822265625, 0.17138671875, 0.16357421875, 0.012054443359375, 0.131591796875, 0.0121307373046875, 0.01212310791015625, 0.010223388671875, 0.01229095458984375, 0.17724609375, 0.047576904296875, 0.037109375, 0.0104827880859375, 0.0003864765167236328, 0.1273193359375, 0.03338623046875, 0.0228729248046875, 0.05780029296875, 0.18310546875, 0.1524658203125, 0.00914764404296875, 0.048919677734375, 0.015869140625, 0.11260986328125, 0.06781005859375, 0.1956787109375, 0.012359619140625, 0.0714111328125, 0.006988525390625, 0.1605224609375, 0.0123443603515625, 0.0804443359375, 0.1075439453125, 0.09259033203125, 0.19091796875, 0.239990234375, 0.14453125, 0.0120086669921875, 0.0009412765502929688, 0.01209259033203125, 0.0087738037109375, 0.01200103759765625, 0.10443115234375, 0.2021484375, 0.10858154296875, 0.0053863525390625, 0.038177490234375, 0.01192474365234375, 0.1109619140625, 0.0254058837890625, 0.08392333984375, 0.01381683349609375, 0.08184814453125, 0.287353515625, 0.2191162109375, 0.073974609375, 0.1448974609375, 0.1370849609375, 0.09356689453125, 0.0175933837890625, 0.04388427734375, 0.0120849609375, 0.0174713134765625, 0.006404876708984375, 0.08648681640625, 0.006534576416015625, 0.10455322265625, 0.01410675048828125, 0.0704345703125, 0.11102294921875, 0.0745849609375, 0.0386962890625, 0.01203155517578125, 0.01528167724609375, 0.082763671875, 0.01319122314453125, 0.012115478515625, 0.1627197265625, 0.052001953125, 0.0694580078125, 0.1307373046875, 0.01207733154296875, 0.1041259765625, 0.011962890625, 0.08245849609375, 0.0292205810546875, 0.036041259765625, 0.0226287841796875, 0.0908203125, 0.1705322265625, 0.06915283203125, 0.01308441162109375, 0.01163482666015625, 0.0121002197265625, 0.0257568359375, 0.112060546875, 0.0118865966796875, 0.012115478515625, 0.12188720703125, 0.09033203125, 0.01236724853515625, 0.013916015625, 0.01251983642578125, 0.048675537109375, 0.212646484375, 0.0139007568359375, 0.01204681396484375, 0.012054443359375, 0.09735107421875, 0.01197052001953125, 0.02593994140625, 0.01259613037109375, 0.01161956787109375, 0.01277923583984375, 0.1466064453125, 0.12176513671875, 0.03143310546875, 0.00951385498046875, 0.0118560791015625, 0.06768798828125, 0.1739501953125, 0.17431640625, 0.061492919921875, 0.11077880859375, 0.0506591796875, 0.01157379150390625, 0.01129150390625, 0.00426483154296875, 0.01076507568359375, 0.0123291015625, 0.01203155517578125, 0.014129638671875, 0.0120086669921875, 0.0286102294921875, 0.01202392578125, 0.13720703125, 0.11236572265625, 0.0123291015625, 0.132080078125, 0.015838623046875, 0.1724853515625, 0.25390625, 0.009796142578125, 0.053924560546875, 0.2032470703125, 0.2125244140625, 0.133544921875, 0.007450103759765625, 0.01059722900390625, 0.1561279296875, 0.00872802734375, 0.060943603515625, 0.039031982421875, 0.01201629638671875, 0.059539794921875, 0.12249755859375, 0.0117645263671875, 0.09686279296875, 0.00708770751953125, 0.116455078125, 0.11895751953125, 0.036376953125, 0.1126708984375, 0.13818359375, 0.03369140625, 0.142333984375, 0.07952880859375, 0.1060791015625, 0.0384521484375, 0.11767578125, 0.01273345947265625]}