{"indices": [10018, 10043, 100750, 101062, 10132, 102131, 10294, 1036, 104634, 10501, 1064, 106636, 10808, 108640, 10956, 11140, 11173, 112737, 1130, 1147, 117193, 1173, 11763, 1189, 1198, 12092, 125190, 12555, 12568, 12658, 1273, 1288, 129007, 13160, 132370, 13244, 13330, 133506, 135018, 139147, 1403, 14183, 1441, 147916, 149238, 1493, 152538, 15256, 15290, 1548, 154820, 15577, 15635, 1589, 15892, 16390, 17219, 1726, 17900, 17989, 18000, 18317, 18399, 185795, 185814, 18624, 18628, 186846, 187201, 188302, 1898, 19015, 19065, 19186, 1955, 196017, 1988, 198898, 2003, 20128, 205176, 206061, 20898, 209, 21001, 212568, 213, 21490, 2150, 221262, 22243, 2229, 22566, 226881, 2283, 23128, 23724, 23737, 2391, 2396, 243410, 24446, 2458, 24925, 2525, 25621, 25722, 264, 2672, 2698, 27393, 2745, 27825, 27953, 28245, 28343, 2996, 3074, 30792, 31149, 3123, 32283, 3272, 3327, 3382, 34582, 34617, 35197, 3615, 36247, 36595, 37, 37866, 37950, 3846, 3856, 39579, 4, 4058, 40804, 41011, 42298, 4258, 42643, 4290, 43, 43565, 4418, 4465, 45547, 4742, 47805, 483, 48619, 4941, 4945, 49755, 50291, 5032, 5052, 5070, 5085, 5100, 514, 5146, 53174, 5392, 5410, 5412, 5477, 575, 5796, 5838, 58397, 5841, 58880, 5958, 6, 62029, 64577, 6545, 6607, 66891, 66930, 6710, 6751, 68108, 684, 68414, 70051, 71277, 72034, 7272, 73714, 79069, 79337, 80397, 81443, 8173, 82638, 82929, 8312, 8315, 8393, 844, 8488, 85811, 8585, 89136, 9, 91615, 955, 9636, 96499, 9788, 97904, 99278, 9989, 99965], "values": [0.1175537109375, 0.1549072265625, 0.10430908203125, 0.2359619140625, 0.043670654296875, 0.0171661376953125, 0.107421875, 0.01983642578125, 0.11102294921875, 0.1949462890625, 0.020904541015625, 0.12457275390625, 0.0535888671875, 0.00997161865234375, 0.0187530517578125, 0.134765625, 0.052093505859375, 0.08544921875, 0.0205841064453125, 0.0194854736328125, 0.00597381591796875, 0.0211029052734375, 0.020843505859375, 0.0204925537109375, 0.00623321533203125, 0.052154541015625, 0.136962890625, 0.07501220703125, 0.01910400390625, 0.0127410888671875, 0.013946533203125, 0.0941162109375, 0.0631103515625, 0.00873565673828125, 0.090087890625, 0.11505126953125, 0.0286712646484375, 0.007808685302734375, 0.1217041015625, 0.09869384765625, 0.062408447265625, 0.10540771484375, 0.0323486328125, 0.2314453125, 0.1097412109375, 0.020904541015625, 0.2452392578125, 0.01129913330078125, 0.100341796875, 0.0195770263671875, 0.245849609375, 0.0731201171875, 0.018890380859375, 0.0211334228515625, 0.0208587646484375, 0.041656494140625, 0.021087646484375, 0.0163421630859375, 0.0010738372802734375, 0.00528717041015625, 0.01788330078125, 0.049774169921875, 0.144775390625, 0.1492919921875, 0.15869140625, 0.022003173828125, 0.00440216064453125, 0.019287109375, 0.1533203125, 0.03076171875, 0.0211029052734375, 0.007843017578125, 0.019287109375, 0.0560302734375, 0.0120086669921875, 0.0191192626953125, 0.020751953125, 0.1949462890625, 0.01995849609375, 0.0867919921875, 0.1329345703125, 0.1611328125, 0.0304718017578125, 0.06634521484375, 0.156982421875, 0.05029296875, 0.0211944580078125, 0.0306549072265625, 0.0207977294921875, 0.114013671875, 0.07391357421875, 0.0211334228515625, 0.022979736328125, 0.0258941650390625, 0.160400390625, 0.15625, 0.156982421875, 0.0204315185546875, 0.019805908203125, 0.1563720703125, 0.1456298828125, 0.08245849609375, 0.122314453125, 0.01549530029296875, 6.866455078125e-05, 0.062255859375, 0.0209197998046875, 0.020599365234375, 0.0193328857421875, 0.0826416015625, 0.16650390625, 0.01277923583984375, 0.1446533203125, 0.02117919921875, 0.1217041015625, 0.071533203125, 0.10052490234375, 0.021148681640625, 0.2119140625, 0.1343994140625, 0.0191497802734375, 0.035125732421875, 0.06121826171875, 0.0210418701171875, 0.0552978515625, 0.0142669677734375, 0.154541015625, 0.0750732421875, 0.087646484375, 0.0177459716796875, 0.034149169921875, 0.021240234375, 0.09747314453125, 0.062744140625, 0.0212249755859375, 0.04107666015625, 0.02056884765625, 0.0211181640625, 0.0830078125, 0.01512908935546875, 0.07049560546875, 0.0161285400390625, 0.09490966796875, 0.10150146484375, 0.0157012939453125, 0.0211944580078125, 0.058380126953125, 0.06982421875, 0.1368408203125, 0.004764556884765625, 0.053955078125, 0.11749267578125, 0.01190948486328125, 0.08428955078125, 0.016998291015625, 0.00897216796875, 0.03717041015625, 0.10980224609375, 0.0689697265625, 0.09161376953125, 0.1021728515625, 0.0212860107421875, 0.08642578125, 0.0211944580078125, 0.0207672119140625, 0.08245849609375, 0.1134033203125, 0.019561767578125, 0.0579833984375, 0.0208740234375, 0.021209716796875, 0.102783203125, 0.21826171875, 0.1240234375, 0.08001708984375, 0.02093505859375, 0.07781982421875, 0.0210723876953125, 0.03143310546875, 0.01187896728515625, 0.01763916015625, 0.020538330078125, 0.10235595703125, 0.17724609375, 0.0906982421875, 0.05963134765625, 0.026153564453125, 0.0194549560546875, 0.21630859375, 0.12335205078125, 0.154052734375, 0.00815582275390625, 0.2203369140625, 0.022918701171875, 0.128662109375, 0.03900146484375, 0.09930419921875, 0.02069091796875, 0.02117919921875, 0.1331787109375, 0.1453857421875, 0.0555419921875, 0.0208892822265625, 0.0469970703125, 0.020904541015625, 0.08636474609375, 0.00676727294921875, 0.0843505859375, 0.0210723876953125, 0.0133819580078125, 0.206787109375, 0.0209197998046875, 0.009674072265625, 0.1796875, 0.06298828125, 0.13037109375, 0.2396240234375, 0.0208740234375, 0.141357421875]}