{"indices": [10433, 10776, 108975, 110, 111, 11814, 120332, 124416, 12478, 126826, 13, 136, 13806, 141591, 144000, 145951, 149, 149307, 15044, 15122, 15573, 156856, 162471, 166220, 172482, 1733, 189173, 19, 191619, 193943, 193984, 197118, 212423, 214, 219, 23, 234873, 237, 23718, 238478, 2408, 26073, 26171, 27771, 28032, 297, 29823, 30388, 3075, 32087, 3293, 33, 33180, 33816, 36716, 3674, 375, 3956, 4, 44188, 456, 4677, 47, 48242, 50478, 51515, 52295, 5337, 538, 55111, 552, 56206, 56458, 57849, 58055, 581, 58994, 592, 6, 6024, 61689, 621, 6275, 62816, 63284, 65998, 660, 6626, 66801, 69988, 7, 70, 73, 74644, 76615, 77007, 77758, 8, 80234, 81900, 83, 83629, 87758, 8961, 9, 96391, 964, 98441], "values": [0.161865234375, 0.1920166015625, 0.1871337890625, 0.110107421875, 0.0389404296875, 0.04229736328125, 0.13330078125, 0.2242431640625, 0.0518798828125, 0.091552734375, 0.146240234375, 0.037261962890625, 0.043426513671875, 0.0897216796875, 0.257080078125, 0.2481689453125, 0.161865234375, 0.1634521484375, 0.0068359375, 0.085693359375, 0.0305023193359375, 0.1827392578125, 0.175537109375, 0.15087890625, 0.1400146484375, 0.1865234375, 0.1712646484375, 0.038482666015625, 0.1632080078125, 0.25439453125, 0.034454345703125, 0.2138671875, 0.09088134765625, 0.039581298828125, 0.0391845703125, 0.03887939453125, 0.271240234375, 0.1448974609375, 0.170166015625, 0.28564453125, 0.039215087890625, 0.291259765625, 0.1708984375, 0.039093017578125, 0.0753173828125, 0.03924560546875, 0.10870361328125, 0.260009765625, 0.09735107421875, 0.09796142578125, 0.02166748046875, 0.039703369140625, 0.1553955078125, 0.140625, 0.14697265625, 0.039154052734375, 0.0198516845703125, 0.1072998046875, 0.03875732421875, 0.1494140625, 0.176513671875, 0.1156005859375, 0.036712646484375, 0.0262451171875, 0.161865234375, 0.11419677734375, 0.1630859375, 0.184326171875, 0.03924560546875, 0.202880859375, 0.0931396484375, 0.157470703125, 0.1619873046875, 0.1558837890625, 0.08770751953125, 0.0137481689453125, 0.126220703125, 0.031585693359375, 0.03863525390625, 0.158447265625, 0.12744140625, 0.038909912109375, 0.058624267578125, 0.134033203125, 0.060516357421875, 0.1705322265625, 0.12225341796875, 0.11114501953125, 0.1253662109375, 0.244873046875, 0.06488037109375, 0.0391845703125, 0.038421630859375, 0.1619873046875, 0.14892578125, 0.1337890625, 0.1802978515625, 0.09619140625, 0.1971435546875, 0.143798828125, 0.031707763671875, 0.157958984375, 0.1546630859375, 0.15771484375, 0.03887939453125, 0.1749267578125, 0.0863037109375, 0.1968994140625]}