{"indices": [10294, 10310, 10406, 107033, 11372, 116591, 120883, 12833, 153, 15373, 154820, 20373, 209, 2122, 2391, 25094, 27393, 31023, 31157, 34513, 41187, 423, 4258, 427, 43, 4418, 5, 53399, 543, 5477, 5525, 5796, 59811, 6, 6062, 611, 615, 616, 6545, 68107, 68108, 70147, 71277, 7272, 74171, 7949, 8105, 8488, 85255, 86764, 88125, 91615, 952, 953, 96499, 96561, 97109], "values": [0.148193359375, 0.1553955078125, 0.1221923828125, 0.15771484375, 0.1258544921875, 0.06988525390625, 0.029296875, 0.034698486328125, 0.0019207000732421875, 0.0665283203125, 0.2041015625, 0.15625, 0.12030029296875, 0.1143798828125, 0.06890869140625, 0.145751953125, 0.09222412109375, 0.1510009765625, 0.01275634765625, 0.11322021484375, 0.0838623046875, 0.063720703125, 0.03466796875, 0.076171875, 0.0186767578125, 0.2178955078125, 0.01514434814453125, 0.1710205078125, 0.062042236328125, 0.148681640625, 0.056488037109375, 0.11376953125, 0.0882568359375, 0.0589599609375, 0.10174560546875, 0.0592041015625, 0.06280517578125, 0.08929443359375, 0.144287109375, 0.040924072265625, 0.11712646484375, 0.035858154296875, 0.1614990234375, 0.1851806640625, 0.1405029296875, 0.033660888671875, 0.1446533203125, 0.062286376953125, 0.0765380859375, 0.0153961181640625, 0.08087158203125, 0.167236328125, 0.05560302734375, 0.041015625, 0.2178955078125, 0.01352691650390625, 0.201904296875]}