{"indices": [100281, 10294, 1039, 10501, 10502, 105740, 106636, 106638, 10725, 10898, 10991, 1102, 11140, 112535, 112737, 1130, 113289, 11366, 114735, 11888, 1189, 120114, 12183, 12272, 12465, 125190, 12752, 128758, 1288, 131595, 132, 1375, 138586, 14072, 14196, 144064, 149238, 149309, 150313, 15290, 152961, 15478, 15577, 156732, 157881, 15895, 16028, 162976, 16687, 167037, 17178, 174160, 179219, 1826, 184529, 18947, 1898, 190499, 193956, 194348, 19828, 20128, 205892, 206061, 213, 221262, 226881, 22820, 23536, 23862, 243871, 244356, 245007, 245360, 25278, 2615, 2621, 2657, 26592, 268, 27644, 28226, 2830, 28675, 28717, 2947, 3272, 334, 33536, 34344, 35114, 37, 3715, 3759, 3779, 37963, 3846, 39453, 3954, 39687, 39781, 4, 41011, 41084, 41284, 41632, 43, 43565, 4418, 45270, 45425, 4723, 47805, 49053, 49125, 5052, 5133, 5143, 5312, 5370, 5412, 5428, 55960, 56356, 56544, 5714, 5796, 5838, 58880, 59660, 6, 6006, 62193, 6269, 6335, 6442, 65085, 65251, 66277, 68108, 6986, 7051, 71839, 724, 7420, 7452, 7499, 758, 77212, 7847, 7949, 80196, 81607, 8205, 83548, 8488, 8553, 86753, 90305, 910, 9426, 966, 9730, 9788], "values": [0.1385498046875, 0.09271240234375, 0.0284423828125, 0.16455078125, 0.004261016845703125, 0.1605224609375, 0.1734619140625, 0.10479736328125, 0.041748046875, 0.1190185546875, 0.0192718505859375, 0.0014295578002929688, 0.053192138671875, 0.032867431640625, 0.1917724609375, 0.01898193359375, 0.061279296875, 0.07855224609375, 0.178466796875, 0.0283050537109375, 0.0231475830078125, 0.029754638671875, 0.0147247314453125, 0.083740234375, 0.00501251220703125, 0.1822509765625, 0.0188140869140625, 0.045684814453125, 0.055938720703125, 0.236328125, 0.0188446044921875, 0.00424957275390625, 0.11773681640625, 0.00021779537200927734, 0.057098388671875, 0.2413330078125, 0.1087646484375, 0.1517333984375, 0.0966796875, 0.055389404296875, 0.10235595703125, 0.0804443359375, 0.1246337890625, 0.16357421875, 0.0260467529296875, 0.03240966796875, 0.00754547119140625, 0.05792236328125, 0.0076904296875, 0.1744384765625, 0.0190277099609375, 0.1572265625, 0.01053619384765625, 0.0184326171875, 0.08087158203125, 0.06298828125, 0.10345458984375, 0.0816650390625, 0.2061767578125, 0.034423828125, 0.0164337158203125, 0.04083251953125, 0.0243072509765625, 0.26171875, 0.018890380859375, 0.1575927734375, 0.03717041015625, 0.00846099853515625, 0.0616455078125, 0.072021484375, 0.09088134765625, 0.148193359375, 0.07598876953125, 0.0943603515625, 0.08123779296875, 0.09747314453125, 0.0189361572265625, 0.0186309814453125, 0.055633544921875, 0.0190582275390625, 0.052703857421875, 0.0132598876953125, 0.0257568359375, 0.03900146484375, 0.0038547515869140625, 0.0182647705078125, 0.1373291015625, 0.04229736328125, 0.1490478515625, 0.1324462890625, 0.165283203125, 0.0186004638671875, 0.1026611328125, 0.025604248046875, 0.0188140869140625, 0.032806396484375, 0.0238800048828125, 0.22265625, 0.0188446044921875, 0.07342529296875, 0.1661376953125, 0.0189361572265625, 0.1416015625, 0.018951416015625, 0.1331787109375, 0.10504150390625, 0.019134521484375, 0.08984375, 0.0927734375, 0.0723876953125, 0.09002685546875, 0.1539306640625, 0.0457763671875, 0.0699462890625, 0.2301025390625, 0.13232421875, 0.111328125, 0.0767822265625, 0.05731201171875, 0.129638671875, 0.049896240234375, 0.014404296875, 0.1458740234375, 0.1859130859375, 0.1107177734375, 0.056854248046875, 0.057647705078125, 0.084228515625, 0.22216796875, 0.1505126953125, 0.0188140869140625, 0.032867431640625, 0.1165771484375, 0.02734375, 0.039276123046875, 0.052520751953125, 0.08905029296875, 0.12493896484375, 0.0726318359375, 0.0244598388671875, 0.11541748046875, 0.0182952880859375, 0.0667724609375, 0.149169921875, 0.073486328125, 0.06903076171875, 0.07183837890625, 0.1602783203125, 0.11248779296875, 0.106201171875, 0.10302734375, 0.09234619140625, 0.09625244140625, 0.08282470703125, 0.033905029296875, 0.0921630859375, 0.08099365234375, 0.1419677734375, 0.1427001953125, 0.105224609375, 0.1226806640625, 0.0188446044921875, 0.096435546875, 0.10211181640625]}