{"indices": [10018, 100243, 100296, 10111, 10294, 1034, 1036, 10406, 104634, 10637, 1064, 106636, 106638, 10725, 10808, 10837, 1107, 110810, 112843, 1130, 1173, 11933, 11963, 11991, 12092, 12122, 12174, 12187, 125389, 125744, 1278, 12833, 1288, 13052, 132370, 133614, 13465, 13494, 137404, 1381, 14183, 1438, 1441, 144790, 145223, 14641, 147916, 149238, 151404, 1516, 15160, 15256, 15290, 15373, 15447, 154820, 15635, 156502, 157016, 1583, 159144, 160559, 160813, 16394, 165497, 16623, 17085, 17183, 1726, 173490, 17900, 18000, 182843, 182884, 18317, 1842, 185795, 185908, 1860, 1898, 19015, 19071, 192033, 192469, 19526, 1965, 19759, 1988, 203289, 203593, 20373, 20499, 21001, 2122, 213, 218550, 22965, 2308, 231494, 232098, 232620, 235991, 236691, 2391, 245931, 246934, 247, 24925, 25094, 25638, 2621, 264, 26756, 268, 26811, 27221, 27299, 274, 29328, 2961, 29951, 30471, 3074, 31023, 3148, 31772, 3195, 3272, 33145, 33272, 33541, 33929, 34134, 35452, 35567, 36115, 36325, 36542, 36551, 36570, 36626, 38192, 384, 39687, 4, 40513, 41436, 4258, 43, 4379, 4418, 4511, 45151, 4578, 46253, 46396, 46523, 4791, 487, 49053, 4941, 4945, 49789, 49877, 5052, 51083, 514, 51450, 53174, 53399, 5412, 5477, 5610, 562, 56431, 56699, 57175, 575, 5796, 57960, 6, 6062, 61936, 62029, 6269, 6370, 6376, 647, 64995, 6529, 66277, 66930, 68108, 683, 6895, 6966, 70388, 71073, 71277, 7165, 7252, 7272, 72963, 7408, 74171, 75533, 75829, 7744, 789, 7949, 8312, 839, 8393, 8585, 86030, 886, 8943, 89595, 9, 9021, 9075, 90873, 9127, 91615, 9200, 92455, 9267, 94880, 96075, 9636, 96499, 97904, 98771, 99278], "values": [0.10369873046875, 0.10205078125, 0.0274505615234375, 0.1651611328125, 0.2069091796875, 0.0159912109375, 0.03631591796875, 0.09979248046875, 0.10797119140625, 0.07977294921875, 0.036529541015625, 0.1295166015625, 0.11199951171875, 0.020721435546875, 0.0291595458984375, 0.02740478515625, 0.0189208984375, 0.0355224609375, 0.03436279296875, 0.036346435546875, 0.01474761962890625, 0.03643798828125, 0.142333984375, 0.1275634765625, 0.031951904296875, 0.056121826171875, 0.174072265625, 0.1253662109375, 0.087158203125, 0.023895263671875, 0.03643798828125, 0.1019287109375, 0.036346435546875, 0.03643798828125, 0.08660888671875, 0.126708984375, 0.1533203125, 0.053497314453125, 0.07989501953125, 0.09765625, 0.12237548828125, 0.09716796875, 0.060546875, 0.0357666015625, 0.09527587890625, 0.038116455078125, 0.11376953125, 0.11334228515625, 0.1810302734375, 0.155029296875, 0.0584716796875, 0.03399658203125, 0.100341796875, 0.03460693359375, 0.08502197265625, 0.212890625, 0.150146484375, 0.131591796875, 0.1492919921875, 0.0916748046875, 0.0115203857421875, 0.060211181640625, 0.035888671875, 0.1358642578125, 0.10009765625, 0.125732421875, 0.0245513916015625, 0.07244873046875, 0.036407470703125, 0.016021728515625, 0.039703369140625, 0.05950927734375, 0.22900390625, 0.12469482421875, 0.0611572265625, 0.0335693359375, 0.12890625, 0.035247802734375, 0.03594970703125, 0.033416748046875, 0.062164306640625, 0.03631591796875, 0.255859375, 0.0926513671875, 0.095947265625, 0.0364990234375, 0.0555419921875, 0.03594970703125, 0.08245849609375, 0.04205322265625, 0.1959228515625, 0.1871337890625, 0.2158203125, 0.1925048828125, 0.057769775390625, 0.0170440673828125, 0.040985107421875, 0.035888671875, 0.1456298828125, 0.03216552734375, 0.1510009765625, 0.05560302734375, 0.08111572265625, 0.0281829833984375, 0.137939453125, 0.253173828125, 0.03643798828125, 0.197998046875, 0.13671875, 0.036346435546875, 0.0362548828125, 0.047576904296875, 0.046173095703125, 0.002777099609375, 0.066650390625, 0.059783935546875, 0.036529541015625, 0.036346435546875, 0.02764892578125, 0.03619384765625, 0.068603515625, 0.00044465065002441406, 0.036407470703125, 0.15869140625, 0.03271484375, 0.10687255859375, 0.058929443359375, 0.1405029296875, 0.2008056640625, 0.11370849609375, 0.0369873046875, 0.036407470703125, 0.028350830078125, 0.0323486328125, 0.2122802734375, 0.28271484375, 0.217529296875, 0.109130859375, 0.10394287109375, 0.036346435546875, 0.028228759765625, 0.03643798828125, 0.132568359375, 0.09967041015625, 0.03643798828125, 0.1749267578125, 0.0198822021484375, 0.10223388671875, 0.037078857421875, 0.107177734375, 0.046630859375, 0.03570556640625, 0.03778076171875, 0.033538818359375, 0.08758544921875, 0.1357421875, 0.041229248046875, 0.03619384765625, 0.03619384765625, 0.078369140625, 0.0192413330078125, 0.0245361328125, 0.0274658203125, 0.13623046875, 0.06671142578125, 0.020233154296875, 0.036285400390625, 0.03607177734375, 0.0943603515625, 0.1771240234375, 0.0611572265625, 0.154052734375, 0.0335693359375, 0.036163330078125, 0.06976318359375, 0.100341796875, 0.10552978515625, 0.036346435546875, 0.09759521484375, 0.134033203125, 0.03643798828125, 0.0303192138671875, 0.036224365234375, 0.06256103515625, 0.0804443359375, 0.047119140625, 0.0014410018920898438, 0.10260009765625, 0.156494140625, 0.02191162109375, 0.01226806640625, 0.1844482421875, 0.11395263671875, 0.1673583984375, 0.07281494140625, 0.0361328125, 0.1441650390625, 0.102294921875, 0.20849609375, 0.057037353515625, 0.1759033203125, 0.2078857421875, 0.2095947265625, 0.03472900390625, 0.1680908203125, 0.1533203125, 0.07098388671875, 0.0063323974609375, 0.036346435546875, 0.04034423828125, 0.035736083984375, 0.23095703125, 0.07769775390625, 0.151123046875, 0.036651611328125, 0.0197296142578125, 0.09295654296875, 0.1640625, 0.004058837890625, 0.036407470703125, 0.0809326171875, 0.10162353515625, 0.2066650390625, 0.2059326171875, 0.09716796875, 0.03631591796875, 0.072509765625, 0.1263427734375, 0.036376953125, 0.01239776611328125, 0.28173828125, 0.10174560546875, 0.14208984375, 0.038665771484375]}