{"indices": [10220, 10287, 1064, 10821, 108975, 109847, 110, 11204, 112763, 113289, 114732, 114999, 11615, 118055, 120332, 12239, 123996, 12478, 12535, 129781, 129969, 132370, 132442, 133479, 134549, 134900, 137458, 1391, 141591, 144000, 147, 148529, 149729, 151159, 15635, 16259, 16426, 172482, 178397, 189173, 18947, 1900, 191, 19335, 19360, 193943, 196061, 196819, 197097, 199849, 2026, 20682, 21418, 215180, 217863, 218532, 21855, 2273, 22905, 231502, 233973, 2357, 245588, 25356, 25910, 26073, 26320, 26824, 26943, 27201, 27271, 2767, 2783, 29089, 30110, 30388, 31, 31494, 32462, 334, 33816, 341, 345, 38415, 387, 3956, 42477, 4396, 4418, 44851, 45051, 4677, 47004, 47691, 47806, 48448, 4870, 50356, 5039, 5337, 54497, 54593, 54940, 55111, 57849, 6, 62, 62816, 634, 64199, 66, 6746, 686, 68934, 69988, 7198, 7221, 72804, 76615, 77758, 8, 8357, 83629, 84770, 8553, 86708, 87, 8877, 8961, 9, 90157, 9098, 9186, 94632, 94940, 9552, 96318, 9852], "values": [0.1199951171875, 0.0975341796875, 0.019195556640625, 0.118896484375, 0.09112548828125, 0.127197265625, 0.12249755859375, 0.1317138671875, 0.030975341796875, 0.150634765625, 0.1241455078125, 0.0006656646728515625, 0.1026611328125, 0.0518798828125, 0.1278076171875, 0.10516357421875, 0.1060791015625, 0.055908203125, 0.1209716796875, 0.24951171875, 0.1527099609375, 0.13916015625, 0.16259765625, 0.040283203125, 0.1414794921875, 0.0828857421875, 0.02313232421875, 0.031951904296875, 0.0682373046875, 0.130615234375, 0.1124267578125, 0.1566162109375, 0.06805419921875, 0.12109375, 0.126953125, 0.043212890625, 0.113525390625, 0.018280029296875, 0.10943603515625, 0.1690673828125, 0.179443359375, 0.08880615234375, 0.05853271484375, 0.12261962890625, 0.05877685546875, 0.24169921875, 0.1080322265625, 0.0848388671875, 0.11004638671875, 0.1776123046875, 0.12451171875, 0.06927490234375, 0.12396240234375, 0.0034313201904296875, 0.2176513671875, 0.11279296875, 0.1597900390625, 0.0316162109375, 0.052947998046875, 0.21826171875, 0.0511474609375, 0.1314697265625, 0.220947265625, 0.04351806640625, 0.060333251953125, 0.20458984375, 0.08245849609375, 0.08740234375, 0.0298004150390625, 0.0013685226440429688, 0.1402587890625, 0.04876708984375, 0.0787353515625, 0.1387939453125, 0.0836181640625, 0.1773681640625, 0.056488037109375, 0.1759033203125, 0.061126708984375, 0.046356201171875, 0.08343505859375, 0.023956298828125, 0.0723876953125, 0.093505859375, 0.0263519287109375, 0.10888671875, 0.126953125, 0.1309814453125, 0.1361083984375, 0.08685302734375, 0.052520751953125, 0.1077880859375, 0.1483154296875, 0.0207977294921875, 0.058135986328125, 0.1531982421875, 0.0928955078125, 0.1336669921875, 0.08880615234375, 0.1898193359375, 0.168212890625, 0.13330078125, 0.09844970703125, 0.1888427734375, 0.132080078125, 0.0047149658203125, 0.006687164306640625, 0.16845703125, 0.1129150390625, 0.1634521484375, 0.04754638671875, 0.0143890380859375, 0.07684326171875, 0.153076171875, 0.1993408203125, 0.158935546875, 0.02032470703125, 0.0775146484375, 0.1597900390625, 0.10577392578125, 0.11199951171875, 0.036712646484375, 0.118896484375, 0.260498046875, 0.13037109375, 0.2015380859375, 0.0176239013671875, 0.134765625, 0.15869140625, 0.01497650146484375, 0.039825439453125, 0.08428955078125, 0.0941162109375, 0.0399169921875, 0.13818359375, 0.1405029296875, 0.129638671875, 0.0030422210693359375]}