{"indices": [10018, 101516, 101565, 10161, 1019, 10294, 1034, 1036, 10409, 10637, 1064, 106636, 10725, 10736, 10795, 108640, 10915, 1130, 113289, 114327, 11560, 117193, 1173, 11777, 1189, 11933, 12, 12002, 120152, 12114, 121905, 12250, 12272, 124496, 12568, 126858, 1278, 12833, 1288, 129007, 130128, 13046, 132, 132910, 133614, 133704, 13506, 137089, 138, 138542, 14183, 14250, 14371, 1441, 146204, 14641, 147916, 14841, 149238, 15160, 15220, 152497, 153231, 154590, 154820, 15522, 155440, 1562, 1589, 1590, 16, 1635, 16395, 165168, 16570, 16623, 17010, 170152, 171031, 17154, 1726, 1737, 177702, 17989, 18, 180734, 18181, 18317, 18610, 189668, 1898, 19015, 19049, 193956, 196409, 1965, 197179, 1988, 198898, 199353, 20128, 203593, 206061, 2077, 209468, 2110, 21245, 213, 2212, 22185, 2229, 227330, 2308, 23128, 23556, 2357, 23724, 23906, 23978, 2413, 243507, 2438, 244148, 24455, 2458, 24608, 24970, 2506, 25621, 25735, 26214, 26272, 264, 2672, 26811, 2745, 27825, 2788, 2803, 28245, 28343, 28353, 284, 28810, 289, 28997, 29268, 2961, 30, 30370, 30530, 30589, 30812, 31023, 31149, 3195, 3272, 3327, 3352, 33542, 3490, 354, 36563, 36895, 37, 37957, 3882, 39450, 3971, 4, 40513, 41011, 4118, 41436, 4169, 418, 42643, 42863, 43, 441, 4418, 4511, 45270, 46093, 46209, 4635, 46471, 465, 4671, 470, 4814, 48233, 49125, 5001, 50291, 5052, 5070, 5085, 514, 5226, 53399, 54093, 5410, 5412, 55463, 575, 5796, 5853, 6, 60748, 6167, 62029, 630, 63925, 66096, 66537, 66891, 66930, 67296, 68108, 68414, 6881, 69184, 7041, 7051, 7081, 7272, 72750, 72963, 72964, 73261, 73663, 7420, 7489, 74998, 75533, 758, 7629, 7770, 77784, 789, 7949, 798, 80098, 81194, 81492, 82451, 8312, 83277, 844, 86687, 86807, 87747, 8827, 88360, 886, 8943, 9085, 91615, 9285, 93292, 9420, 96651, 9744, 97973], "values": [0.08758544921875, 0.028228759765625, 0.131591796875, 0.041839599609375, 0.039794921875, 0.13916015625, 0.0283355712890625, 0.0281829833984375, 0.0277099609375, 0.0269622802734375, 0.028228759765625, 0.030731201171875, 0.02508544921875, 0.10333251953125, 0.0209503173828125, 0.0309906005859375, 0.0278472900390625, 0.021270751953125, 0.0243377685546875, 0.0265960693359375, 0.04449462890625, 0.0157318115234375, 0.1451416015625, 0.022491455078125, 0.0278167724609375, 0.02850341796875, 0.031494140625, 0.028656005859375, 0.06353759765625, 0.0278778076171875, 0.01357269287109375, 0.040252685546875, 0.12139892578125, 0.028350830078125, 0.0261077880859375, 0.09521484375, 0.0277862548828125, 0.1556396484375, 0.0283355712890625, 0.0274200439453125, 0.0273590087890625, 0.06988525390625, 0.02838134765625, 0.00585174560546875, 0.14892578125, 0.1678466796875, 0.028533935546875, 0.1414794921875, 0.059295654296875, 0.0258026123046875, 0.055328369140625, 0.11199951171875, 0.094482421875, 0.05609130859375, 0.0859375, 0.1495361328125, 0.1328125, 0.02783203125, 0.10760498046875, 0.056671142578125, 0.027923583984375, 0.0175323486328125, 0.3134765625, 0.04241943359375, 0.2958984375, 0.08782958984375, 0.08648681640625, 0.0286102294921875, 0.0285491943359375, 0.06585693359375, 0.028472900390625, 0.0283355712890625, 0.191162109375, 0.2021484375, 0.0283966064453125, 0.11358642578125, 0.0283355712890625, 0.028411865234375, 0.0307159423828125, 0.25537109375, 0.0283355712890625, 0.0214691162109375, 0.027862548828125, 0.005764007568359375, 0.0284576416015625, 0.229248046875, 0.0253753662109375, 0.03558349609375, 0.08135986328125, 0.1197509765625, 0.028472900390625, 0.09906005859375, 0.051727294921875, 0.11627197265625, 0.11151123046875, 0.0284576416015625, 0.0246124267578125, 0.02838134765625, 0.0274200439453125, 0.0278167724609375, 0.020538330078125, 0.028594970703125, 0.0318603515625, 0.0540771484375, 0.066650390625, 0.0279541015625, 0.0286102294921875, 0.0286712646484375, 0.02850341796875, 0.0285797119140625, 0.1451416015625, 0.1617431640625, 0.02838134765625, 0.0946044921875, 0.2587890625, 0.10260009765625, 0.07135009765625, 0.2437744140625, 0.0745849609375, 0.0225067138671875, 0.10174560546875, 0.1414794921875, 0.153076171875, 0.2376708984375, 0.028411865234375, 0.178466796875, 0.028411865234375, 0.0285797119140625, 0.05560302734375, 0.10528564453125, 0.1466064453125, 0.07366943359375, 0.028045654296875, 0.02764892578125, 0.044281005859375, 0.1572265625, 0.0272674560546875, 0.009979248046875, 0.02813720703125, 0.061279296875, 0.11572265625, 0.0946044921875, 0.2049560546875, 0.013092041015625, 0.0284271240234375, 0.10888671875, 0.0279388427734375, 0.028167724609375, 0.0286865234375, 0.028411865234375, 0.1854248046875, 0.0214080810546875, 0.03411865234375, 0.15771484375, 0.046905517578125, 0.04925537109375, 0.0278778076171875, 0.028472900390625, 0.01308441162109375, 0.09173583984375, 0.02813720703125, 0.02789306640625, 0.050567626953125, 0.16015625, 0.028564453125, 0.040740966796875, 0.126220703125, 0.08038330078125, 0.10601806640625, 0.02862548828125, 0.1746826171875, 0.093994140625, 0.0533447265625, 0.08184814453125, 0.0287017822265625, 0.00787353515625, 0.129150390625, 0.11114501953125, 0.0284881591796875, 0.06475830078125, 0.0784912109375, 0.0277862548828125, 0.027862548828125, 0.027557373046875, 0.06884765625, 0.0277557373046875, 0.1060791015625, 0.051849365234375, 0.057647705078125, 0.0283660888671875, 0.0255126953125, 0.0284881591796875, 0.191650390625, 0.0236053466796875, 0.0733642578125, 0.08587646484375, 0.032745361328125, 0.0283660888671875, 0.028472900390625, 0.0284881591796875, 0.1583251953125, 0.0276336669921875, 0.0275726318359375, 0.004299163818359375, 0.1580810546875, 0.0284271240234375, 0.069580078125, 0.0284576416015625, 0.02850341796875, 0.0263519287109375, 0.0283660888671875, 0.092041015625, 0.028350830078125, 0.087890625, 0.022216796875, 0.10760498046875, 0.19189453125, 0.0278167724609375, 0.039154052734375, 0.0296478271484375, 0.206298828125, 0.0285491943359375, 0.06817626953125, 0.2437744140625, 0.02301025390625, 0.1092529296875, 0.1756591796875, 0.2384033203125, 0.0284881591796875, 0.17724609375, 0.044403076171875, 0.026092529296875, 0.0283050537109375, 0.0526123046875, 0.23876953125, 0.1759033203125, 0.032073974609375, 0.022430419921875, 0.0283660888671875, 0.0211334228515625, 0.028411865234375, 0.087158203125, 0.0535888671875, 0.138916015625, 0.0200347900390625, 0.1180419921875, 0.10906982421875, 0.024078369140625, 0.0760498046875, 0.028533935546875, 0.1942138671875, 0.07470703125, 0.245849609375, 0.06439208984375, 0.03277587890625, 6.794929504394531e-05, 0.1639404296875, 0.0112762451171875, 0.256103515625, 0.12164306640625, 0.05712890625, 0.06475830078125, 0.06298828125, 0.0283050537109375, 0.07763671875]}