{"indices": [10007, 10018, 101565, 101800, 1036, 10502, 1052, 105820, 1064, 107, 10766, 108924, 1102, 11158, 112282, 11298, 1130, 113289, 114493, 1189, 12, 12239, 1278, 12833, 1288, 130039, 131595, 132, 13330, 136229, 138590, 138666, 1395, 1403, 141520, 14183, 14264, 143971, 1441, 147546, 147916, 14841, 150313, 1516, 15290, 15360, 153955, 15635, 15760, 16, 16426, 1662, 170768, 171597, 17183, 17619, 17989, 18000, 18187, 184402, 185795, 187925, 188302, 1898, 19015, 191732, 19186, 192033, 193956, 19543, 198461, 1988, 20403, 206061, 213, 214374, 21523, 217863, 23060, 2308, 231502, 23218, 236691, 241204, 243507, 245588, 2489, 2564, 2592, 2615, 27246, 274, 27771, 28155, 2830, 28343, 28717, 304, 30926, 31023, 313, 31772, 3182, 31874, 32007, 32230, 3294, 33206, 33479, 34419, 34582, 34616, 37, 3715, 3759, 38238, 38603, 38831, 39155, 3954, 39781, 4, 4058, 4118, 41294, 42037, 4258, 42851, 43, 4418, 44725, 4511, 46410, 46473, 465, 4788, 4945, 5, 5070, 514, 51469, 534, 5412, 55157, 55960, 568, 5702, 571, 573, 5730, 57847, 5796, 5841, 5976, 6, 60615, 617, 619, 63014, 63472, 64, 6443, 64523, 66891, 68108, 684, 68934, 7, 7165, 71932, 7355, 73663, 73827, 7420, 7657, 76924, 77263, 7770, 78631, 8312, 844, 86708, 87673, 8821, 88868, 89506, 9, 9001, 910, 91615, 9186, 919, 9340, 9420, 94539, 963, 96318, 96499, 9811, 9989], "values": [0.003185272216796875, 0.1595458984375, 0.1478271484375, 0.0024280548095703125, 0.0029659271240234375, 0.058563232421875, 0.08868408203125, 0.0140838623046875, 0.0031337738037109375, 0.038726806640625, 0.0704345703125, 0.0031566619873046875, 0.002758026123046875, 0.1407470703125, 0.2274169921875, 0.0986328125, 0.03448486328125, 0.2425537109375, 0.0162811279296875, 0.037750244140625, 0.0033130645751953125, 0.157470703125, 0.0031566619873046875, 0.0011034011840820312, 0.1390380859375, 0.050262451171875, 0.2071533203125, 0.0028896331787109375, 0.11578369140625, 0.04632568359375, 0.0016927719116210938, 0.09234619140625, 0.0016803741455078125, 0.003185272216796875, 0.0034847259521484375, 0.07891845703125, 0.059478759765625, 0.076904296875, 0.0032482147216796875, 0.0003838539123535156, 0.2254638671875, 0.040802001953125, 0.07275390625, 0.034454345703125, 0.03759765625, 0.031402587890625, 0.180419921875, 0.2032470703125, 0.0894775390625, 0.00319671630859375, 0.0274810791015625, 0.059539794921875, 0.1724853515625, 0.08489990234375, 0.0027790069580078125, 0.10772705078125, 0.0269012451171875, 0.005748748779296875, 0.0275726318359375, 0.1497802734375, 0.03851318359375, 0.0799560546875, 0.03753662109375, 0.10137939453125, 0.0015439987182617188, 0.045654296875, 0.08087158203125, 0.115966796875, 0.154296875, 0.001331329345703125, 0.041473388671875, 0.00247955322265625, 0.0007319450378417969, 0.269775390625, 0.0033588409423828125, 0.059600830078125, 0.0003266334533691406, 0.10772705078125, 0.07965087890625, 0.0030841827392578125, 0.10595703125, 0.12939453125, 0.0838623046875, 0.034210205078125, 0.1380615234375, 0.1048583984375, 0.002834320068359375, 0.01187896728515625, 0.002254486083984375, 0.00756072998046875, 0.060791015625, 0.003162384033203125, 0.0027923583984375, 0.04742431640625, 0.1055908203125, 0.09417724609375, 0.0323486328125, 0.034393310546875, 0.07220458984375, 0.0347900390625, 0.0027446746826171875, 0.12335205078125, 0.002033233642578125, 0.12030029296875, 0.0021839141845703125, 0.05084228515625, 0.0030269622802734375, 0.047454833984375, 0.162109375, 0.05670166015625, 0.00041413307189941406, 0.0031585693359375, 0.003292083740234375, 0.1177978515625, 0.028167724609375, 0.037445068359375, 0.02362060546875, 0.018951416015625, 0.0009465217590332031, 0.00044226646423339844, 0.00386810302734375, 0.0033168792724609375, 0.02197265625, 0.014678955078125, 0.10552978515625, 0.0692138671875, 0.07403564453125, 0.18115234375, 0.0032978057861328125, 0.025360107421875, 0.0020008087158203125, 0.00992584228515625, 0.047119140625, 0.019775390625, 0.0030536651611328125, 0.051513671875, 0.02984619140625, 0.0029697418212890625, 0.0032787322998046875, 0.0032520294189453125, 0.0023670196533203125, 0.040313720703125, 0.0241851806640625, 0.0005393028259277344, 0.011260986328125, 0.0030651092529296875, 0.0716552734375, 0.0158233642578125, 0.002197265625, 0.0031986236572265625, 0.1524658203125, 0.134765625, 0.0221405029296875, 0.035247802734375, 0.003170013427734375, 0.002979278564453125, 0.07440185546875, 0.020904541015625, 0.0980224609375, 0.055419921875, 0.0029754638671875, 0.0032215118408203125, 0.0028553009033203125, 0.11773681640625, 0.00870513916015625, 0.0027828216552734375, 0.047882080078125, 0.0031375885009765625, 0.060791015625, 0.1611328125, 0.00920867919921875, 0.00963592529296875, 0.07635498046875, 0.150390625, 0.09161376953125, 0.114990234375, 0.1064453125, 0.0020351409912109375, 0.085205078125, 0.0017375946044921875, 0.0019197463989257812, 0.147705078125, 0.06707763671875, 0.032379150390625, 0.066162109375, 0.07122802734375, 0.0028839111328125, 0.0489501953125, 0.0031108856201171875, 0.12744140625, 0.146240234375, 0.0029315948486328125, 0.1488037109375, 0.048980712890625, 0.0018634796142578125, 0.046539306640625, 0.027008056640625, 0.07769775390625, 0.055816650390625, 9.202957153320312e-05]}