{"indices": [100, 100250, 10086, 103390, 104475, 106161, 106392, 1065, 110297, 11233, 113712, 114732, 1189, 119478, 1250, 127508, 12752, 12772, 12833, 129969, 13023, 130514, 132, 13453, 135051, 136, 1375, 1379, 14226, 1430, 1438, 144, 144000, 15, 15012, 15127, 152055, 1530, 154820, 15513, 157062, 15748, 159, 16113, 163092, 16356, 16675, 167531, 16820, 16917, 17032, 171918, 172682, 173490, 1742, 177953, 18, 181842, 18197, 1829, 183447, 188030, 19032, 19745, 19824, 199058, 20090, 209, 22206, 23, 230466, 236016, 237366, 23830, 241, 241761, 24990, 268, 27140, 27494, 2767, 28021, 284, 28997, 294, 297, 30520, 31023, 313, 32196, 32380, 3240, 3275, 330, 33120, 33163, 3337, 334, 339, 341, 34680, 34994, 35662, 35665, 36119, 36398, 3640, 36592, 378, 38705, 3882, 3887, 3909, 4, 41011, 4118, 423, 4233, 43, 434, 441, 4418, 4602, 4633, 4635, 47251, 48105, 49409, 5, 50994, 51287, 51876, 52080, 5259, 527, 5422, 568, 57189, 572, 594, 5977, 6, 601, 6024, 6035, 62, 62704, 62723, 62956, 66, 66596, 68108, 6889, 69829, 7, 7051, 724, 7420, 7489, 75186, 758, 7735, 7783, 77888, 789, 7919, 80893, 8160, 82343, 82451, 8312, 8368, 85324, 85826, 86823, 87, 87398, 87632, 8876, 8894, 9, 91615, 9185, 9267, 9285, 9318], "values": [0.00179290771484375, 0.19970703125, 0.09490966796875, 0.045196533203125, 0.010528564453125, 0.08642578125, 0.01361846923828125, 0.011322021484375, 0.2000732421875, 0.1644287109375, 0.03973388671875, 0.07904052734375, 0.1275634765625, 0.08966064453125, 0.039398193359375, 0.18359375, 0.1336669921875, 0.01020050048828125, 0.1341552734375, 0.157470703125, 0.08355712890625, 0.0012912750244140625, 0.01442718505859375, 0.021484375, 0.197265625, 0.01434326171875, 0.056884765625, 0.165771484375, 0.054962158203125, 0.07879638671875, 0.018310546875, 0.0782470703125, 0.11712646484375, 0.0010271072387695312, 0.01093292236328125, 0.00943756103515625, 0.1795654296875, 0.01082611083984375, 0.2100830078125, 0.02337646484375, 0.1519775390625, 0.0350341796875, 0.01033782958984375, 0.1053466796875, 0.01291656494140625, 0.115234375, 0.003139495849609375, 0.1256103515625, 0.1220703125, 0.08209228515625, 0.08740234375, 0.1890869140625, 0.0181427001953125, 0.035675048828125, 0.09112548828125, 0.157470703125, 0.01425933837890625, 0.0771484375, 0.0131988525390625, 0.01493072509765625, 0.07025146484375, 0.020416259765625, 0.012786865234375, 0.1591796875, 0.072998046875, 0.16845703125, 0.0073394775390625, 0.0031032562255859375, 0.171630859375, 0.026275634765625, 0.13427734375, 0.09649658203125, 0.07275390625, 0.0114288330078125, 0.00922393798828125, 0.202392578125, 0.0194854736328125, 0.0142974853515625, 0.0924072265625, 0.08367919921875, 0.13818359375, 0.01401519775390625, 0.0134735107421875, 0.11083984375, 0.01424407958984375, 0.01380157470703125, 0.08197021484375, 0.11676025390625, 0.007808685302734375, 0.148193359375, 0.106201171875, 0.06170654296875, 0.1473388671875, 0.1463623046875, 0.1435546875, 0.0775146484375, 0.07073974609375, 0.01438140869140625, 0.010833740234375, 0.011383056640625, 0.091552734375, 0.0262908935546875, 0.2379150390625, 0.0159454345703125, 0.033172607421875, 0.1334228515625, 0.11322021484375, 0.1334228515625, 0.01366424560546875, 0.042327880859375, 0.189208984375, 0.0298309326171875, 0.1683349609375, 0.01629638671875, 0.1168212890625, 0.135009765625, 0.06280517578125, 0.06365966796875, 0.01459503173828125, 0.050323486328125, 0.01355743408203125, 0.1864013671875, 0.0435791015625, 0.01236724853515625, 0.003009796142578125, 0.11395263671875, 0.0159149169921875, 0.10498046875, 0.015594482421875, 0.001850128173828125, 0.21484375, 0.2021484375, 0.255126953125, 0.07098388671875, 0.010009765625, 0.004726409912109375, 0.01438140869140625, 0.062286376953125, 0.01361083984375, 0.07000732421875, 0.1976318359375, 0.01568603515625, 0.00997161865234375, 0.07720947265625, 0.055633544921875, 0.0117645263671875, 0.062164306640625, 0.18603515625, 0.156005859375, 0.01375579833984375, 0.01544189453125, 0.11480712890625, 0.01380157470703125, 0.00119781494140625, 0.014617919921875, 0.09765625, 0.01369476318359375, 0.187744140625, 0.141357421875, 0.1531982421875, 0.103759765625, 0.08892822265625, 0.1441650390625, 0.066650390625, 0.131103515625, 0.1297607421875, 0.0670166015625, 0.10003662109375, 0.011474609375, 0.10137939453125, 0.15625, 0.00977325439453125, 0.0626220703125, 0.12103271484375, 0.0039825439453125, 0.0248870849609375, 0.166259765625, 0.022369384765625, 0.01397705078125, 0.058197021484375, 0.01397705078125, 0.171630859375, 0.0028438568115234375, 0.0192413330078125, 0.2286376953125, 0.05914306640625]}