{"indices": [10007, 100296, 10109, 101565, 10294, 1036, 10497, 105986, 1064, 107362, 108473, 109104, 11142, 11233, 1130, 113289, 115371, 1173, 1189, 120139, 12092, 12093, 121537, 12272, 123653, 123896, 126858, 1278, 12790, 12833, 13160, 134485, 13494, 135018, 135750, 13723, 13797, 138666, 139717, 1441, 14641, 147916, 14841, 1493, 152961, 15446, 15478, 154820, 155406, 15635, 1580, 1583, 1589, 15895, 16, 16356, 16390, 16570, 167828, 17072, 17183, 1737, 17491, 177692, 177702, 1800, 181038, 182154, 182161, 1826, 185795, 18624, 1898, 189813, 19015, 194524, 194918, 19543, 1955, 195508, 19572, 196409, 1965, 198600, 2003, 20169, 202493, 2026, 20556, 206061, 206063, 21245, 212568, 213, 21884, 2212, 2229, 22352, 2283, 2308, 2346, 23556, 236016, 23724, 237802, 23927, 24264, 243834, 24455, 25786, 264, 2657, 268, 27299, 274, 28343, 2961, 2996, 30, 30295, 30313, 30992, 318, 32218, 32538, 3272, 3294, 3303, 33145, 3327, 33541, 34045, 354, 35567, 3615, 36551, 36762, 37, 37950, 37957, 38071, 38957, 3909, 4, 40398, 40513, 41011, 42643, 42851, 43, 43012, 43221, 441, 4418, 4511, 45270, 45425, 4622, 46396, 46452, 4657, 4663, 4742, 5052, 5070, 5085, 514, 51469, 51505, 5207, 5226, 5312, 53145, 5392, 5410, 5412, 55960, 562, 56604, 5714, 5730, 5796, 5858, 59660, 6, 60615, 6071, 6251, 63986, 6518, 6545, 6618, 66930, 6710, 68108, 68414, 6889, 7081, 71277, 72034, 7272, 72963, 72964, 73426, 7382, 7408, 7447, 76798, 78562, 78631, 78791, 789, 79178, 79575, 7985, 80269, 80308, 8105, 8171, 8173, 844, 86807, 89348, 91615, 9420, 9460, 9470, 955, 96499, 9730, 9744, 99278], "values": [0.0294036865234375, 0.02728271484375, 0.019378662109375, 0.18310546875, 0.1473388671875, 0.0293121337890625, 0.0292510986328125, 0.03173828125, 0.004657745361328125, 0.187255859375, 0.08740234375, 0.120361328125, 0.0550537109375, 0.2169189453125, 0.0293121337890625, 0.1895751953125, 0.04052734375, 0.1480712890625, 0.0289306640625, 0.1435546875, 0.027618408203125, 0.0177154541015625, 0.1275634765625, 0.0531005859375, 0.01050567626953125, 0.2218017578125, 0.24072265625, 0.029327392578125, 0.0292205810546875, 0.1326904296875, 0.0225372314453125, 0.1953125, 0.1768798828125, 0.041717529296875, 0.0440673828125, 0.11505126953125, 0.0212249755859375, 0.12939453125, 0.1287841796875, 0.048370361328125, 0.159423828125, 0.1739501953125, 0.042236328125, 0.0291900634765625, 0.1505126953125, 0.11785888671875, 0.2120361328125, 0.1680908203125, 0.0239410400390625, 0.11456298828125, 0.029296875, 0.12042236328125, 0.0281829833984375, 0.027099609375, 0.029205322265625, 0.2301025390625, 0.058502197265625, 0.029327392578125, 0.08721923828125, 0.018707275390625, 0.0291595458984375, 0.004039764404296875, 0.0222015380859375, 0.1737060546875, 0.177001953125, 0.029937744140625, 0.0093536376953125, 0.2279052734375, 0.166259765625, 0.020111083984375, 0.1439208984375, 0.03082275390625, 0.08978271484375, 0.033843994140625, 0.0305633544921875, 0.017120361328125, 0.0272674560546875, 0.01235198974609375, 0.0220947265625, 0.1082763671875, 0.0328369140625, 0.11053466796875, 0.029327392578125, 0.022125244140625, 0.1173095703125, 0.2073974609375, 0.10101318359375, 0.01409912109375, 0.100341796875, 0.215087890625, 0.26220703125, 0.002410888671875, 0.12200927734375, 0.0293121337890625, 0.0294647216796875, 0.003383636474609375, 0.0806884765625, 0.0810546875, 0.0065155029296875, 0.029266357421875, 0.00926971435546875, 0.035064697265625, 0.00867462158203125, 0.2012939453125, 0.078125, 0.0697021484375, 0.0273895263671875, 0.1553955078125, 0.2322998046875, 0.059783935546875, 0.0272064208984375, 0.023956298828125, 0.0292816162109375, 0.0293426513671875, 0.0291900634765625, 0.154052734375, 0.0262451171875, 0.019805908203125, 0.0278472900390625, 0.10986328125, 0.0292816162109375, 0.1953125, 0.11505126953125, 0.0253753662109375, 0.0025272369384765625, 0.0292816162109375, 0.08526611328125, 0.02099609375, 0.148193359375, 0.029327392578125, 0.0494384765625, 0.027618408203125, 0.0263214111328125, 0.0290374755859375, 0.09442138671875, 0.061370849609375, 0.1588134765625, 0.0292510986328125, 0.016510009765625, 0.0291290283203125, 0.10931396484375, 0.1248779296875, 0.1685791015625, 0.029327392578125, 0.04046630859375, 0.1226806640625, 0.069580078125, 0.200439453125, 0.14453125, 0.0294036865234375, 0.0157012939453125, 0.02899169921875, 0.0145263671875, 0.01934814453125, 0.0291290283203125, 0.0086212158203125, 0.08306884765625, 0.06646728515625, 0.0251007080078125, 0.0293121337890625, 0.071044921875, 0.0421142578125, 0.142578125, 0.11322021484375, 0.070068359375, 0.0294189453125, 0.02923583984375, 0.0293731689453125, 0.058013916015625, 0.07293701171875, 0.0294342041015625, 0.0019969940185546875, 0.008575439453125, 0.02935791015625, 0.110595703125, 0.048248291015625, 0.0283050537109375, 0.00222015380859375, 0.023468017578125, 0.0132293701171875, 0.04156494140625, 0.1072998046875, 0.019317626953125, 0.1146240234375, 0.0292510986328125, 0.0230712890625, 0.053863525390625, 0.0243682861328125, 0.02813720703125, 0.10198974609375, 0.0255126953125, 0.05712890625, 0.1436767578125, 0.05548095703125, 0.101806640625, 0.1900634765625, 0.08819580078125, 0.0286712646484375, 0.0182037353515625, 0.0013704299926757812, 0.1785888671875, 0.036773681640625, 0.2276611328125, 0.0057830810546875, 0.0220794677734375, 0.0292816162109375, 0.14697265625, 0.0007719993591308594, 0.029266357421875, 0.10650634765625, 0.089599609375, 0.0291748046875, 0.0074615478515625, 0.08087158203125, 0.0626220703125, 0.116943359375, 0.1712646484375, 0.0259246826171875, 0.1309814453125, 0.02935791015625, 0.029327392578125, 0.08905029296875, 0.024078369140625, 0.25341796875, 0.2066650390625, 0.06170654296875, 0.11505126953125, 0.0293121337890625, 0.1627197265625, 0.181396484375, 0.076416015625, 0.0899658203125]}