{"indices": [100, 10007, 10018, 100397, 10119, 10245, 10294, 1034, 1036, 10396, 10406, 10501, 105596, 105986, 10637, 1064, 109466, 10956, 1102, 11076, 11140, 11142, 113289, 11372, 114327, 117028, 1173, 11818, 1189, 12, 12002, 120983, 12114, 12169, 12239, 123901, 124319, 12454, 12478, 125190, 12555, 1273, 12807, 1288, 129281, 12965, 13046, 130573, 131501, 132890, 13465, 13494, 136, 13723, 1395, 140575, 140849, 14085, 14183, 144454, 14479, 14498, 14641, 147310, 147748, 147929, 149238, 15037, 151966, 152394, 15256, 15346, 154096, 154334, 154820, 155, 155116, 155749, 15577, 15589, 1562, 156736, 15689, 1583, 1589, 15892, 159309, 159864, 161124, 16356, 163894, 16850, 17010, 17072, 170768, 17203, 1726, 174159, 174160, 17477, 175830, 1771, 177692, 178521, 182720, 1830, 18317, 186912, 18812, 1898, 190, 19397, 194262, 1965, 198471, 202571, 2026, 203518, 20486, 2058, 207211, 209914, 21068, 21077, 210892, 2110, 21245, 213, 216278, 22065, 2212, 22356, 224561, 22566, 22605, 226881, 227204, 235079, 238842, 2391, 24365, 24959, 24990, 25256, 25630, 25638, 26288, 264, 2649, 2657, 26811, 26824, 274, 27771, 27825, 27963, 2797, 28181, 28343, 28409, 29457, 29606, 2961, 30, 30263, 30646, 3123, 3182, 32799, 3327, 3344, 33479, 3367, 33728, 33938, 34153, 34292, 34582, 35073, 35075, 35197, 35665, 363, 36563, 37, 3715, 37694, 38192, 38245, 390, 39781, 39904, 4, 41011, 41049, 42139, 4221, 4258, 4290, 43, 434, 4418, 4511, 45974, 4622, 4696, 4742, 4766, 4771, 4814, 4830, 49053, 5, 50500, 5052, 50817, 5133, 514, 51450, 51545, 516, 52080, 5230, 5260, 5410, 5412, 5477, 5701, 573, 575, 5897, 59384, 59569, 5998, 6, 61133, 62029, 6269, 6281, 63, 6374, 63851, 6607, 66816, 6778, 70, 71, 71643, 7165, 71931, 7197, 724, 72531, 72697, 73327, 7367, 7408, 7420, 75039, 75679, 7985, 80098, 8205, 8261, 8312, 8315, 83554, 844, 8488, 85732, 89275, 8943, 89497, 9, 9002, 9103, 91615, 9186, 92054, 93010, 93085, 93408, 944, 94638, 95579, 9730, 97825], "values": [0.057830810546875, 0.03802490234375, 0.036224365234375, 0.099365234375, 0.09552001953125, 0.1661376953125, 0.028717041015625, 0.0377197265625, 0.037811279296875, 0.019378662109375, 0.1060791015625, 0.100830078125, 0.1553955078125, 0.1768798828125, 0.1697998046875, 0.0379638671875, 0.247314453125, 0.036834716796875, 0.0440673828125, 0.1873779296875, 0.0309906005859375, 0.034271240234375, 0.03314208984375, 0.036590576171875, 0.084716796875, 0.040802001953125, 0.1522216796875, 0.042816162109375, 0.0377197265625, 0.034637451171875, 0.1556396484375, 0.1705322265625, 0.044189453125, 0.032623291015625, 0.07037353515625, 0.1539306640625, 0.056427001953125, 0.0355224609375, 0.210693359375, 0.0374755859375, 0.14501953125, 0.0180816650390625, 0.1326904296875, 0.03778076171875, 0.03485107421875, 0.036590576171875, 0.094482421875, 0.0322265625, 0.11883544921875, 0.0692138671875, 0.19921875, 0.1531982421875, 0.07257080078125, 0.03619384765625, 0.052978515625, 0.042388916015625, 0.02850341796875, 0.173583984375, 0.1143798828125, 0.0033855438232421875, 0.0361328125, 0.03778076171875, 0.20556640625, 0.22705078125, 0.22509765625, 0.037933349609375, 0.2115478515625, 0.052459716796875, 0.0709228515625, 0.036865234375, 0.0208282470703125, 0.154296875, 0.09783935546875, 0.03466796875, 0.30126953125, 0.01540374755859375, 0.1995849609375, 0.077880859375, 0.036895751953125, 0.0504150390625, 0.037994384765625, 0.18603515625, 0.1005859375, 0.03802490234375, 0.036102294921875, 0.037200927734375, 0.0380859375, 0.154541015625, 0.09912109375, 0.02227783203125, 0.035369873046875, 0.055023193359375, 0.130859375, 0.0302886962890625, 0.18212890625, 0.2294921875, 0.0723876953125, 0.1309814453125, 0.1943359375, 0.093505859375, 0.2218017578125, 0.050872802734375, 0.18505859375, 0.1796875, 0.057159423828125, 0.07623291015625, 0.033203125, 0.029693603515625, 0.031463623046875, 0.01678466796875, 0.1646728515625, 0.11492919921875, 0.0186309814453125, 0.037200927734375, 0.0343017578125, 0.07220458984375, 0.1175537109375, 0.07891845703125, 0.037872314453125, 0.01522064208984375, 0.2357177734375, 0.1629638671875, 0.07830810546875, 0.0732421875, 0.09979248046875, 0.036773681640625, 0.035919189453125, 0.0379638671875, 0.09503173828125, 0.12139892578125, 0.03778076171875, 0.11602783203125, 0.1856689453125, 0.06719970703125, 0.07232666015625, 0.06976318359375, 0.267333984375, 0.234375, 0.130859375, 0.03662109375, 0.236083984375, 0.033905029296875, 0.1800537109375, 0.0318603515625, 0.037750244140625, 0.0364990234375, 0.0548095703125, 0.060943603515625, 0.037567138671875, 0.017578125, 0.0496826171875, 0.1617431640625, 0.037750244140625, 0.1376953125, 0.028167724609375, 0.12322998046875, 0.037811279296875, 0.143310546875, 0.144775390625, 0.031707763671875, 0.095947265625, 0.0780029296875, 0.036468505859375, 0.03179931640625, 0.1275634765625, 0.21826171875, 0.03619384765625, 0.037872314453125, 0.0718994140625, 0.037841796875, 0.08251953125, 0.031097412109375, 0.021942138671875, 0.11187744140625, 0.263916015625, 0.1845703125, 0.16748046875, 0.037506103515625, 0.1785888671875, 0.0362548828125, 0.1405029296875, 0.15380859375, 0.13525390625, 0.08203125, 0.038238525390625, 0.07489013671875, 0.1429443359375, 0.034637451171875, 0.1002197265625, 0.121337890625, 0.10107421875, 0.17431640625, 0.044464111328125, 0.201904296875, 0.17138671875, 0.169921875, 0.1622314453125, 0.10650634765625, 0.0372314453125, 0.038116455078125, 0.0921630859375, 0.218505859375, 0.037994384765625, 0.10498046875, 0.132568359375, 0.0341796875, 0.037994384765625, 0.030487060546875, 0.036163330078125, 0.1414794921875, 0.118896484375, 0.034820556640625, 0.058074951171875, 0.1475830078125, 0.1405029296875, 0.03179931640625, 0.03692626953125, 0.037841796875, 0.0867919921875, 0.0288238525390625, 0.05523681640625, 0.2344970703125, 0.06182861328125, 0.035888671875, 0.193115234375, 0.0870361328125, 0.0369873046875, 0.1275634765625, 0.03363037109375, 0.0380859375, 0.1123046875, 0.09417724609375, 0.034332275390625, 0.055633544921875, 0.037872314453125, 0.16943359375, 0.235595703125, 0.048248291015625, 0.1285400390625, 0.037750244140625, 0.03729248046875, 0.2327880859375, 0.037811279296875, 0.036590576171875, 0.021820068359375, 0.0660400390625, 0.1561279296875, 0.201416015625, 0.0369873046875, 0.0007352828979492188, 0.0313720703125, 0.14306640625, 0.10150146484375, 0.2230224609375, 0.1396484375, 0.10516357421875, 0.035888671875, 0.159912109375, 0.0372314453125, 0.0416259765625, 0.036651611328125, 0.1707763671875, 0.11328125, 0.03778076171875, 0.1448974609375, 0.0312042236328125, 0.036865234375, 0.03717041015625, 0.040252685546875, 0.054901123046875, 0.12005615234375, 0.03778076171875, 0.132080078125, 0.00994873046875, 0.17138671875, 0.145751953125, 0.265625, 0.0369873046875, 0.249755859375, 0.0987548828125, 0.09442138671875, 0.034515380859375, 0.175537109375, 0.04766845703125, 0.03643798828125, 0.036834716796875, 0.037384033203125]}