{"indices": [10366, 10846, 11192, 115774, 117914, 11991, 120103, 121413, 12174, 122009, 12302, 12478, 12807, 12921, 136, 136912, 137089, 1398, 141325, 143434, 14700, 154186, 1556, 158, 15970, 1631, 1690, 171859, 1733, 17368, 1830, 1892, 191984, 19336, 2053, 21373, 218527, 23189, 235079, 237, 23718, 24233, 24725, 2481, 26171, 2852, 289, 29823, 33120, 33326, 344, 345, 35509, 36115, 375, 384, 390, 397, 40226, 42, 44402, 45, 45252, 456, 4588, 4589, 493, 4958, 50339, 51359, 52080, 52295, 55080, 55300, 5844, 58663, 60212, 605, 647, 66, 678, 6889, 72697, 7311, 77391, 831, 84079, 8753, 89733, 9127, 92054, 9267, 944, 95, 964, 96679], "values": [0.1053466796875, 0.11083984375, 0.10052490234375, 0.11138916015625, 0.164306640625, 0.08929443359375, 0.179443359375, 0.07373046875, 0.122314453125, 0.00658416748046875, 0.208984375, 0.07147216796875, 0.07305908203125, 0.12298583984375, 0.0374755859375, 0.1761474609375, 0.2073974609375, 0.01204681396484375, 0.166748046875, 0.08917236328125, 0.039825439453125, 0.049224853515625, 0.01084136962890625, 0.0196075439453125, 0.156494140625, 0.07257080078125, 0.1121826171875, 0.14208984375, 0.0841064453125, 0.072509765625, 0.0828857421875, 0.02899169921875, 0.06146240234375, 0.00749969482421875, 0.060546875, 0.1708984375, 0.11968994140625, 0.137939453125, 0.1456298828125, 0.0182647705078125, 0.1805419921875, 0.0384521484375, 0.1270751953125, 0.052703857421875, 0.08514404296875, 0.1419677734375, 0.01055908203125, 0.0919189453125, 0.152587890625, 0.020965576171875, 0.1688232421875, 0.034149169921875, 0.0645751953125, 0.1697998046875, 0.022674560546875, 0.051666259765625, 0.0034084320068359375, 0.1204833984375, 0.20068359375, 0.01306915283203125, 0.1048583984375, 0.005657196044921875, 0.0032329559326171875, 0.0809326171875, 0.07415771484375, 0.0093841552734375, 0.00820159912109375, 0.03204345703125, 0.036712646484375, 0.160400390625, 0.218505859375, 0.1357421875, 0.033294677734375, 0.1407470703125, 0.0955810546875, 0.2061767578125, 0.108154296875, 0.05670166015625, 0.068359375, 0.11431884765625, 0.00937652587890625, 0.002056121826171875, 0.120849609375, 0.031951904296875, 0.1639404296875, 0.0158233642578125, 0.1434326171875, 0.11846923828125, 0.158203125, 0.142822265625, 0.205322265625, 0.0191650390625, 0.0293731689453125, 0.1396484375, 0.0711669921875, 0.0650634765625]}