{"indices": [10109, 101565, 103064, 10502, 1052, 105820, 1064, 11013, 11158, 112282, 113289, 1173, 11976, 12239, 1317, 138, 138298, 1403, 143971, 1456, 14700, 147916, 15068, 152961, 15362, 15447, 154820, 162309, 162418, 1647, 16619, 170, 17989, 18, 18000, 181038, 18922, 1898, 190499, 19186, 199493, 202989, 206061, 210780, 214374, 215293, 224561, 227330, 23060, 2389, 2391, 243507, 244250, 246847, 24754, 25406, 264, 27393, 28155, 28270, 2830, 29951, 29979, 304, 30812, 31023, 31271, 31874, 32230, 334, 34616, 35292, 37085, 3759, 420, 42851, 45151, 45945, 46376, 46452, 465, 47348, 50291, 5052, 5070, 5410, 5477, 55964, 5610, 56356, 56544, 568, 5730, 5796, 594, 601, 618, 6251, 627, 63472, 66891, 7420, 7657, 7949, 808, 83184, 83613, 839, 84409, 91615, 9186, 9378, 9420, 9470, 9811, 997], "values": [0.0828857421875, 0.155029296875, 0.12890625, 0.0797119140625, 0.09674072265625, 0.143798828125, 0.06402587890625, 0.110107421875, 0.12420654296875, 0.1976318359375, 0.195068359375, 0.1396484375, 0.10595703125, 0.10418701171875, 0.0438232421875, 0.003192901611328125, 0.12127685546875, 0.026336669921875, 0.1375732421875, 0.0792236328125, 0.1065673828125, 0.2208251953125, 0.083251953125, 0.198974609375, 0.1212158203125, 0.07501220703125, 0.03790283203125, 0.033782958984375, 0.0809326171875, 0.12841796875, 0.0999755859375, 0.059295654296875, 0.058746337890625, 0.06646728515625, 0.06878662109375, 0.1016845703125, 0.09375, 0.10528564453125, 0.0285491943359375, 0.08953857421875, 0.02178955078125, 0.1009521484375, 0.325927734375, 0.053741455078125, 0.1568603515625, 0.038909912109375, 0.043365478515625, 0.156982421875, 0.0408935546875, 0.048187255859375, 0.0216064453125, 0.06622314453125, 0.02618408203125, 0.09771728515625, 0.029083251953125, 0.1175537109375, 0.00714874267578125, 0.1536865234375, 0.177490234375, 0.168701171875, 0.049591064453125, 0.07000732421875, 0.0234527587890625, 0.02069091796875, 0.09332275390625, 0.0345458984375, 0.1993408203125, 0.1314697265625, 0.11285400390625, 0.09808349609375, 0.1905517578125, 0.06610107421875, 0.047119140625, 0.149169921875, 0.010162353515625, 0.1644287109375, 0.013397216796875, 0.10357666015625, 0.06591796875, 0.0804443359375, 0.032012939453125, 0.10626220703125, 0.1416015625, 0.08258056640625, 0.004917144775390625, 0.12548828125, 0.12164306640625, 0.11041259765625, 0.007579803466796875, 0.07965087890625, 0.1597900390625, 0.0063934326171875, 0.019195556640625, 0.040618896484375, 0.11004638671875, 0.060302734375, 0.0587158203125, 0.0112152099609375, 0.0802001953125, 0.044281005859375, 0.272705078125, 0.09124755859375, 0.0726318359375, 0.120361328125, 0.07159423828125, 0.223876953125, 0.040557861328125, 0.0606689453125, 0.0723876953125, 0.097900390625, 0.09051513671875, 0.08160400390625, 0.021392822265625, 0.098876953125, 0.047607421875, 0.136474609375]}