{"indices": [10161, 102753, 10294, 1036, 10406, 104634, 10502, 106, 10637, 1064, 107612, 108473, 1105, 11233, 1128, 113, 11372, 113737, 11383, 116, 117904, 1189, 12012, 12169, 12174, 123433, 12442, 12568, 126045, 1278, 12833, 132208, 132370, 133030, 13355, 1344, 1369, 13809, 138666, 1388, 139137, 1395, 139652, 14, 146051, 15, 15447, 154784, 155707, 15635, 1580, 158580, 1589, 158976, 159, 16, 17, 170531, 17085, 17696, 177673, 18, 1826, 186639, 186643, 1898, 19015, 1965, 1988, 204529, 20499, 209, 209878, 2122, 213, 21596, 21953, 22004, 2203, 2308, 2391, 241, 244392, 244806, 25094, 25522, 25656, 2575, 264, 2672, 268, 2698, 274, 2745, 276, 29268, 30832, 31023, 32538, 3322, 3327, 33541, 3436, 347, 354, 36762, 37866, 387, 39, 4, 40513, 42160, 4280, 43, 44090, 44531, 4465, 4578, 46452, 47127, 4723, 4791, 48413, 5, 50317, 50355, 50429, 50535, 51018, 51083, 514, 5226, 53, 53174, 53399, 5364, 5392, 5412, 5477, 56356, 56721, 57107, 5714, 573, 575, 58671, 5873, 6, 60668, 611, 61133, 62193, 627, 63968, 647, 66277, 6628, 68108, 684, 69927, 7051, 71, 71277, 714, 72750, 73277, 74171, 744, 7447, 757, 76389, 78558, 789, 7949, 8119, 8218, 83699, 839, 8393, 83944, 8585, 86518, 9127, 9267, 9470, 96499, 97904, 98771, 9989], "values": [0.00978851318359375, 0.0036182403564453125, 0.13427734375, 0.0054779052734375, 0.0194854736328125, 0.056304931640625, 0.10711669921875, 0.01641845703125, 0.0816650390625, 0.004482269287109375, 0.0021820068359375, 0.07403564453125, 0.135009765625, 0.1722412109375, 0.04547119140625, 0.10888671875, 0.049957275390625, 0.11834716796875, 0.0458984375, 0.001293182373046875, 0.06939697265625, 0.004810333251953125, 9.763240814208984e-05, 0.005687713623046875, 0.154052734375, 0.230712890625, 0.2174072265625, 0.013458251953125, 0.2125244140625, 0.054412841796875, 0.11993408203125, 0.0994873046875, 0.046630859375, 0.0672607421875, 0.063720703125, 0.01019287109375, 0.00514984130859375, 0.003643035888671875, 0.06854248046875, 0.0038318634033203125, 0.035308837890625, 0.0302886962890625, 0.01276397705078125, 0.0626220703125, 0.038543701171875, 0.00426483154296875, 0.0099945068359375, 0.01800537109375, 0.1500244140625, 0.10003662109375, 0.09954833984375, 0.17431640625, 0.004611968994140625, 0.0170440673828125, 0.049072265625, 0.00437164306640625, 0.048675537109375, 0.00124359130859375, 0.00726318359375, 0.00458526611328125, 0.1131591796875, 0.00827789306640625, 0.00362396240234375, 0.166748046875, 0.040435791015625, 0.00441741943359375, 0.1734619140625, 0.0036640167236328125, 0.0850830078125, 0.005756378173828125, 0.0340576171875, 0.0036258697509765625, 0.046722412109375, 0.12310791015625, 0.0036468505859375, 0.2135009765625, 0.02178955078125, 0.016204833984375, 0.03515625, 0.004581451416015625, 0.004238128662109375, 0.16748046875, 0.014251708984375, 0.0909423828125, 0.109619140625, 0.2021484375, 0.2099609375, 0.07427978515625, 0.00487518310546875, 0.00037360191345214844, 0.0036468505859375, 0.070556640625, 0.004150390625, 0.01068878173828125, 0.03436279296875, 0.0667724609375, 0.050933837890625, 0.154052734375, 0.041778564453125, 0.004581451416015625, 0.004642486572265625, 0.004756927490234375, 0.020538330078125, 0.06280517578125, 0.0062103271484375, 0.14697265625, 0.1390380859375, 0.08251953125, 0.07135009765625, 0.0049591064453125, 0.056060791015625, 0.0338134765625, 0.004703521728515625, 0.003818511962890625, 0.037200927734375, 0.0625, 0.1376953125, 0.07867431640625, 0.00567626953125, 0.0926513671875, 0.038360595703125, 0.1287841796875, 0.11114501953125, 0.00318145751953125, 0.05035400390625, 0.2108154296875, 0.08660888671875, 0.1988525390625, 0.046173095703125, 0.022735595703125, 0.0036258697509765625, 0.1683349609375, 0.0953369140625, 0.045623779296875, 0.153076171875, 0.175537109375, 0.0848388671875, 0.04779052734375, 0.1414794921875, 0.219970703125, 0.0340576171875, 0.04473876953125, 0.043060302734375, 0.004238128662109375, 0.003635406494140625, 0.022064208984375, 0.048004150390625, 0.01403045654296875, 0.1595458984375, 0.062225341796875, 0.05810546875, 0.0254058837890625, 0.0838623046875, 0.004001617431640625, 0.180419921875, 0.10308837890625, 0.0085296630859375, 0.1983642578125, 0.123779296875, 0.00841522216796875, 0.043975830078125, 0.018035888671875, 0.220458984375, 0.038970947265625, 0.1348876953125, 0.025665283203125, 0.2044677734375, 0.01861572265625, 0.146484375, 0.04296875, 0.02191162109375, 0.003589630126953125, 0.0037479400634765625, 0.169921875, 0.0313720703125, 0.131591796875, 0.0121917724609375, 0.09564208984375, 0.052032470703125, 0.004329681396484375, 0.0194549560546875, 0.23583984375, 0.257568359375, 0.136474609375, 0.2296142578125, 0.265869140625, 0.0784912109375, 0.1376953125, 0.0038909912109375]}