{"indices": [100250, 100471, 10086, 103510, 105451, 107419, 11062, 11075, 111, 114732, 12006, 12012, 12176, 124416, 129969, 13023, 130514, 13386, 137089, 1375, 14082, 1428, 144, 1463, 148319, 1549, 155370, 158, 15876, 159065, 160670, 165178, 1657, 169073, 16970, 170846, 17106, 171918, 172447, 1733, 1824, 1829, 1837, 19051, 19335, 20031, 20499, 214, 214133, 21612, 21690, 23332, 235079, 24990, 25290, 25356, 25667, 2588, 2609, 28784, 28997, 2955, 310, 3145, 31923, 330, 33120, 34419, 3640, 37456, 38134, 3882, 38901, 39, 4000, 4046, 4079, 4082, 41734, 425, 4265, 42719, 42902, 44713, 44948, 46473, 49409, 50944, 5120, 51515, 51620, 51626, 52080, 5346, 53894, 541, 552, 55347, 567, 572, 601, 60271, 6436, 64371, 72392, 75533, 76519, 77007, 79200, 821, 82451, 8262, 87, 87398, 979], "values": [0.1688232421875, 0.057373046875, 0.15771484375, 0.176025390625, 0.0989990234375, 0.1751708984375, 0.09661865234375, 0.11334228515625, 0.025115966796875, 0.07110595703125, 0.1898193359375, 0.09539794921875, 0.0565185546875, 0.193115234375, 0.1617431640625, 0.000579833984375, 0.043243408203125, 0.004657745361328125, 0.2080078125, 0.0421142578125, 0.09466552734375, 0.0088653564453125, 0.039093017578125, 0.0007753372192382812, 0.0245361328125, 0.038726806640625, 0.0943603515625, 0.0108642578125, 0.1893310546875, 0.11224365234375, 0.08056640625, 0.1524658203125, 0.00528717041015625, 0.038848876953125, 0.06182861328125, 0.180908203125, 0.035369873046875, 0.1317138671875, 0.1759033203125, 0.13623046875, 0.078857421875, 0.00794219970703125, 0.028594970703125, 0.07440185546875, 0.08819580078125, 0.08843994140625, 0.061309814453125, 0.046051025390625, 0.08648681640625, 0.069580078125, 0.20947265625, 0.13916015625, 0.208740234375, 0.1439208984375, 0.11572265625, 0.0180511474609375, 0.0006489753723144531, 0.0003485679626464844, 0.056976318359375, 0.1920166015625, 0.11761474609375, 0.03680419921875, 0.0281982421875, 0.0496826171875, 0.011444091796875, 0.04986572265625, 0.09246826171875, 0.0811767578125, 0.10662841796875, 0.06903076171875, 0.0548095703125, 0.09368896484375, 0.08197021484375, 0.11407470703125, 0.12890625, 0.058685302734375, 0.08746337890625, 0.042144775390625, 0.0183868408203125, 0.0084228515625, 0.044219970703125, 0.1822509765625, 0.14892578125, 0.080078125, 0.164306640625, 0.0279693603515625, 0.1072998046875, 0.1435546875, 0.17236328125, 0.11090087890625, 0.0109405517578125, 0.0048065185546875, 0.2109375, 0.014801025390625, 0.1268310546875, 0.0154876708984375, 0.047607421875, 0.09820556640625, 0.0782470703125, 0.01128387451171875, 0.001678466796875, 0.1495361328125, 0.1947021484375, 0.11016845703125, 0.1309814453125, 0.145263671875, 0.0243988037109375, 0.048614501953125, 0.049560546875, 0.03302001953125, 0.163818359375, 0.192626953125, 0.00618743896484375, 0.158203125, 0.09039306640625]}