{"indices": [100, 102198, 10502, 106, 106320, 10847, 108870, 10945, 1105, 11075, 110763, 11408, 114327, 114732, 11809, 1189, 1193, 12, 12006, 1261, 12658, 12833, 129285, 129969, 13, 130514, 132, 135018, 1363, 1375, 141524, 14202, 142994, 144, 144454, 1463, 149, 15, 154820, 15895, 164766, 16709, 1677, 17055, 17154, 17368, 17707, 1771, 177261, 17866, 1809, 1829, 184, 185795, 18941, 19, 19283, 19608, 1965, 2006, 2026, 2077, 2122, 213, 214, 214315, 2150, 21640, 218922, 22352, 23, 2320, 235079, 241761, 243507, 24455, 24990, 25621, 26073, 268, 2698, 27148, 27317, 28343, 297, 30862, 31023, 3117, 3182, 32213, 33206, 3327, 3344, 34, 34419, 35509, 35665, 3615, 3640, 37620, 39453, 397, 4, 4058, 40865, 43, 4361, 4396, 441, 4418, 44932, 46989, 48952, 4945, 5, 5052, 5085, 51216, 51620, 51719, 52080, 52935, 53399, 567, 58994, 59246, 5977, 6, 62723, 64, 64181, 66332, 68089, 68108, 683, 68414, 7, 702, 7041, 7150, 72256, 7272, 72964, 73130, 73714, 7550, 7674, 780, 79069, 79200, 82, 821, 82321, 83489, 8357, 83620, 8393, 8467, 84837, 85186, 85733, 87, 87168, 87398, 89676, 9, 9016, 90980, 91615, 9433, 95143, 96869, 9751, 98], "values": [0.007427215576171875, 0.019775390625, 0.06988525390625, 0.00284576416015625, 0.12030029296875, 0.038970947265625, 0.12286376953125, 0.01299285888671875, 0.00966644287109375, 0.06256103515625, 0.0253143310546875, 0.19287109375, 0.1060791015625, 0.09375, 0.10858154296875, 0.01482391357421875, 0.0024738311767578125, 0.005889892578125, 0.132080078125, 0.0109710693359375, 0.074951171875, 0.08953857421875, 0.044952392578125, 0.169189453125, 0.01476287841796875, 0.0014019012451171875, 0.00786590576171875, 0.1441650390625, 0.01490020751953125, 0.008880615234375, 0.17626953125, 0.086669921875, 0.15478515625, 0.011383056640625, 0.1781005859375, 0.01477813720703125, 0.1339111328125, 0.00455474853515625, 0.2685546875, 0.04827880859375, 0.07415771484375, 0.008392333984375, 0.01491546630859375, 0.19384765625, 0.155517578125, 0.00798797607421875, 0.206298828125, 0.01538848876953125, 0.1451416015625, 0.07147216796875, 0.1727294921875, 0.04498291015625, 0.01512908935546875, 0.06353759765625, 0.0175323486328125, 0.014892578125, 0.058807373046875, 0.041839599609375, 0.09375, 0.0104522705078125, 0.060577392578125, 0.01523590087890625, 0.06793212890625, 0.06585693359375, 0.01526641845703125, 0.1739501953125, 0.03839111328125, 0.0460205078125, 0.12335205078125, 0.11444091796875, 0.01502227783203125, 0.0150299072265625, 0.1424560546875, 0.2021484375, 0.1749267578125, 0.10968017578125, 0.1158447265625, 0.044281005859375, 0.1231689453125, 0.0148468017578125, 0.0254669189453125, 0.11566162109375, 0.1226806640625, 0.1219482421875, 0.01519012451171875, 0.10394287109375, 0.06475830078125, 0.0088653564453125, 0.001331329345703125, 0.0259552001953125, 0.05743408203125, 0.01502227783203125, 0.057037353515625, 0.01499176025390625, 0.0009222030639648438, 0.044952392578125, 0.08538818359375, 0.151123046875, 0.14404296875, 0.007282257080078125, 0.05419921875, 0.01496124267578125, 0.01505279541015625, 0.209228515625, 0.193359375, 0.0147857666015625, 0.032135009765625, 0.150634765625, 0.014404296875, 0.08477783203125, 0.10540771484375, 0.187744140625, 0.006011962890625, 0.047760009765625, 0.01528167724609375, 0.2188720703125, 0.049896240234375, 0.1905517578125, 0.007476806640625, 0.1767578125, 0.275390625, 0.072021484375, 0.08013916015625, 0.01230621337890625, 0.004512786865234375, 0.06854248046875, 0.208984375, 0.0244140625, 0.2303466796875, 0.01482391357421875, 0.0036525726318359375, 0.1265869140625, 0.060302734375, 0.0152435302734375, 0.08782958984375, 0.285400390625, 0.01494598388671875, 0.069580078125, 0.1739501953125, 0.055938720703125, 0.071533203125, 0.271484375, 0.15380859375, 0.07244873046875, 0.00601959228515625, 0.049835205078125, 0.00966644287109375, 0.124267578125, 0.105712890625, 0.034393310546875, 0.01119232177734375, 0.0030727386474609375, 0.021209716796875, 0.048309326171875, 0.025726318359375, 0.0238037109375, 0.08306884765625, 0.045562744140625, 0.0128173828125, 0.132568359375, 0.015533447265625, 0.034637451171875, 0.16552734375, 0.13330078125, 0.082763671875, 0.0171051025390625, 0.01474761962890625, 0.00765228271484375, 0.2198486328125, 0.04254150390625, 0.015960693359375, 0.036224365234375, 0.01486968994140625, 0.0146942138671875]}