{"indices": [10043, 101340, 101523, 101565, 102753, 103055, 1034, 1036, 10501, 1064, 106636, 10725, 10736, 10784, 108473, 10919, 10930, 1102, 11140, 11158, 112282, 1130, 113289, 11340, 114327, 114735, 11599, 116300, 1173, 1189, 118917, 12002, 12272, 125389, 126858, 12752, 1278, 12790, 12833, 1288, 13046, 131595, 13723, 138586, 140294, 14641, 147916, 14849, 149599, 15160, 152961, 15362, 154820, 155152, 15577, 1583, 16390, 17351, 17619, 17707, 177238, 177702, 17956, 1800, 1826, 18542, 187201, 187925, 18947, 1898, 19, 19015, 19049, 19065, 19186, 192033, 193023, 193956, 19426, 194348, 1965, 1971, 1988, 2003, 202296, 202571, 202989, 203289, 203593, 2058, 205892, 206060, 206061, 209096, 210890, 2122, 21353, 213964, 2212, 22256, 23072, 23128, 23218, 2413, 243507, 2458, 24888, 24925, 249696, 25443, 25621, 2621, 26595, 26646, 2672, 26756, 2830, 2954, 30313, 30477, 3169, 3172, 32230, 32292, 33541, 3382, 3490, 3524, 35375, 354, 35452, 36341, 3694, 37, 37454, 37957, 3803, 3863, 3954, 4, 40231, 41011, 4258, 42643, 43, 43565, 4418, 4511, 46209, 46376, 465, 47805, 4791, 49131, 50291, 50500, 5052, 5070, 51006, 514, 51573, 5226, 5260, 52611, 5312, 5370, 53780, 5410, 5412, 55054, 55813, 55960, 5610, 5615, 57249, 5730, 58397, 59470, 6, 6006, 6342, 6518, 66277, 66891, 66930, 66943, 6710, 68414, 6881, 70389, 72160, 724, 72963, 72964, 7420, 7488, 758, 75829, 76397, 77784, 7949, 80098, 81337, 8212, 83277, 844, 8588, 8836, 91615, 91704, 92905, 9426, 9586, 9744, 9788, 98106, 9811], "values": [0.03271484375, 0.004901885986328125, 0.0640869140625, 0.126220703125, 0.020263671875, 0.212646484375, 0.00749969482421875, 0.06671142578125, 0.170166015625, 0.007526397705078125, 0.1357421875, 0.0157470703125, 0.15576171875, 0.0071258544921875, 0.0023860931396484375, 0.007785797119140625, 0.00753021240234375, 0.007045745849609375, 0.0865478515625, 0.00762176513671875, 0.09246826171875, 0.0074462890625, 0.18359375, 0.0067901611328125, 0.0634765625, 0.029571533203125, 0.007175445556640625, 0.0780029296875, 0.1336669921875, 0.0455322265625, 0.06707763671875, 0.007297515869140625, 0.0242919921875, 0.004367828369140625, 0.1474609375, 0.0064849853515625, 0.00786590576171875, 0.007232666015625, 0.037017822265625, 0.08197021484375, 0.08880615234375, 0.2117919921875, 0.11834716796875, 0.18359375, 0.2213134765625, 0.111328125, 0.2003173828125, 0.10662841796875, 0.003459930419921875, 0.07159423828125, 0.080810546875, 0.11932373046875, 0.09710693359375, 0.094970703125, 0.08984375, 0.08502197265625, 0.08770751953125, 0.11669921875, 0.006969451904296875, 0.007080078125, 0.0028667449951171875, 0.12060546875, 0.00576019287109375, 0.001728057861328125, 0.007144927978515625, 0.10650634765625, 0.0433349609375, 0.09075927734375, 0.23193359375, 0.07257080078125, 0.10687255859375, 0.00727081298828125, 0.058441162109375, 0.0848388671875, 0.1529541015625, 0.07330322265625, 0.1199951171875, 0.1046142578125, 0.038665771484375, 0.00954437255859375, 0.007171630859375, 0.0242767333984375, 0.00778961181640625, 0.006587982177734375, 0.0023670196533203125, 0.015655517578125, 0.091796875, 0.02398681640625, 0.0838623046875, 0.0059967041015625, 0.00659942626953125, 0.0108795166015625, 0.31396484375, 0.1268310546875, 0.0006551742553710938, 0.0193939208984375, 0.076171875, 0.1866455078125, 0.0076751708984375, 0.0721435546875, 0.0066070556640625, 0.134521484375, 0.1417236328125, 0.00531005859375, 0.06646728515625, 0.09515380859375, 0.1434326171875, 0.01006317138671875, 0.1368408203125, 0.224609375, 0.08514404296875, 0.0071868896484375, 0.007511138916015625, 0.040283203125, 0.00720977783203125, 0.036834716796875, 0.0176849365234375, 0.00769805908203125, 0.0012826919555664062, 0.102294921875, 0.0032958984375, 0.005695343017578125, 0.005672454833984375, 0.003108978271484375, 0.0031223297119140625, 0.0207061767578125, 0.0071258544921875, 0.11322021484375, 0.05816650390625, 0.007289886474609375, 0.01195526123046875, 0.10467529296875, 0.048309326171875, 0.007274627685546875, 0.00579071044921875, 0.0511474609375, 0.007610321044921875, 0.06622314453125, 0.007595062255859375, 0.007556915283203125, 0.07257080078125, 0.08319091796875, 0.0694580078125, 0.1463623046875, 0.007732391357421875, 0.09698486328125, 0.11114501953125, 0.0284576416015625, 0.056396484375, 0.11395263671875, 0.00995635986328125, 0.10650634765625, 0.006725311279296875, 0.00586700439453125, 0.213623046875, 0.0804443359375, 0.12408447265625, 0.08154296875, 0.09027099609375, 0.007343292236328125, 0.004268646240234375, 0.007404327392578125, 0.0030059814453125, 0.0859375, 0.0604248046875, 0.1160888671875, 0.03302001953125, 0.052734375, 0.006626129150390625, 0.055328369140625, 0.1121826171875, 0.084716796875, 0.00205230712890625, 0.034149169921875, 0.1220703125, 0.007080078125, 0.1734619140625, 0.1685791015625, 0.007442474365234375, 0.04888916015625, 0.005573272705078125, 0.040313720703125, 0.0880126953125, 0.17529296875, 0.12115478515625, 0.0460205078125, 0.04901123046875, 0.1119384765625, 0.00701141357421875, 0.06402587890625, 0.00701141357421875, 0.1275634765625, 0.0782470703125, 0.0017375946044921875, 0.028106689453125, 0.00701904296875, 0.13720703125, 0.01531219482421875, 0.005138397216796875, 0.09271240234375, 0.11151123046875, 0.09112548828125, 0.08135986328125, 0.00012129545211791992, 0.042816162109375, 0.00713348388671875, 0.142578125, 0.06707763671875, 0.10552978515625, 0.01213836669921875, 0.00659942626953125, 0.1160888671875, 0.0072784423828125, 0.0028743743896484375, 0.0872802734375, 0.04925537109375, 0.004947662353515625]}