{"indices": [101565, 10161, 1019, 10238, 1034, 1036, 1040, 10501, 10637, 1064, 10725, 10795, 108270, 108924, 109744, 11158, 1130, 113289, 11372, 11391, 11415, 114493, 11560, 116, 1173, 1189, 12002, 12114, 12250, 123896, 125145, 125389, 12555, 126858, 127188, 127508, 1278, 12833, 129239, 13046, 1317, 132882, 132910, 133506, 13355, 133704, 13494, 139137, 139147, 1403, 143258, 1441, 144454, 14641, 147916, 149238, 151966, 15256, 154820, 155707, 1562, 15635, 156502, 157188, 157922, 15895, 16005, 16356, 16623, 169058, 17010, 17154, 173927, 174159, 17619, 176533, 17900, 1800, 18181, 182130, 18386, 185814, 18941, 1898, 19526, 19608, 196409, 1988, 201, 20128, 203859, 20716, 21077, 212098, 21245, 213, 214315, 21919, 22004, 22185, 229715, 2308, 23128, 23556, 23724, 23751, 23906, 24471, 24925, 24959, 25953, 2621, 264, 26871, 274, 27948, 2797, 2803, 28343, 29081, 2961, 29738, 30, 30588, 31023, 3148, 3270, 3272, 3327, 3344, 33541, 33920, 34327, 354, 35687, 3615, 36288, 37, 3742, 37694, 3779, 38046, 38071, 38118, 38195, 3882, 39155, 39733, 39781, 4, 4035, 4046, 4058, 41011, 4118, 41247, 4258, 42643, 43, 43765, 44090, 4418, 4491, 4511, 45270, 46093, 4635, 46452, 465, 46523, 4671, 470, 4723, 48619, 48704, 49519, 5052, 5053, 5085, 51008, 514, 5146, 5226, 53472, 5410, 5412, 5477, 5483, 56554, 57146, 575, 57776, 5796, 5841, 6, 60989, 62029, 62534, 6269, 630, 63472, 6376, 6633, 67112, 68414, 6986, 7041, 7051, 70982, 71277, 7150, 7165, 7200, 7272, 73663, 7408, 757, 758, 76177, 7646, 76798, 77784, 78562, 789, 79069, 79178, 7949, 7985, 80098, 81492, 82321, 8312, 83548, 844, 8550, 8857, 886, 91615, 9285, 9340, 9420, 955, 9636, 96499, 9744, 98273], "values": [0.0272064208984375, 0.10614013671875, 0.03875732421875, 0.1385498046875, 0.0278778076171875, 0.068603515625, 0.0279693603515625, 0.043182373046875, 0.11920166015625, 0.0179290771484375, 0.040496826171875, 0.0027637481689453125, 0.008148193359375, 0.0280609130859375, 0.1102294921875, 0.027587890625, 0.0282135009765625, 0.025634765625, 0.0277252197265625, 0.049407958984375, 0.0278778076171875, 0.024810791015625, 0.062225341796875, 0.084716796875, 0.14404296875, 0.0111846923828125, 0.0277252197265625, 0.04876708984375, 0.131103515625, 0.1278076171875, 0.1431884765625, 0.0850830078125, 0.08563232421875, 0.12445068359375, 0.1580810546875, 0.041351318359375, 0.028045654296875, 0.14794921875, 0.15234375, 0.08782958984375, 0.0279693603515625, 0.1334228515625, 0.11962890625, 0.01355743408203125, 0.0017843246459960938, 0.13720703125, 0.083740234375, 0.0601806640625, 0.0218048095703125, 0.0279693603515625, 0.0601806640625, 0.05560302734375, 0.039215087890625, 0.2041015625, 0.235595703125, 0.12200927734375, 0.05084228515625, 0.0275115966796875, 0.275146484375, 0.061370849609375, 0.0281524658203125, 0.11578369140625, 0.097412109375, 0.0238800048828125, 0.1031494140625, 0.0322265625, 0.0282440185546875, 0.0277862548828125, 0.09600830078125, 0.06634521484375, 0.1348876953125, 0.241943359375, 0.0257110595703125, 0.10528564453125, 0.0408935546875, 0.1278076171875, 0.0261993408203125, 0.09490966796875, 0.096435546875, 0.0186004638671875, 0.130126953125, 0.119873046875, 0.00909423828125, 0.0279998779296875, 0.11346435546875, 0.0262451171875, 0.109130859375, 0.0282440185546875, 0.0217437744140625, 0.08856201171875, 0.040283203125, 0.024627685546875, 0.058502197265625, 0.1278076171875, 0.077880859375, 0.0280609130859375, 0.224853515625, 0.049774169921875, 0.06939697265625, 0.02850341796875, 0.10418701171875, 0.028106689453125, 0.12353515625, 0.056915283203125, 0.177001953125, 0.0240936279296875, 0.09063720703125, 0.14306640625, 0.07879638671875, 0.0245208740234375, 0.115234375, 0.0280914306640625, 0.0869140625, 0.10089111328125, 0.02813720703125, 0.0279083251953125, 0.0281982421875, 0.0281982421875, 0.1761474609375, 0.17138671875, 0.0280914306640625, 0.036956787109375, 0.02838134765625, 0.025665283203125, 0.02886962890625, 0.006748199462890625, 0.0282745361328125, 0.0277252197265625, 0.049835205078125, 0.030975341796875, 0.06890869140625, 0.0276947021484375, 0.041534423828125, 0.0277099609375, 0.035064697265625, 0.08441162109375, 0.028564453125, 0.0281982421875, 0.053558349609375, 0.08282470703125, 0.02880859375, 0.09002685546875, 0.0261077880859375, 0.0128173828125, 0.1707763671875, 0.09014892578125, 0.07257080078125, 0.0233917236328125, 0.032470703125, 0.028289794921875, 0.04461669921875, 0.052520751953125, 0.0213623046875, 0.0946044921875, 0.06451416015625, 0.0303192138671875, 0.02789306640625, 0.18212890625, 0.0281829833984375, 0.06982421875, 0.0809326171875, 0.0526123046875, 0.0888671875, 0.07830810546875, 0.2293701171875, 0.04449462890625, 0.0277862548828125, 0.0283203125, 0.0281219482421875, 0.1641845703125, 0.0271453857421875, 0.0281219482421875, 0.007965087890625, 0.1414794921875, 0.02545166015625, 0.0272674560546875, 0.1951904296875, 0.0274810791015625, 0.028228759765625, 0.0285797119140625, 0.028167724609375, 0.0533447265625, 0.0281982421875, 0.08612060546875, 0.210205078125, 0.0273284912109375, 0.08612060546875, 0.0276336669921875, 0.10015869140625, 0.0672607421875, 0.0280303955078125, 0.0108184814453125, 0.09747314453125, 0.0288238525390625, 0.032623291015625, 0.1927490234375, 0.12548828125, 0.038055419921875, 0.06719970703125, 0.028167724609375, 0.09454345703125, 0.0280914306640625, 0.0192108154296875, 0.0263214111328125, 0.2469482421875, 0.137451171875, 0.2490234375, 0.0227813720703125, 0.11993408203125, 0.026641845703125, 0.0631103515625, 0.1490478515625, 0.07843017578125, 0.2449951171875, 0.06427001953125, 0.07177734375, 0.041107177734375, 0.01605224609375, 0.0908203125, 0.0277252197265625, 0.1336669921875, 0.10906982421875, 0.027191162109375, 0.0273284912109375, 0.04559326171875, 0.11260986328125, 0.0283660888671875, 0.009307861328125, 0.052276611328125, 0.27978515625, 0.0226593017578125, 0.054840087890625, 0.0279693603515625, 0.02813720703125, 0.1224365234375, 0.062744140625, 0.016632080078125, 0.2464599609375, 0.084228515625, 0.03472900390625, 0.0899658203125, 0.028106689453125, 0.05902099609375, 0.175537109375, 0.07635498046875, 0.10980224609375]}