{"indices": [10043, 10109, 101565, 1034, 10359, 1036, 103942, 10396, 104634, 105292, 1064, 10760, 107612, 10808, 109104, 11003, 11158, 112282, 1128, 112843, 11372, 114837, 11763, 12002, 12169, 12370, 124026, 124110, 12454, 12658, 1278, 12821, 12833, 13046, 13082, 13133, 132, 132370, 135547, 136229, 13647, 139147, 13941, 1403, 14183, 14242, 1441, 146563, 1516, 15256, 15298, 15362, 15396, 154820, 156502, 1580, 158004, 1589, 16, 1635, 16394, 164, 170152, 17072, 1726, 1800, 18000, 18350, 185795, 186846, 191102, 19186, 19541, 196409, 1965, 20146, 203289, 203593, 20373, 20556, 2058, 20615, 21001, 210897, 21091, 213, 21495, 2206, 2229, 224561, 22566, 22958, 230905, 231494, 232098, 23737, 23767, 238737, 2391, 2485, 24970, 24990, 25094, 25722, 2575, 2621, 264, 2672, 27283, 2875, 29089, 2954, 2955, 30, 30313, 30471, 30832, 30926, 310, 3169, 320, 3272, 3288, 3327, 33272, 33541, 34045, 354, 35452, 35567, 361, 36325, 37220, 37866, 3800, 38071, 38195, 384, 3856, 38831, 38957, 3990, 4, 40513, 40719, 40764, 40806, 41247, 42160, 42643, 42709, 42851, 43, 45049, 4511, 46376, 46452, 46754, 47348, 47805, 48389, 4941, 4945, 514, 51450, 5146, 51971, 5259, 53, 53174, 53340, 5370, 53780, 54093, 5410, 5412, 54137, 54742, 5477, 5525, 56, 562, 56431, 5714, 57239, 575, 5796, 58397, 6, 6167, 62624, 62736, 64010, 64038, 6436, 6609, 66277, 6628, 66816, 68108, 68667, 7005, 712, 71277, 7272, 7363, 73714, 74171, 75092, 76429, 76473, 78631, 789, 7949, 8262, 8312, 8393, 84409, 8585, 86807, 87739, 8827, 8912, 9075, 90944, 91615, 9426, 96018, 9636, 96499, 9730, 97904, 99278, 99328], "values": [0.0308837890625, 0.057098388671875, 0.140625, 0.030914306640625, 0.1217041015625, 0.0310516357421875, 0.002391815185546875, 0.0953369140625, 0.10675048828125, 0.03375244140625, 0.0309906005859375, 0.1292724609375, 0.0293121337890625, 0.030303955078125, 0.1939697265625, 0.002166748046875, 0.030975341796875, 0.060943603515625, 0.0307159423828125, 0.18408203125, 0.10760498046875, 0.025543212890625, 0.0310211181640625, 0.1302490234375, 0.0229949951171875, 0.0245208740234375, 0.0653076171875, 0.1029052734375, 0.0283203125, 0.0275115966796875, 0.030975341796875, 0.046173095703125, 0.1536865234375, 0.1136474609375, 0.031097412109375, 0.0794677734375, 0.030853271484375, 0.060272216796875, 0.0845947265625, 0.1734619140625, 0.09698486328125, 0.031219482421875, 0.030914306640625, 0.034759521484375, 0.0662841796875, 0.0131378173828125, 0.07330322265625, 0.1314697265625, 0.03094482421875, 0.0234222412109375, 0.044769287109375, 0.0237274169921875, 0.09173583984375, 0.1971435546875, 0.1148681640625, 0.030426025390625, 0.08697509765625, 0.056060791015625, 0.03106689453125, 0.0274658203125, 0.09942626953125, 0.0309295654296875, 0.12298583984375, 0.0362548828125, 0.0335693359375, 0.09320068359375, 0.056427001953125, 0.0200042724609375, 0.211669921875, 0.032745361328125, 0.09478759765625, 0.1904296875, 0.017333984375, 0.1622314453125, 0.06988525390625, 0.06939697265625, 0.06475830078125, 0.163818359375, 0.208251953125, 0.0242919921875, 0.0162811279296875, 0.10418701171875, 0.11572265625, 0.1309814453125, 0.1270751953125, 0.05035400390625, 0.13916015625, 0.038604736328125, 0.0263824462890625, 0.047210693359375, 0.07037353515625, 0.179931640625, 0.06524658203125, 0.035858154296875, 0.08416748046875, 0.0697021484375, 0.1585693359375, 0.0595703125, 0.03082275390625, 0.228759765625, 0.054840087890625, 0.0178985595703125, 0.0308380126953125, 0.031097412109375, 0.04058837890625, 0.030792236328125, 0.06689453125, 0.02978515625, 0.031036376953125, 0.030792236328125, 0.03094482421875, 0.22607421875, 0.0309600830078125, 0.044464111328125, 0.058746337890625, 0.026824951171875, 0.05755615234375, 0.02459716796875, 0.148193359375, 0.0533447265625, 0.030792236328125, 0.0308837890625, 0.030120849609375, 0.03106689453125, 0.11175537109375, 0.08319091796875, 0.0173797607421875, 0.0309600830078125, 0.12109375, 0.1431884765625, 0.0618896484375, 0.09307861328125, 0.1414794921875, 0.180419921875, 0.038238525390625, 0.156982421875, 0.1678466796875, 0.0297393798828125, 0.059783935546875, 0.09796142578125, 0.08941650390625, 0.0238800048828125, 0.03106689453125, 0.257080078125, 0.03094482421875, 0.044403076171875, 0.0091400146484375, 0.0256805419921875, 0.0294647216796875, 0.1453857421875, 0.0302886962890625, 0.1839599609375, 0.0310516357421875, 0.030548095703125, 0.0013904571533203125, 0.198486328125, 0.03118896484375, 0.239990234375, 0.0295867919921875, 0.07989501953125, 0.03082275390625, 0.0118865966796875, 0.02325439453125, 0.03094482421875, 0.1273193359375, 0.031005859375, 0.03125, 0.1346435546875, 0.03082275390625, 0.077392578125, 0.025238037109375, 0.1748046875, 0.0091400146484375, 0.052825927734375, 0.0301361083984375, 0.048309326171875, 0.0401611328125, 0.02728271484375, 0.13623046875, 0.12353515625, 0.030792236328125, 0.061859130859375, 0.039581298828125, 0.10357666015625, 0.1181640625, 0.030853271484375, 0.1546630859375, 0.05499267578125, 0.0309600830078125, 0.1356201171875, 0.0019435882568359375, 0.03106689453125, 0.1590576171875, 0.130615234375, 0.0682373046875, 0.07183837890625, 0.070556640625, 0.0312042236328125, 0.05908203125, 0.1339111328125, 0.030975341796875, 0.0308074951171875, 0.0308685302734375, 0.228759765625, 0.263671875, 0.093505859375, 0.06976318359375, 0.19287109375, 0.042022705078125, 0.0281219482421875, 0.047088623046875, 0.1319580078125, 0.030792236328125, 0.16064453125, 0.03277587890625, 0.030731201171875, 0.0438232421875, 0.1226806640625, 0.1038818359375, 0.134521484375, 0.09600830078125, 0.038726806640625, 0.049285888671875, 0.06573486328125, 0.039154052734375, 0.211669921875, 0.148681640625, 0.1063232421875, 0.016357421875, 0.260009765625, 0.134765625, 0.07305908203125, 0.1650390625, 0.12054443359375]}