{"indices": [10018, 100296, 10119, 101565, 10161, 102546, 102922, 10294, 1036, 1040, 10406, 107492, 108231, 108473, 11152, 11233, 112940, 11335, 1147, 116, 11608, 1173, 11763, 1193, 120518, 12169, 12370, 12833, 129007, 130403, 1317, 133614, 1344, 13494, 13545, 13730, 138666, 1388, 1395, 14371, 1441, 146563, 150533, 1516, 1542, 154820, 15895, 16, 160127, 160559, 16328, 1635, 1657, 17010, 17072, 17183, 1726, 17676, 180072, 18317, 1860, 186639, 1898, 19186, 192033, 194801, 19526, 1955, 1965, 1988, 20128, 203593, 20373, 204529, 20499, 21001, 210369, 21077, 2122, 213, 213964, 22004, 22103, 22256, 2229, 22335, 22566, 226160, 23128, 2317, 232620, 236691, 23906, 23978, 24754, 24854, 25094, 25519, 25744, 2575, 2621, 264, 26595, 268, 27065, 27221, 27393, 2745, 27686, 2803, 2830, 29951, 30, 30432, 3074, 30926, 31023, 313, 32218, 3272, 32799, 3322, 3327, 334, 33541, 33628, 354, 35567, 36115, 36762, 37866, 384, 38831, 38957, 39733, 3985, 4, 40513, 4058, 418, 42298, 42851, 43, 43221, 436, 4511, 4578, 4598, 4622, 46926, 4723, 47424, 48047, 48085, 5052, 50645, 514, 5146, 5230, 53399, 53780, 53853, 541, 5412, 5477, 5730, 57372, 5796, 59811, 6, 6056, 60570, 6167, 6269, 6335, 66930, 68108, 683, 684, 68414, 70051, 71073, 71277, 71698, 7272, 7408, 7409, 74171, 7499, 7741, 789, 7977, 8152, 839, 853, 8539, 8545, 85815, 8585, 89348, 89595, 90157, 91615, 9420, 9470, 952, 96499, 97109, 9730, 99278], "values": [0.07379150390625, 0.0269775390625, 0.12451171875, 0.1287841796875, 0.0867919921875, 0.0211029052734375, 0.08575439453125, 0.1529541015625, 0.0034656524658203125, 0.0029144287109375, 0.011383056640625, 0.10272216796875, 0.0026416778564453125, 0.111572265625, 0.002742767333984375, 0.0037994384765625, 0.10528564453125, 0.11016845703125, 0.0026607513427734375, 0.0012693405151367188, 0.156005859375, 0.00390625, 0.098388671875, 0.0242919921875, 0.0003674030303955078, 0.01367950439453125, 0.0218658447265625, 0.08148193359375, 0.180419921875, 0.1290283203125, 0.003353118896484375, 0.1278076171875, 0.0034809112548828125, 0.046234130859375, 0.0299072265625, 0.00273895263671875, 0.1290283203125, 0.00257110595703125, 0.0518798828125, 0.097412109375, 0.0311126708984375, 0.046722412109375, 0.1986083984375, 0.0121917724609375, 0.033538818359375, 0.1800537109375, 0.00299072265625, 0.002635955810546875, 0.134521484375, 0.00749969482421875, 0.11517333984375, 0.003391265869140625, 0.073486328125, 0.01009368896484375, 0.03656005859375, 0.0027599334716796875, 0.0038013458251953125, 0.0338134765625, 0.173828125, 0.040313720703125, 0.003509521484375, 0.1627197265625, 0.002613067626953125, 0.14501953125, 0.1776123046875, 0.154296875, 0.111083984375, 0.007411956787109375, 0.0026092529296875, 0.1502685546875, 0.057342529296875, 0.1990966796875, 0.198486328125, 0.00345611572265625, 0.0811767578125, 0.079833984375, 0.14990234375, 0.0322265625, 0.1407470703125, 0.002643585205078125, 0.126220703125, 0.01529693603515625, 0.1290283203125, 0.09320068359375, 0.0143890380859375, 0.2044677734375, 0.02459716796875, 0.1702880859375, 0.09796142578125, 0.0239105224609375, 0.1241455078125, 0.081787109375, 0.046112060546875, 0.065185546875, 0.01352691650390625, 0.0024013519287109375, 0.1339111328125, 0.033538818359375, 0.01386260986328125, 0.1546630859375, 0.0025348663330078125, 0.0272674560546875, 0.15234375, 0.0026988983154296875, 0.06805419921875, 0.05377197265625, 0.09478759765625, 0.003757476806640625, 0.04193115234375, 0.0036144256591796875, 0.1475830078125, 0.051055908203125, 0.0025482177734375, 0.0025844573974609375, 0.003589630126953125, 0.007556915283203125, 0.1241455078125, 0.040740966796875, 0.0178985595703125, 0.0035037994384765625, 0.0726318359375, 0.00250244140625, 0.003360748291015625, 0.10162353515625, 0.09197998046875, 0.0309906005859375, 0.01262664794921875, 0.141357421875, 0.234130859375, 0.0853271484375, 0.056060791015625, 0.11322021484375, 0.10711669921875, 0.03399658203125, 0.005069732666015625, 0.003448486328125, 0.0026493072509765625, 0.1627197265625, 0.06805419921875, 0.0311126708984375, 0.0538330078125, 0.205078125, 0.0030117034912109375, 0.046539306640625, 0.01235198974609375, 0.002567291259765625, 0.045166015625, 0.034210205078125, 0.0218505859375, 0.0011224746704101562, 0.0548095703125, 0.1439208984375, 0.110595703125, 0.0689697265625, 0.17333984375, 0.145263671875, 0.003704071044921875, 0.1920166015625, 0.08160400390625, 0.1646728515625, 0.08758544921875, 0.07891845703125, 0.0496826171875, 0.134521484375, 0.0848388671875, 0.0027332305908203125, 0.046051025390625, 0.09942626953125, 0.07147216796875, 0.0036411285400390625, 0.209716796875, 0.1085205078125, 0.044952392578125, 0.097900390625, 0.036895751953125, 0.1258544921875, 0.1275634765625, 0.0084686279296875, 0.07952880859375, 0.1297607421875, 0.0870361328125, 0.06256103515625, 0.216552734375, 0.09112548828125, 0.2320556640625, 0.0026187896728515625, 0.0011835098266601562, 0.1650390625, 0.052093505859375, 0.002269744873046875, 0.002704620361328125, 0.00257110595703125, 0.0026378631591796875, 0.117431640625, 0.0731201171875, 0.0059051513671875, 0.0989990234375, 0.11224365234375, 0.120849609375, 0.0263671875, 0.048980712890625, 0.1505126953125, 0.1737060546875, 0.033660888671875, 0.1751708984375, 0.10028076171875, 0.242431640625, 0.078369140625, 0.1231689453125, 0.059600830078125]}