{"indices": [10007, 10018, 100313, 10119, 10294, 1034, 1036, 10396, 104634, 1050, 10501, 106, 1062, 10625, 1064, 10725, 10808, 108640, 108834, 108921, 110375, 110389, 11076, 11142, 112737, 11372, 114327, 116300, 11727, 1173, 11818, 1189, 12002, 12169, 12250, 12370, 12555, 1273, 1278, 12833, 12965, 13046, 13167, 1317, 132, 132370, 135018, 136229, 139147, 139241, 1395, 140575, 14072, 14144, 1441, 14479, 145878, 14641, 147748, 147929, 149238, 149732, 150925, 153351, 15364, 154096, 154820, 15635, 15768, 1580, 1583, 1589, 16279, 165100, 16604, 167564, 168108, 17183, 1726, 178880, 17900, 182720, 18646, 187201, 18812, 1898, 190499, 193023, 19526, 19543, 1965, 206061, 20898, 2122, 21245, 212562, 212782, 213, 2229, 224264, 22566, 22578, 226605, 2283, 22981, 23368, 23556, 236691, 23737, 24051, 244563, 2458, 24698, 247, 24925, 24959, 25086, 25109, 25638, 264, 2719, 272, 27299, 2745, 28010, 28409, 29151, 29457, 29951, 30, 30263, 3123, 3182, 3272, 3302, 3327, 3382, 33899, 34134, 35115, 3574, 35973, 3615, 363, 36325, 36702, 37, 3759, 39155, 4, 40231, 41011, 41069, 41247, 42505, 4258, 4290, 43, 43221, 4465, 44964, 4511, 45547, 45945, 45963, 465, 4696, 4766, 47805, 4814, 4945, 50291, 5052, 5070, 5085, 5133, 514, 51450, 5146, 51802, 5207, 52611, 52688, 53174, 5330, 53438, 5410, 5412, 5477, 562, 56431, 5714, 573, 575, 5838, 58397, 5841, 58880, 59569, 59835, 6, 60668, 61133, 63472, 63699, 6376, 6436, 66207, 66816, 66930, 6768, 67828, 68714, 6881, 7048, 7150, 7197, 7272, 72964, 73714, 7408, 7409, 7447, 74998, 75462, 76798, 7688, 7741, 7847, 80098, 81224, 82534, 8261, 8312, 8393, 83944, 844, 8585, 8588, 8943, 89723, 9, 90, 9005, 9075, 91615, 93301, 94880, 9636, 96499, 9679, 97904, 97973], "values": [0.031219482421875, 0.1318359375, 0.11065673828125, 0.03900146484375, 0.1351318359375, 0.0308685302734375, 0.036590576171875, 0.10504150390625, 0.1552734375, 0.038360595703125, 0.1751708984375, 0.032806396484375, 0.11907958984375, 0.048828125, 0.0384521484375, 0.04913330078125, 0.126220703125, 0.10955810546875, 0.038055419921875, 0.038299560546875, 0.122802734375, 0.1602783203125, 0.14208984375, 0.118896484375, 0.01326751708984375, 0.05023193359375, 0.1663818359375, 0.0335693359375, 0.1578369140625, 0.038360595703125, 0.120361328125, 0.0771484375, 0.16162109375, 0.03851318359375, 0.03265380859375, 0.03790283203125, 0.06817626953125, 0.0284576416015625, 0.038299560546875, 0.07293701171875, 0.0853271484375, 0.1378173828125, 0.0220794677734375, 0.06280517578125, 0.037506103515625, 0.12286376953125, 0.305908203125, 0.196533203125, 0.146240234375, 0.106689453125, 0.0869140625, 0.205810546875, 0.034698486328125, 0.142578125, 0.0872802734375, 0.03826904296875, 0.10736083984375, 0.2239990234375, 0.1771240234375, 0.11944580078125, 0.210693359375, 0.2059326171875, 0.2244873046875, 0.0178680419921875, 0.036956787109375, 0.199951171875, 0.281494140625, 0.0611572265625, 0.06036376953125, 0.0276031494140625, 0.1671142578125, 0.038238525390625, 0.1531982421875, 0.10791015625, 0.07342529296875, 0.09783935546875, 0.09735107421875, 0.037200927734375, 0.0672607421875, 0.045562744140625, 0.0361328125, 0.11688232421875, 0.036651611328125, 0.188232421875, 0.0926513671875, 0.08514404296875, 0.05877685546875, 0.1656494140625, 0.12359619140625, 0.038360595703125, 0.06683349609375, 0.09149169921875, 0.08563232421875, 0.0229034423828125, 0.0230712890625, 0.037933349609375, 0.171630859375, 0.038330078125, 0.1912841796875, 0.0653076171875, 0.037872314453125, 0.19580078125, 0.1641845703125, 0.038299560546875, 0.046783447265625, 0.06170654296875, 0.03851318359375, 0.2083740234375, 0.11578369140625, 0.1097412109375, 0.1639404296875, 0.038116455078125, 0.09234619140625, 0.038604736328125, 0.032562255859375, 0.09716796875, 0.11376953125, 0.253662109375, 0.038238525390625, 0.0770263671875, 0.0382080078125, 0.0384521484375, 0.038421630859375, 0.035125732421875, 0.066650390625, 0.062164306640625, 0.036834716796875, 0.1053466796875, 0.0218048095703125, 0.06890869140625, 0.0386962890625, 0.09710693359375, 0.037506103515625, 0.03839111328125, 0.054168701171875, 0.038330078125, 0.031768798828125, 0.08697509765625, 0.10333251953125, 0.177490234375, 0.15771484375, 0.1341552734375, 0.125, 0.10614013671875, 0.03192138671875, 0.155517578125, 0.038360595703125, 0.127685546875, 0.038848876953125, 0.04449462890625, 0.0041961669921875, 0.1856689453125, 0.03680419921875, 0.050262451171875, 0.0087432861328125, 0.13330078125, 0.022491455078125, 0.038421630859375, 0.034454345703125, 0.11163330078125, 0.03125, 0.03302001953125, 0.03851318359375, 0.037628173828125, 0.07196044921875, 0.038482666015625, 0.11865234375, 0.038330078125, 0.08343505859375, 0.1800537109375, 0.0823974609375, 0.12445068359375, 0.228515625, 0.06402587890625, 0.03851318359375, 0.05584716796875, 0.03619384765625, 0.0628662109375, 0.1204833984375, 0.0384521484375, 0.03826904296875, 0.1265869140625, 0.04071044921875, 0.1287841796875, 0.2435302734375, 0.1500244140625, 0.1827392578125, 0.0784912109375, 0.0865478515625, 0.016815185546875, 0.0733642578125, 0.110107421875, 0.05853271484375, 0.038299560546875, 0.098388671875, 0.040496826171875, 0.10302734375, 0.038330078125, 0.11602783203125, 0.1044921875, 0.0538330078125, 0.097412109375, 0.1453857421875, 0.075439453125, 0.036895751953125, 0.044708251953125, 0.234130859375, 0.1746826171875, 0.04229736328125, 0.154296875, 0.02545166015625, 0.038421630859375, 0.0701904296875, 0.0161590576171875, 0.11383056640625, 0.08489990234375, 0.086181640625, 0.1839599609375, 0.1524658203125, 0.141357421875, 0.034515380859375, 0.103515625, 0.03826904296875, 0.1153564453125, 0.06256103515625, 0.134521484375, 0.146728515625, 0.04925537109375, 0.05157470703125, 0.1663818359375, 0.0229034423828125, 0.1378173828125, 0.083740234375, 0.1490478515625, 0.07513427734375, 0.0474853515625, 0.038421630859375, 0.0128631591796875, 0.1337890625, 0.07586669921875, 0.045440673828125, 0.03717041015625, 0.046051025390625, 0.110595703125, 0.035064697265625, 0.228759765625, 0.11651611328125, 0.107421875, 0.0172882080078125, 0.264892578125, 0.0227508544921875, 0.152099609375, 0.0755615234375]}