{"indices": [10018, 101062, 102528, 10294, 10310, 103310, 1034, 1036, 103942, 10436, 10461, 10501, 105292, 10637, 106636, 10725, 11033, 110718, 112737, 1130, 11554, 115727, 11578, 116, 1173, 1189, 12169, 12236, 124018, 124026, 124319, 127596, 1278, 12833, 129239, 129291, 130576, 132890, 133614, 13494, 135018, 1363, 138177, 13849, 139147, 14144, 14183, 142142, 1441, 14641, 147916, 148362, 149238, 1493, 149309, 15, 151161, 15346, 15478, 1548, 154820, 1562, 1589, 159619, 16, 163738, 16408, 16418, 165493, 167460, 168528, 17010, 172470, 1726, 17707, 17715, 177263, 17729, 18000, 18677, 187423, 189565, 190011, 19543, 19608, 198163, 20128, 206061, 208577, 2112, 21161, 213, 214820, 2229, 22566, 22613, 2283, 22981, 229821, 23060, 2308, 23398, 2346, 23584, 23767, 238842, 23906, 2413, 2438, 2458, 24925, 25278, 264, 26439, 2672, 26756, 2698, 27331, 274, 28155, 28343, 29020, 29268, 29391, 294, 30, 32214, 3270, 3272, 3344, 3382, 34045, 34372, 35197, 35303, 35489, 35665, 3615, 36325, 36333, 3640, 36895, 3742, 3759, 37866, 3850, 3893, 39152, 39155, 3985, 4, 40338, 41011, 42477, 4258, 42643, 43, 43321, 43594, 4418, 4465, 4511, 4696, 470, 47107, 4723, 4742, 49125, 4941, 50291, 5052, 5070, 5085, 5133, 514, 5146, 5226, 5410, 55874, 55960, 56554, 5714, 57227, 5730, 5733, 5796, 58331, 5838, 58880, 6, 61026, 62193, 6233, 6376, 63851, 66271, 66277, 66754, 66795, 67828, 68224, 68414, 69183, 6966, 7, 71277, 71765, 7272, 72963, 73130, 73261, 73421, 73630, 73663, 73714, 7408, 7447, 7646, 7847, 7985, 80015, 81492, 82283, 8312, 844, 8488, 8585, 8681, 9002, 9005, 91615, 9420, 94672, 9632, 96499, 9736, 97777], "values": [0.136474609375, 0.09552001953125, 0.08685302734375, 0.1258544921875, 0.049896240234375, 0.013702392578125, 0.03887939453125, 0.038116455078125, 0.01505279541015625, 0.0013532638549804688, 0.0989990234375, 0.1639404296875, 0.087158203125, 0.02606201171875, 0.1295166015625, 0.0156707763671875, 0.006465911865234375, 0.0250396728515625, 0.1617431640625, 0.039093017578125, 0.0019359588623046875, 0.042755126953125, 0.107666015625, 0.0218963623046875, 0.0074005126953125, 0.03875732421875, 0.0174102783203125, 0.1810302734375, 0.0116119384765625, 0.017059326171875, 0.03839111328125, 0.045623779296875, 0.038360595703125, 0.0789794921875, 0.108154296875, 0.031280517578125, 0.0279388427734375, 0.047882080078125, 0.1595458984375, 0.07830810546875, 0.253173828125, 0.0390625, 0.028778076171875, 0.08184814453125, 0.12158203125, 0.1778564453125, 0.025421142578125, 0.05694580078125, 0.1246337890625, 0.1533203125, 0.1829833984375, 0.06536865234375, 0.2105712890625, 0.007511138916015625, 0.0238189697265625, 0.038787841796875, 0.02886962890625, 0.0401611328125, 0.057769775390625, 0.03759765625, 0.297607421875, 0.038848876953125, 0.03765869140625, 0.05181884765625, 0.038177490234375, 0.07928466796875, 0.17724609375, 0.1583251953125, 0.19873046875, 0.01396942138671875, 0.12261962890625, 0.037689208984375, 0.0341796875, 0.027008056640625, 0.1285400390625, 0.05645751953125, 0.03863525390625, 0.07769775390625, 0.1097412109375, 0.0374755859375, 0.11517333984375, 0.10125732421875, 0.136474609375, 0.12261962890625, 0.060638427734375, 0.0631103515625, 0.052459716796875, 0.1636962890625, 0.04461669921875, 0.0628662109375, 0.038909912109375, 0.0897216796875, 0.08416748046875, 0.01245880126953125, 0.034942626953125, 0.067626953125, 0.1632080078125, 0.0228729248046875, 0.1702880859375, 0.0262603759765625, 0.03118896484375, 0.08905029296875, 0.033538818359375, 0.070556640625, 0.1453857421875, 0.041412353515625, 0.035064697265625, 0.03271484375, 0.054107666015625, 0.10321044921875, 0.134765625, 0.097412109375, 0.043182373046875, 0.1448974609375, 0.036468505859375, 0.112548828125, 0.0389404296875, 0.0654296875, 0.03887939453125, 0.02996826171875, 0.10968017578125, 0.146484375, 0.036956787109375, 0.0379638671875, 0.0389404296875, 0.045562744140625, 0.038848876953125, 0.0386962890625, 0.09423828125, 0.05975341796875, 0.0531005859375, 0.0679931640625, 0.1463623046875, 0.047607421875, 0.031097412109375, 0.01543426513671875, 0.036224365234375, 0.08770751953125, 0.138427734375, 0.0243072509765625, 0.111328125, 0.1474609375, 0.1292724609375, 0.064453125, 0.06121826171875, 0.0386962890625, 0.09405517578125, 0.061431884765625, 0.0181427001953125, 0.0382080078125, 0.039031982421875, 0.0894775390625, 0.127685546875, 0.0242767333984375, 0.09161376953125, 0.1966552734375, 0.038970947265625, 0.1383056640625, 0.044677734375, 0.11627197265625, 0.09197998046875, 0.0199432373046875, 0.07403564453125, 0.0384521484375, 0.0562744140625, 0.038787841796875, 0.10845947265625, 0.08148193359375, 0.03753662109375, 0.1475830078125, 0.212646484375, 0.08209228515625, 0.037261962890625, 0.01342010498046875, 0.0389404296875, 0.037200927734375, 0.06939697265625, 0.10577392578125, 0.1201171875, 0.07354736328125, 0.040924072265625, 0.038330078125, 0.08709716796875, 0.0299835205078125, 0.019195556640625, 0.12200927734375, 0.09857177734375, 0.130615234375, 0.1087646484375, 0.038970947265625, 0.032928466796875, 0.041015625, 0.0760498046875, 0.0389404296875, 0.0836181640625, 0.09271240234375, 0.134765625, 0.0391845703125, 0.027862548828125, 0.035919189453125, 0.027862548828125, 0.1888427734375, 0.058502197265625, 0.022430419921875, 0.038909912109375, 0.06243896484375, 0.035308837890625, 0.2034912109375, 0.03521728515625, 0.037322998046875, 0.109375, 0.003124237060546875, 0.167236328125, 0.037811279296875, 0.037078857421875, 0.038909912109375, 0.0183868408203125, 0.038726806640625, 0.051177978515625, 0.038726806640625, 0.0958251953125, 0.241943359375, 0.043914794921875, 0.1435546875, 0.03912353515625, 0.11065673828125, 0.11151123046875, 0.038909912109375, 0.0904541015625, 0.059967041015625, 0.276123046875, 0.08648681640625, 0.03857421875, 0.03857421875, 0.3251953125, 0.024566650390625, 0.0863037109375]}