{"indices": [100595, 101565, 10289, 10639, 106697, 106703, 109364, 1104, 11062, 11075, 111, 113041, 11548, 116329, 1189, 119485, 12, 12239, 125682, 126858, 129781, 129969, 13, 132, 136, 1375, 139720, 14, 14012, 140429, 14359, 143741, 144, 1463, 147, 147003, 147546, 147758, 1492, 15290, 15301, 154782, 15811, 159, 1634, 16665, 169073, 170768, 174948, 180348, 1809, 18646, 1898, 19229, 193943, 19828, 199332, 202118, 20913, 213070, 21855, 22751, 23, 230466, 2320, 235398, 2357, 238478, 241, 24821, 254, 26073, 267, 2678, 268, 272, 277, 27948, 28406, 28717, 289, 29089, 294, 30145, 30494, 3117, 313, 31494, 31722, 33120, 339, 34419, 35509, 3640, 382, 4, 40266, 40322, 4058, 4068, 43, 43631, 4418, 44713, 456, 46312, 4633, 48262, 48448, 491, 49150, 49409, 4970, 5, 5016, 52299, 5337, 53780, 54, 54491, 55157, 568, 572, 59535, 6, 60213, 61107, 634, 6371, 64, 6403, 669, 68108, 6873, 69139, 69988, 7, 704, 714, 7420, 75536, 76519, 8, 8059, 82, 821, 83318, 8357, 84770, 84837, 85090, 87, 87398, 87673, 87758, 8877, 9, 9001, 90449, 9186, 9552, 98], "values": [2.5033950805664062e-05, 0.1854248046875, 0.0034580230712890625, 0.11541748046875, 0.03485107421875, 0.0246429443359375, 0.09393310546875, 0.004596710205078125, 0.1134033203125, 0.130126953125, 0.00514984130859375, 0.08746337890625, 0.003936767578125, 0.04345703125, 0.00806427001953125, 0.1346435546875, 0.00460052490234375, 0.1719970703125, 0.04840087890625, 0.1527099609375, 0.2059326171875, 0.162353515625, 0.01531982421875, 0.003841400146484375, 0.03765869140625, 0.0567626953125, 0.1439208984375, 0.0938720703125, 0.1661376953125, 0.10345458984375, 0.183349609375, 0.09844970703125, 0.004924774169921875, 0.0016765594482421875, 0.0970458984375, 0.08538818359375, 0.0384521484375, 0.044830322265625, 0.132080078125, 0.11669921875, 0.0003752708435058594, 0.00384521484375, 0.1834716796875, 0.004772186279296875, 0.0927734375, 0.004032135009765625, 0.023712158203125, 0.11309814453125, 0.1566162109375, 0.004779815673828125, 0.08953857421875, 0.14697265625, 0.13720703125, 0.047698974609375, 0.2315673828125, 0.03692626953125, 0.1474609375, 0.003879547119140625, 0.1221923828125, 0.171630859375, 0.1634521484375, 0.12548828125, 0.00408935546875, 0.189697265625, 0.005161285400390625, 0.1390380859375, 0.12054443359375, 0.167236328125, 0.02081298828125, 0.0036640167236328125, 0.0014524459838867188, 0.1907958984375, 0.0557861328125, 0.0792236328125, 0.005245208740234375, 0.00511932373046875, 0.1221923828125, 0.1103515625, 0.10943603515625, 0.0247650146484375, 0.00519561767578125, 0.07916259765625, 0.005275726318359375, 0.0204620361328125, 0.0694580078125, 0.0010528564453125, 0.00333404541015625, 0.1572265625, 0.1505126953125, 0.0714111328125, 0.01055145263671875, 0.07269287109375, 0.1395263671875, 0.1026611328125, 0.08099365234375, 0.005260467529296875, 0.172607421875, 0.08026123046875, 0.03900146484375, 0.03143310546875, 0.005275726318359375, 0.1259765625, 0.06451416015625, 0.11669921875, 0.08367919921875, 0.178466796875, 0.04364013671875, 0.05706787109375, 0.193115234375, 0.1138916015625, 0.0032444000244140625, 0.07440185546875, 0.12939453125, 0.00516510009765625, 0.0011167526245117188, 0.09765625, 0.1712646484375, 0.12286376953125, 0.035308837890625, 0.0005598068237304688, 0.002307891845703125, 0.005126953125, 0.0239105224609375, 0.0164337158203125, 0.0053253173828125, 0.10406494140625, 0.0027217864990234375, 0.06719970703125, 0.002552032470703125, 0.00511932373046875, 4.1484832763671875e-05, 0.139892578125, 0.0855712890625, 0.0011310577392578125, 0.081298828125, 0.2314453125, 0.005252838134765625, 0.1353759765625, 0.06689453125, 0.08734130859375, 0.0843505859375, 0.1297607421875, 0.1376953125, 0.08868408203125, 0.00392913818359375, 0.06787109375, 0.121826171875, 0.02508544921875, 0.22998046875, 0.11126708984375, 0.006786346435546875, 0.033721923828125, 0.05999755859375, 0.06781005859375, 0.075439453125, 0.07720947265625, 0.00504302978515625, 0.08978271484375, 0.202392578125, 0.109375, 0.1312255859375, 0.051544189453125]}