{"indices": [10018, 101062, 10132, 101565, 102131, 10294, 1036, 10406, 104634, 10501, 10613, 10637, 106636, 106638, 10725, 10808, 109460, 1102, 112282, 11233, 1128, 112843, 1130, 11372, 118343, 1189, 11963, 12002, 12256, 12272, 123896, 127508, 1278, 12821, 12833, 1288, 129007, 129285, 13082, 13182, 132370, 133614, 1344, 13519, 137404, 139147, 1395, 1403, 142580, 14841, 1516, 152551, 15290, 15475, 154820, 15657, 15689, 157029, 15768, 1589, 16394, 164583, 17154, 1726, 17866, 179437, 180072, 18613, 18628, 18646, 186639, 19526, 1955, 196017, 198611, 1988, 203593, 20373, 204529, 206061, 209078, 21001, 2122, 213, 21476, 2213, 2229, 22605, 226881, 2283, 23767, 23844, 2438, 246934, 24914, 24925, 24959, 25094, 25722, 25786, 264, 2657, 26595, 2672, 26756, 274, 30, 30168, 3074, 31023, 3272, 33096, 3322, 3327, 3382, 34617, 35073, 35567, 36115, 3615, 36570, 36762, 36895, 37, 37866, 384, 39687, 4, 40513, 41294, 41904, 42037, 42100, 42139, 4258, 42709, 43, 4418, 4465, 4511, 4578, 46452, 47424, 4766, 4945, 49755, 5052, 5070, 5085, 51018, 51083, 5133, 514, 5226, 53174, 53399, 534, 5410, 5412, 5477, 55007, 55960, 5714, 575, 5796, 5838, 5841, 59297, 5998, 6, 60615, 62736, 63472, 6376, 6545, 66891, 66930, 68108, 68414, 70051, 70388, 7041, 71073, 71277, 72034, 7272, 72963, 72964, 7408, 7409, 74171, 77784, 7949, 80098, 8105, 8393, 85255, 86030, 90500, 9085, 91615, 92455, 9340, 9420, 94880, 96499, 9744, 97825, 97904, 98377, 9989], "values": [0.1326904296875, 0.17236328125, 0.0289459228515625, 0.0302581787109375, 0.0193328857421875, 0.1097412109375, 0.03143310546875, 0.0958251953125, 0.08770751953125, 0.2119140625, 0.026580810546875, 0.1361083984375, 0.10040283203125, 0.03973388671875, 0.0173187255859375, 0.0357666015625, 0.031646728515625, 0.006816864013671875, 0.0273590087890625, 0.06048583984375, 0.1826171875, 0.08404541015625, 0.030609130859375, 0.199462890625, 0.03497314453125, 0.065185546875, 0.03399658203125, 0.0562744140625, 0.0252227783203125, 0.08843994140625, 0.206787109375, 0.0308685302734375, 0.0311737060546875, 0.03106689453125, 0.1298828125, 0.059112548828125, 0.050811767578125, 0.10076904296875, 0.0281219482421875, 0.04876708984375, 0.06622314453125, 0.08837890625, 0.031005859375, 0.002407073974609375, 0.031951904296875, 0.215576171875, 0.0361328125, 0.0309906005859375, 0.042144775390625, 0.158447265625, 0.1929931640625, 0.037872314453125, 0.0265655517578125, 0.0284576416015625, 0.2471923828125, 0.0318603515625, 0.11944580078125, 0.05462646484375, 0.1580810546875, 0.0311126708984375, 0.11639404296875, 0.07354736328125, 0.137451171875, 0.031219482421875, 0.028289794921875, 0.0556640625, 0.1529541015625, 0.13330078125, 0.0836181640625, 0.0186767578125, 0.15576171875, 0.02984619140625, 0.009857177734375, 0.1182861328125, 0.08660888671875, 0.0311126708984375, 0.12152099609375, 0.169677734375, 0.038726806640625, 0.1864013671875, 0.032012939453125, 0.186767578125, 0.146484375, 0.031219482421875, 0.060577392578125, 0.0311737060546875, 0.01151275634765625, 0.031280517578125, 0.135498046875, 0.11273193359375, 0.053314208984375, 0.0206146240234375, 0.12457275390625, 0.1822509765625, 0.1181640625, 0.1263427734375, 0.03179931640625, 0.1640625, 0.01047515869140625, 0.0802001953125, 0.031097412109375, 0.00653076171875, 0.0310516357421875, 0.031219482421875, 0.019775390625, 0.0310516357421875, 0.03131103515625, 0.0731201171875, 0.031494140625, 0.11102294921875, 0.03118896484375, 0.04461669921875, 0.0250091552734375, 0.0312042236328125, 0.06695556640625, 0.127685546875, 0.041961669921875, 0.2509765625, 0.1995849609375, 0.048187255859375, 0.031036376953125, 0.028533935546875, 0.141357421875, 0.03143310546875, 0.078857421875, 0.07342529296875, 0.0140533447265625, 0.032257080078125, 0.1470947265625, 0.056610107421875, 0.0310821533203125, 0.160400390625, 0.0131378173828125, 0.0143890380859375, 0.10162353515625, 0.09967041015625, 0.047943115234375, 0.1475830078125, 0.1275634765625, 0.0267181396484375, 0.043670654296875, 0.0312347412109375, 0.08135986328125, 0.03118896484375, 0.0168304443359375, 0.13232421875, 0.151611328125, 0.0125579833984375, 0.0312042236328125, 0.038330078125, 0.004779815673828125, 0.0740966796875, 0.03125, 0.0309295654296875, 0.08306884765625, 0.1221923828125, 0.05462646484375, 0.135498046875, 0.061553955078125, 0.1671142578125, 0.0313720703125, 0.06732177734375, 0.0265655517578125, 0.0311431884765625, 0.06524658203125, 0.1748046875, 0.060272216796875, 0.0214996337890625, 0.035797119140625, 0.031280517578125, 0.02911376953125, 0.0169830322265625, 0.1219482421875, 0.0281982421875, 0.00539398193359375, 0.0732421875, 0.169921875, 0.12200927734375, 0.1590576171875, 0.035614013671875, 0.12066650390625, 0.1683349609375, 0.0306549072265625, 0.1644287109375, 0.010040283203125, 0.23388671875, 0.17529296875, 0.2149658203125, 0.00812530517578125, 0.0310516357421875, 0.161376953125, 0.1767578125, 0.031646728515625, 0.263427734375, 0.06378173828125, 0.0261383056640625, 0.01309967041015625, 0.057037353515625, 0.01020050048828125, 0.09063720703125, 0.235595703125, 0.0311126708984375, 0.1693115234375, 0.059478759765625, 0.05560302734375, 0.264404296875, 0.0213470458984375, 0.03192138671875, 0.1837158203125, 0.019134521484375, 0.031036376953125]}