{"indices": [10018, 10132, 101565, 10294, 1034, 1036, 10406, 10501, 10625, 1064, 106638, 10666, 10784, 108231, 11158, 112843, 113289, 11372, 114327, 11588, 116, 11763, 118343, 12002, 12169, 12256, 12272, 1238, 123843, 12510, 12568, 127508, 1278, 12833, 13046, 13082, 133506, 1344, 13494, 135018, 136229, 13683, 137404, 139147, 1395, 14, 14351, 144000, 14654, 147916, 14841, 148660, 149238, 15, 150925, 1516, 15161, 152961, 154820, 15603, 15895, 16, 160487, 160813, 1635, 16623, 168832, 169058, 17072, 17154, 176131, 180072, 1801, 18321, 1844, 1860, 186639, 189668, 1898, 19071, 19186, 194348, 194801, 19526, 19543, 1955, 1988, 2003, 20128, 20373, 204529, 209524, 2122, 212564, 213, 21490, 2203, 22038, 220760, 224561, 23060, 23844, 23862, 2391, 24714, 24959, 25094, 25109, 2621, 26398, 264, 26595, 26756, 268, 2719, 272, 27221, 27393, 274, 27825, 28343, 29151, 29328, 30, 30168, 3074, 30792, 31023, 3294, 33145, 3322, 3327, 3352, 33929, 341, 34783, 354, 35452, 35567, 36551, 36570, 3779, 37866, 391, 39579, 39733, 3985, 4, 40513, 41084, 4114, 41187, 4126, 418, 41904, 423, 42505, 4258, 42709, 4280, 42851, 43, 4332, 43631, 4418, 4465, 44725, 449, 4511, 4578, 45945, 46452, 46695, 4723, 47424, 47805, 49755, 5, 5032, 5052, 514, 53399, 53780, 5392, 541, 5410, 5477, 5525, 55960, 56604, 5714, 57175, 57372, 575, 5796, 58504, 58671, 6, 616, 62029, 63472, 6376, 64172, 6436, 66277, 66891, 66930, 68107, 68108, 6889, 6986, 70051, 7041, 70761, 71073, 71277, 7272, 74171, 74193, 74823, 75092, 7646, 7741, 7847, 78558, 789, 7949, 7985, 80163, 8173, 8312, 839, 844, 8488, 8585, 8827, 8943, 89595, 91615, 92455, 927, 9420, 95242, 96499, 97825, 98377, 99278, 9989], "values": [0.10968017578125, 0.03155517578125, 0.1937255859375, 0.1329345703125, 0.005947113037109375, 0.031158447265625, 0.10650634765625, 0.1531982421875, 0.0142059326171875, 0.007663726806640625, 0.09686279296875, 0.031494140625, 0.03167724609375, 0.115966796875, 0.07977294921875, 0.13232421875, 0.0633544921875, 0.1571044921875, 0.053131103515625, 0.031524658203125, 0.0306396484375, 0.031494140625, 0.07220458984375, 0.055816650390625, 0.013580322265625, 0.08648681640625, 0.1378173828125, 0.03118896484375, 0.111328125, 0.040283203125, 0.0133819580078125, 0.01904296875, 0.03143310546875, 0.1270751953125, 0.10418701171875, 0.03125, 0.0038394927978515625, 0.0316162109375, 0.07269287109375, 0.1942138671875, 0.251953125, 0.018646240234375, 0.0777587890625, 0.162353515625, 0.015777587890625, 0.03143310546875, 0.0528564453125, 0.0223541259765625, 0.072021484375, 0.217041015625, 0.03155517578125, 0.0919189453125, 0.15478515625, 0.0316162109375, 0.1365966796875, 0.031646728515625, 0.06170654296875, 0.043121337890625, 0.2427978515625, 0.0712890625, 0.047760009765625, 0.031646728515625, 0.0316162109375, 0.006900787353515625, 0.0069427490234375, 0.06719970703125, 0.030914306640625, 0.11846923828125, 0.031585693359375, 0.056549072265625, 0.037200927734375, 0.150634765625, 0.1070556640625, 0.1175537109375, 0.031524658203125, 0.0316162109375, 0.1282958984375, 0.1336669921875, 0.12432861328125, 0.031951904296875, 0.09930419921875, 0.11419677734375, 0.10382080078125, 0.1444091796875, 0.0313720703125, 0.037384033203125, 0.031494140625, 0.031524658203125, 0.082763671875, 0.1279296875, 0.0316162109375, 0.060333251953125, 0.114013671875, 0.0202178955078125, 0.0316162109375, 0.02130126953125, 0.031585693359375, 0.04058837890625, 0.1639404296875, 0.07757568359375, 0.0450439453125, 0.048095703125, 0.06536865234375, 0.06951904296875, 0.02093505859375, 0.0084991455078125, 0.12139892578125, 0.10833740234375, 0.0316162109375, 0.037139892578125, 0.07708740234375, 0.031341552734375, 0.0170745849609375, 0.031585693359375, 0.031646728515625, 0.031646728515625, 0.10174560546875, 0.0711669921875, 0.031494140625, 0.136962890625, 0.1015625, 0.0266876220703125, 0.00720977783203125, 0.031585693359375, 0.09912109375, 0.0010175704956054688, 0.107177734375, 0.1444091796875, 0.031646728515625, 0.11669921875, 0.03155517578125, 0.045623779296875, 0.0023174285888671875, 0.03155517578125, 0.0181121826171875, 0.11602783203125, 0.03155517578125, 0.06744384765625, 0.135986328125, 0.0118408203125, 0.031402587890625, 0.031646728515625, 0.1109619140625, 0.0308074951171875, 0.0024166107177734375, 0.031402587890625, 0.03131103515625, 0.031646728515625, 0.12384033203125, 0.03167724609375, 0.07440185546875, 0.0185089111328125, 0.031585693359375, 0.031463623046875, 0.0313720703125, 0.11053466796875, 0.0221710205078125, 0.1063232421875, 0.132568359375, 0.033538818359375, 0.03155517578125, 0.0316162109375, 0.031463623046875, 0.070556640625, 0.06341552734375, 0.05218505859375, 0.06195068359375, 0.031341552734375, 0.032958984375, 0.016693115234375, 0.0428466796875, 0.0316162109375, 0.1134033203125, 0.051239013671875, 0.031524658203125, 0.1375732421875, 0.0772705078125, 0.0316162109375, 0.1400146484375, 0.10821533203125, 0.0316162109375, 0.1561279296875, 0.02880859375, 0.008758544921875, 0.020904541015625, 0.0139007568359375, 0.1573486328125, 0.031585693359375, 0.1492919921875, 0.193359375, 0.034698486328125, 0.046356201171875, 0.0311737060546875, 0.031524658203125, 0.08056640625, 0.06817626953125, 0.043792724609375, 0.03167724609375, 0.06976318359375, 0.05108642578125, 0.0880126953125, 0.031524658203125, 0.0262298583984375, 0.12359619140625, 0.11566162109375, 0.153076171875, 0.081298828125, 0.04248046875, 0.05047607421875, 0.03167724609375, 0.03155517578125, 0.0175628662109375, 0.05096435546875, 0.032073974609375, 0.1412353515625, 0.169189453125, 0.1690673828125, 0.1346435546875, 0.160888671875, 0.0309600830078125, 0.09954833984375, 0.031524658203125, 0.0029697418212890625, 0.05133056640625, 0.031463623046875, 0.0313720703125, 0.055816650390625, 0.01496124267578125, 0.0292205810546875, 0.03350830078125, 0.0777587890625, 0.005718231201171875, 0.031524658203125, 0.08172607421875, 0.06634521484375, 0.1285400390625, 0.01088714599609375, 0.136962890625, 0.228271484375, 0.031585693359375, 0.03167724609375, 0.03143310546875, 0.2344970703125, 0.2998046875, 0.045806884765625, 0.0087738037109375, 0.0318603515625, 0.03131103515625]}