{"indices": [101565, 102591, 102753, 10294, 10366, 1039, 10396, 1040, 10406, 104634, 10808, 10898, 109104, 110375, 1107, 11158, 11233, 1128, 112843, 112940, 116, 11637, 117211, 1173, 11763, 1189, 12002, 12093, 121537, 12256, 124026, 12568, 1278, 12833, 13082, 132370, 133030, 133614, 13519, 13730, 1378, 139147, 1395, 14183, 14371, 1441, 1516, 15447, 154820, 15658, 160127, 1631, 1635, 16709, 17072, 17085, 17183, 1726, 1733, 17376, 175591, 17619, 177673, 17989, 1800, 18000, 180364, 18317, 1860, 186452, 18958, 1898, 19071, 19186, 195508, 20107, 20128, 203593, 20373, 21001, 21068, 2110, 2122, 21495, 22103, 2212, 2229, 22566, 22605, 226160, 2283, 2308, 23767, 23906, 2413, 25786, 2621, 264, 2657, 26595, 27393, 2745, 27953, 29151, 29391, 2961, 29951, 30530, 31509, 3169, 3272, 3302, 3322, 3327, 33531, 33541, 33542, 354, 35567, 37, 37866, 38071, 3846, 38957, 39155, 397, 3985, 4, 40513, 4058, 41904, 42709, 42851, 43, 44134, 4511, 4622, 46452, 46453, 465, 46523, 47348, 47805, 4814, 48412, 4945, 5032, 5146, 5226, 5292, 53174, 5353, 53780, 54093, 5410, 5412, 5477, 5525, 5610, 5714, 573, 575, 5796, 6, 60030, 61936, 6442, 6545, 66277, 68108, 68414, 70389, 71073, 71277, 7272, 72731, 73426, 7408, 74171, 7545, 78558, 78562, 78794, 789, 79069, 7949, 7985, 8105, 8119, 8393, 84409, 86807, 8836, 9, 9021, 90305, 91615, 9420, 96052, 96499, 9730, 9744, 97904, 9989], "values": [0.10906982421875, 0.00730133056640625, 0.10302734375, 0.062744140625, 0.005954742431640625, 0.13037109375, 0.05023193359375, 0.01280975341796875, 0.035491943359375, 0.10540771484375, 0.034912109375, 0.1578369140625, 0.13037109375, 0.10040283203125, 0.0209197998046875, 0.01313018798828125, 0.08392333984375, 0.01279449462890625, 0.1986083984375, 0.06683349609375, 0.0123291015625, 0.01203155517578125, 0.0127716064453125, 0.057861328125, 0.0130462646484375, 0.0128173828125, 0.142578125, 0.044921875, 0.1632080078125, 0.1490478515625, 0.053314208984375, 0.0157623291015625, 0.01288604736328125, 0.05694580078125, 0.01293182373046875, 0.08636474609375, 0.01300048828125, 0.08233642578125, 0.006832122802734375, 0.01108551025390625, 0.0290374755859375, 0.0941162109375, 0.01214599609375, 0.052642822265625, 0.010040283203125, 0.040008544921875, 0.01280975341796875, 0.0008759498596191406, 0.1605224609375, 0.051971435546875, 0.0738525390625, 0.04486083984375, 0.02252197265625, 0.0008997917175292969, 0.043701171875, 0.037353515625, 0.01282501220703125, 0.01294708251953125, 0.08251953125, 0.0372314453125, 0.07965087890625, 0.21337890625, 0.0253753662109375, 0.0986328125, 0.038116455078125, 0.0762939453125, 0.1507568359375, 0.011474609375, 0.0128936767578125, 0.0276641845703125, 0.01090240478515625, 0.07220458984375, 0.0127410888671875, 0.1572265625, 0.0877685546875, 0.0118560791015625, 0.04388427734375, 0.1510009765625, 0.2261962890625, 0.08038330078125, 0.0129241943359375, 0.007122039794921875, 0.095703125, 0.107177734375, 0.01279449462890625, 0.01284027099609375, 0.0093841552734375, 0.0099945068359375, 0.0275421142578125, 0.00905609130859375, 0.1199951171875, 0.01280975341796875, 0.196533203125, 0.060699462890625, 0.01274871826171875, 0.101318359375, 0.01296234130859375, 0.0338134765625, 0.105224609375, 0.1480712890625, 0.12060546875, 0.01262664794921875, 0.00821685791015625, 0.0116729736328125, 0.07232666015625, 0.01187896728515625, 0.042938232421875, 0.08740234375, 0.01015472412109375, 0.1170654296875, 0.04345703125, 0.03204345703125, 0.0128021240234375, 0.01568603515625, 0.031707763671875, 0.0206298828125, 0.0357666015625, 0.0294952392578125, 0.09222412109375, 0.0127410888671875, 0.066650390625, 0.08648681640625, 0.01285552978515625, 0.06689453125, 0.0240325927734375, 0.0126495361328125, 0.01287078857421875, 0.01300811767578125, 0.26123046875, 0.063720703125, 0.01290130615234375, 0.0966796875, 0.206298828125, 0.01306915283203125, 0.09552001953125, 0.0126190185546875, 0.1527099609375, 0.0130767822265625, 0.01291656494140625, 0.01282501220703125, 0.029510498046875, 0.088134765625, 0.1505126953125, 0.019500732421875, 0.02020263671875, 0.06817626953125, 0.1173095703125, 0.01273345947265625, 0.01294708251953125, 0.0038127899169921875, 0.1571044921875, 0.01222991943359375, 0.053314208984375, 0.09619140625, 0.01007843017578125, 0.086181640625, 0.125, 0.0139617919921875, 0.03460693359375, 0.1527099609375, 0.007114410400390625, 0.0129852294921875, 0.1497802734375, 0.01294708251953125, 0.125732421875, 0.06488037109375, 0.058135986328125, 0.02166748046875, 0.036468505859375, 0.08551025390625, 0.10595703125, 0.10382080078125, 0.0406494140625, 0.2049560546875, 0.252685546875, 0.17822265625, 0.064453125, 0.0018224716186523438, 0.193603515625, 0.055145263671875, 0.0114288330078125, 0.01320648193359375, 0.012176513671875, 0.01285552978515625, 0.051849365234375, 0.1185302734375, 0.012939453125, 0.098388671875, 0.01245880126953125, 0.0892333984375, 0.142822265625, 0.030059814453125, 0.15478515625, 0.049530029296875, 0.01290130615234375, 0.1031494140625, 0.178466796875, 0.0127716064453125, 0.043701171875, 0.1376953125, 0.1923828125, 0.1143798828125, 0.09283447265625, 0.01285552978515625]}