{"indices": [10007, 10018, 100296, 10119, 101565, 1019, 10294, 1036, 1040, 10501, 10502, 10725, 107362, 109460, 11233, 113289, 11383, 114016, 116, 1173, 11763, 1189, 11933, 12025, 12040, 121537, 123653, 123896, 12555, 126858, 127508, 1278, 12790, 12833, 1294, 132, 132079, 13307, 133704, 134485, 135018, 136229, 13723, 1395, 139717, 140575, 143964, 1441, 14641, 14841, 148660, 149291, 151966, 153351, 154820, 155539, 15635, 157819, 16, 16005, 165168, 16623, 168108, 17104, 171597, 174159, 17619, 177263, 177692, 17989, 18000, 18187, 1826, 18317, 184295, 1844, 185795, 18941, 1898, 19012, 19015, 19186, 192033, 19543, 196409, 1965, 1971, 197533, 198898, 201, 20146, 20379, 21245, 213, 21747, 21884, 21919, 224561, 2308, 23128, 2346, 23556, 23830, 23906, 2391, 239888, 24264, 244023, 24455, 247, 2615, 2621, 26214, 264, 2657, 26709, 2737, 274, 2803, 28051, 28155, 28226, 28343, 2879, 2935, 294, 30, 30110, 30530, 31023, 31454, 3182, 3195, 3272, 3303, 3327, 33541, 34134, 35114, 35348, 354, 35567, 3615, 36563, 36762, 37, 37866, 37957, 3803, 38071, 3846, 3882, 38957, 3971, 4, 40513, 41069, 4118, 41247, 42160, 42181, 42851, 43, 43221, 441, 4418, 4467, 45049, 4511, 45425, 4635, 465, 470, 4791, 5052, 5085, 51083, 514, 5226, 53400, 5353, 53780, 5392, 54093, 5410, 5412, 54356, 5477, 55054, 5511, 55960, 5610, 562, 56926, 5714, 575, 57612, 5796, 59384, 6, 60615, 6071, 61026, 618, 62029, 630, 63709, 6376, 64, 64577, 6518, 6545, 65451, 6607, 6618, 6635, 66537, 6824, 6895, 69223, 6986, 7051, 71277, 7150, 7272, 72963, 73068, 73130, 7409, 75533, 757, 758, 76177, 76798, 77284, 77648, 78382, 78791, 789, 7985, 83554, 83699, 83752, 844, 85090, 85797, 86807, 8836, 886, 8922, 89497, 9075, 91615, 91970, 92114, 9285, 9378, 9420, 955, 96052, 9636, 96499, 98273, 99278, 9989], "values": [0.05084228515625, 0.1981201171875, 0.08428955078125, 0.04620361328125, 0.2296142578125, 0.062469482421875, 0.152587890625, 0.08770751953125, 0.05108642578125, 0.21044921875, 0.050750732421875, 0.052947998046875, 0.2235107421875, 0.04779052734375, 0.082275390625, 0.247314453125, 0.06396484375, 0.09637451171875, 0.0021190643310546875, 0.0819091796875, 0.1737060546875, 0.1319580078125, 0.03851318359375, 0.042724609375, 0.045867919921875, 0.1510009765625, 0.03326416015625, 0.1492919921875, 0.07244873046875, 0.27001953125, 0.0545654296875, 0.05108642578125, 0.12298583984375, 0.215087890625, 0.094970703125, 0.05072021484375, 0.04608154296875, 0.156005859375, 0.177490234375, 0.1378173828125, 0.2059326171875, 0.200927734375, 0.177978515625, 0.05047607421875, 0.0232391357421875, 0.205322265625, 0.1749267578125, 0.07861328125, 0.17041015625, 0.094970703125, 0.058868408203125, 0.045074462890625, 0.0302581787109375, 0.0511474609375, 0.1981201171875, 0.045623779296875, 0.119140625, 0.018890380859375, 0.051025390625, 0.051055908203125, 0.2342529296875, 0.1356201171875, 0.039581298828125, 0.131591796875, 0.1783447265625, 0.254638671875, 0.185546875, 0.045318603515625, 0.230712890625, 0.071044921875, 0.06976318359375, 0.08209228515625, 0.04412841796875, 0.0699462890625, 0.11529541015625, 0.051025390625, 0.072021484375, 0.0220184326171875, 0.1219482421875, 0.07977294921875, 0.0212249755859375, 0.1678466796875, 0.16064453125, 0.11224365234375, 0.199951171875, 0.05108642578125, 0.1368408203125, 0.04058837890625, 0.04974365234375, 0.054107666015625, 0.0511474609375, 0.0316162109375, 0.03485107421875, 0.05096435546875, 0.051300048828125, 0.05126953125, 0.049957275390625, 0.16552734375, 0.05120849609375, 0.0914306640625, 0.04473876953125, 0.049591064453125, 0.0025787353515625, 0.07342529296875, 0.05047607421875, 0.0919189453125, 0.2154541015625, 0.17333984375, 0.261962890625, 0.050872802734375, 0.05047607421875, 0.08013916015625, 0.1485595703125, 0.050994873046875, 0.03497314453125, 0.0452880859375, 0.098388671875, 0.01467132568359375, 0.051055908203125, 0.12646484375, 0.1402587890625, 0.1263427734375, 0.171875, 0.051116943359375, 0.051025390625, 0.09246826171875, 0.050872802734375, 0.1287841796875, 0.223388671875, 0.03594970703125, 0.029541015625, 0.050933837890625, 0.1043701171875, 0.05438232421875, 0.08123779296875, 0.051055908203125, 0.07733154296875, 0.05999755859375, 0.186767578125, 0.1732177734375, 0.0699462890625, 0.051025390625, 0.114501953125, 0.019317626953125, 0.05108642578125, 0.0511474609375, 0.2303466796875, 0.05084228515625, 0.10833740234375, 0.01480865478515625, 0.0506591796875, 0.116943359375, 0.1429443359375, 0.0831298828125, 0.051055908203125, 0.197998046875, 0.043304443359375, 0.0772705078125, 0.025390625, 0.12109375, 0.050201416015625, 0.166748046875, 0.051116943359375, 0.061553955078125, 0.038055419921875, 0.1077880859375, 0.05108642578125, 0.051025390625, 0.05010986328125, 0.049957275390625, 0.01294708251953125, 0.0509033203125, 0.0215911865234375, 0.087646484375, 0.1268310546875, 0.05120849609375, 0.158935546875, 0.051025390625, 0.051055908203125, 0.24853515625, 0.046539306640625, 0.1588134765625, 0.05120849609375, 0.11126708984375, 0.08917236328125, 0.06365966796875, 0.08001708984375, 0.144775390625, 0.15966796875, 0.04693603515625, 0.11895751953125, 0.0413818359375, 0.04693603515625, 0.222412109375, 0.1717529296875, 0.051239013671875, 0.07733154296875, 0.1424560546875, 0.1319580078125, 0.064208984375, 0.1348876953125, 0.01331329345703125, 0.1480712890625, 0.1199951171875, 0.2374267578125, 0.051025390625, 0.07037353515625, 0.05108642578125, 0.05560302734375, 0.062164306640625, 0.1923828125, 0.054901123046875, 0.0931396484375, 0.11981201171875, 0.112548828125, 0.159423828125, 0.1539306640625, 0.01873779296875, 0.04278564453125, 0.1402587890625, 0.0413818359375, 0.0203704833984375, 0.1639404296875, 0.08575439453125, 0.1702880859375, 0.1407470703125, 0.063720703125, 0.043365478515625, 0.04736328125, 0.29296875, 0.06256103515625, 0.0287628173828125, 0.10565185546875, 0.07781982421875, 0.0631103515625, 0.1668701171875, 0.080322265625, 0.1519775390625, 0.05108642578125, 0.052154541015625, 0.093017578125, 0.04901123046875, 0.2890625, 0.137451171875, 0.04705810546875, 0.0831298828125, 0.047119140625, 0.051025390625, 0.0147705078125, 0.1605224609375, 0.05645751953125, 0.034393310546875, 0.2012939453125, 0.04443359375, 0.0938720703125, 0.121337890625, 0.050994873046875, 0.224853515625, 0.050994873046875, 0.044708251953125, 0.0426025390625, 0.24462890625, 0.072998046875, 0.203125, 0.05108642578125]}