{"indices": [10018, 10119, 10132, 101565, 10161, 10294, 1034, 103489, 1036, 103942, 10406, 1050, 10501, 1065, 107612, 10784, 108640, 109460, 1107, 112737, 1128, 112843, 11372, 114327, 114493, 11560, 11663, 11703, 1189, 12002, 12040, 12092, 121537, 12256, 12338, 123896, 12513, 12555, 12658, 1273, 12744, 1278, 12833, 1288, 13046, 13082, 13167, 13182, 13355, 133614, 13447, 135018, 138357, 139147, 1403, 140575, 14183, 14226, 1441, 14841, 149238, 149309, 1516, 15256, 152961, 153231, 15364, 15373, 15446, 154820, 15522, 1583, 1590, 1635, 165648, 167834, 1800, 1826, 182720, 185795, 18628, 1898, 190499, 190854, 192033, 193956, 19526, 19543, 1955, 19563, 195951, 1965, 1988, 203289, 203593, 20373, 205176, 20556, 209914, 210369, 2122, 213, 21490, 21596, 2229, 226881, 232620, 23400, 23556, 235612, 236691, 23724, 23767, 23906, 2391, 2413, 24446, 2458, 24754, 24925, 24959, 264, 26595, 26648, 2672, 268, 27299, 274, 2745, 2920, 29328, 29550, 30, 30263, 30915, 31023, 32292, 3272, 3322, 3327, 3344, 33541, 3382, 33929, 34285, 34327, 34513, 354, 35452, 35567, 3615, 37, 37694, 37866, 38195, 3846, 38603, 3909, 3933, 3990, 4, 40580, 41011, 41069, 42403, 4258, 42597, 42643, 42652, 42709, 42851, 43, 4465, 4467, 44715, 45088, 4511, 46452, 47805, 4814, 48619, 50286, 5032, 5052, 50561, 5070, 5085, 5133, 514, 5140, 5226, 52684, 5312, 53340, 53399, 5353, 5384, 54093, 5410, 5412, 5477, 55960, 56544, 56554, 5714, 5796, 5841, 58880, 6, 6062, 60748, 6159, 6269, 64199, 66891, 67828, 68108, 684, 69457, 71277, 7272, 72964, 73714, 74171, 7420, 76177, 76411, 76798, 7847, 7949, 81443, 81529, 8173, 8312, 844, 84460, 8488, 8585, 8827, 9, 91615, 9340, 96052, 96499, 9744, 98771], "values": [0.134033203125, 0.004978179931640625, 0.051300048828125, 0.1595458984375, 0.06549072265625, 0.05926513671875, 0.051116943359375, 0.0372314453125, 0.05108642578125, 0.0457763671875, 0.1190185546875, 0.051177978515625, 0.1634521484375, 0.05120849609375, 0.05059814453125, 0.051513671875, 0.1923828125, 0.051300048828125, 0.051300048828125, 0.055450439453125, 0.1287841796875, 0.171875, 0.121337890625, 0.15234375, 0.07733154296875, 0.04949951171875, 0.07281494140625, 0.04791259765625, 0.05126953125, 0.05145263671875, 0.1474609375, 0.039520263671875, 0.035491943359375, 0.08819580078125, 0.046112060546875, 0.13818359375, 0.0338134765625, 0.10491943359375, 0.025299072265625, 0.00798797607421875, 0.0252838134765625, 0.051239013671875, 0.1728515625, 0.05126953125, 0.1583251953125, 0.05084228515625, 0.024444580078125, 0.0343017578125, 0.0279388427734375, 0.08441162109375, 0.050140380859375, 0.2357177734375, 0.2164306640625, 0.15625, 0.051422119140625, 0.0626220703125, 0.0478515625, 0.048553466796875, 0.02716064453125, 0.05145263671875, 0.185546875, 0.09417724609375, 0.1771240234375, 0.01065826416015625, 0.0565185546875, 0.05096435546875, 0.05133056640625, 0.0726318359375, 0.10174560546875, 0.28955078125, 0.1019287109375, 0.0858154296875, 0.047760009765625, 0.0511474609375, 0.050811767578125, 0.1611328125, 0.0897216796875, 0.1480712890625, 0.078369140625, 0.12127685546875, 0.07666015625, 0.0513916015625, 0.05804443359375, 0.08477783203125, 0.2119140625, 0.1129150390625, 0.1832275390625, 0.05145263671875, 0.0270538330078125, 0.05126953125, 0.0511474609375, 0.05133056640625, 0.05120849609375, 0.12225341796875, 0.038970947265625, 0.1851806640625, 0.0736083984375, 0.07818603515625, 0.1575927734375, 0.1002197265625, 0.1995849609375, 0.0513916015625, 0.03424072265625, 0.187744140625, 0.051300048828125, 0.07281494140625, 0.2230224609375, 0.170654296875, 0.053253173828125, 0.11163330078125, 0.0460205078125, 0.136474609375, 0.0843505859375, 0.051025390625, 0.051483154296875, 0.051483154296875, 0.1046142578125, 0.07861328125, 0.06402587890625, 0.06976318359375, 0.02764892578125, 0.05126953125, 0.051239013671875, 0.1356201171875, 0.05059814453125, 0.051544189453125, 0.051361083984375, 0.05133056640625, 0.0270233154296875, 0.058197021484375, 0.0217132568359375, 0.051300048828125, 0.05133056640625, 0.0989990234375, 0.1640625, 0.12646484375, 0.02911376953125, 0.05120849609375, 0.01016998291015625, 0.05133056640625, 0.0599365234375, 0.013275146484375, 0.03125, 0.15283203125, 0.05035400390625, 0.06689453125, 0.05743408203125, 0.04803466796875, 0.0291748046875, 0.2061767578125, 0.1309814453125, 0.05126953125, 0.15478515625, 0.189453125, 0.075439453125, 0.051239013671875, 0.05328369140625, 0.051116943359375, 0.05133056640625, 0.04217529296875, 0.051300048828125, 0.035003662109375, 0.141357421875, 0.03411865234375, 0.048370361328125, 0.047088623046875, 0.1317138671875, 0.1336669921875, 0.04058837890625, 0.11297607421875, 0.1240234375, 0.051483154296875, 0.132080078125, 0.051116943359375, 0.11767578125, 0.08160400390625, 0.050933837890625, 0.05145263671875, 0.051483154296875, 0.06719970703125, 0.0660400390625, 0.05133056640625, 0.051239013671875, 0.19580078125, 0.0271148681640625, 0.05377197265625, 0.10931396484375, 0.051361083984375, 0.051361083984375, 0.1409912109375, 0.05126953125, 0.1068115234375, 0.051849365234375, 0.05133056640625, 0.1834716796875, 0.0222930908203125, 0.0169830322265625, 0.03668212890625, 0.05792236328125, 0.068359375, 0.175048828125, 0.04449462890625, 0.114990234375, 0.0645751953125, 0.06243896484375, 0.09906005859375, 0.11614990234375, 0.051300048828125, 0.051361083984375, 0.021820068359375, 0.052825927734375, 0.1390380859375, 0.070068359375, 0.10467529296875, 0.13427734375, 0.05084228515625, 0.10205078125, 0.051055908203125, 0.0506591796875, 0.280029296875, 0.16259765625, 0.147705078125, 0.0218353271484375, 0.181884765625, 0.051239013671875, 0.03460693359375, 0.0499267578125, 0.01371002197265625, 0.040771484375, 0.051300048828125, 0.05645751953125, 0.055908203125, 0.05133056640625, 0.0960693359375, 0.05126953125, 0.11865234375, 0.01018524169921875, 0.03558349609375, 0.050384521484375, 0.04766845703125, 0.260498046875, 0.1640625, 0.095703125, 0.333251953125, 0.0236663818359375, 0.1651611328125]}