{"indices": [10001, 100250, 101038, 10342, 1065, 106594, 108148, 111, 113053, 114437, 114732, 11490, 1173, 11871, 125389, 128607, 129285, 129969, 13, 135018, 136, 1363, 137089, 13709, 1381, 14202, 144, 144454, 146111, 1463, 149, 15, 15256, 153065, 153231, 154820, 157075, 15895, 159, 167037, 16709, 169058, 17010, 1703, 17055, 17154, 171918, 172747, 17368, 174159, 17461, 1771, 177261, 17866, 18, 1809, 184, 187201, 18941, 190, 1965, 198146, 19824, 20128, 20499, 209914, 21262, 213, 21640, 2198, 23, 231996, 2320, 2331, 234873, 23724, 25621, 26073, 2609, 268, 27148, 27317, 27691, 28343, 284, 289, 29569, 297, 30941, 310, 32007, 32196, 3299, 3302, 33120, 3327, 34045, 341, 34327, 3453, 35509, 3615, 3640, 37, 38026, 38071, 4, 4058, 40865, 41740, 4216, 4258, 42643, 43, 43789, 441, 46473, 49500, 49755, 49819, 5, 5052, 5085, 514, 51719, 52080, 52935, 53894, 552, 55300, 567, 5714, 572, 57776, 58994, 59246, 6, 62, 63014, 64, 64371, 66096, 6618, 66332, 6746, 68414, 7, 702, 7041, 70760, 7165, 72034, 7272, 72964, 73068, 7408, 75533, 77007, 77284, 78562, 81443, 81492, 82, 821, 82451, 8268, 8357, 8393, 844, 8467, 8488, 85090, 85826, 87, 87398, 87747, 886, 9, 91615, 91970, 927, 9340, 95143, 96499, 979, 98, 99197], "values": [0.0831298828125, 0.20361328125, 0.17236328125, 0.03192138671875, 0.01410675048828125, 0.1627197265625, 0.135986328125, 0.019622802734375, 0.152587890625, 0.022796630859375, 0.156005859375, 0.10980224609375, 0.178955078125, 0.00208282470703125, 0.084716796875, 0.14990234375, 0.0219573974609375, 0.1790771484375, 0.0716552734375, 0.12030029296875, 0.02008056640625, 0.02056884765625, 0.1187744140625, 0.1173095703125, 0.1470947265625, 0.0204620361328125, 0.04071044921875, 0.13671875, 0.10260009765625, 0.01995849609375, 0.1240234375, 0.015960693359375, 0.0433349609375, 0.0843505859375, 0.1942138671875, 0.272705078125, 0.1866455078125, 0.08233642578125, 0.019317626953125, 0.1920166015625, 0.046478271484375, 0.12249755859375, 0.0689697265625, 0.158935546875, 0.210205078125, 0.1712646484375, 0.12432861328125, 0.1201171875, 0.0230712890625, 0.2052001953125, 0.1392822265625, 0.0204620361328125, 0.11260986328125, 0.06304931640625, 0.020416259765625, 0.14501953125, 0.0202789306640625, 0.214111328125, 0.0084075927734375, 0.0399169921875, 0.020233154296875, 0.0889892578125, 0.051177978515625, 0.1373291015625, 0.07696533203125, 0.1744384765625, 0.10491943359375, 0.0203399658203125, 0.0689697265625, 0.10662841796875, 0.020233154296875, 0.1875, 0.0204010009765625, 0.09271240234375, 0.1661376953125, 0.1427001953125, 0.01535797119140625, 0.18017578125, 0.085693359375, 0.0205230712890625, 0.006877899169921875, 0.08319091796875, 0.09808349609375, 0.2005615234375, 0.1275634765625, 0.02032470703125, 0.10821533203125, 0.020477294921875, 0.05682373046875, 0.05609130859375, 0.08856201171875, 0.148681640625, 0.137451171875, 0.02764892578125, 0.061126708984375, 0.0205078125, 0.01424407958984375, 0.0194091796875, 0.098388671875, 0.038421630859375, 0.019805908203125, 0.1148681640625, 0.11712646484375, 0.0201416015625, 0.0902099609375, 0.1766357421875, 0.02044677734375, 0.13916015625, 0.2294921875, 0.1107177734375, 0.040771484375, 0.0136871337890625, 0.14697265625, 0.019866943359375, 0.05877685546875, 0.045379638671875, 0.04742431640625, 0.1121826171875, 0.07769775390625, 0.0015716552734375, 0.0201416015625, 0.1644287109375, 0.020416259765625, 0.020294189453125, 0.1595458984375, 0.224853515625, 0.0513916015625, 0.1754150390625, 0.048858642578125, 0.08544921875, 0.019561767578125, 0.182373046875, 0.04119873046875, 0.046173095703125, 0.0203094482421875, 0.047943115234375, 0.0202789306640625, 0.023101806640625, 0.19970703125, 0.020263671875, 0.14208984375, 0.14794921875, 0.1688232421875, 0.045013427734375, 0.10418701171875, 0.244384765625, 0.01971435546875, 0.09686279296875, 0.1834716796875, 0.0204620361328125, 0.018341064453125, 0.01678466796875, 0.23828125, 0.151611328125, 0.0665283203125, 0.019683837890625, 0.146240234375, 0.0921630859375, 0.0067901611328125, 0.041748046875, 0.023651123046875, 0.2152099609375, 0.00846099853515625, 0.03692626953125, 0.11273193359375, 0.047515869140625, 0.05535888671875, 0.109130859375, 0.020477294921875, 0.0110015869140625, 0.1871337890625, 0.037353515625, 0.133544921875, 0.0184326171875, 0.1693115234375, 0.136474609375, 0.002117156982421875, 0.0203399658203125, 0.2763671875, 0.0543212890625, 0.030426025390625, 0.193603515625, 0.0259246826171875, 0.1473388671875, 0.1077880859375, 0.01479339599609375, 0.168701171875]}