{"indices": [102546, 10294, 1031, 10406, 107033, 1105, 110810, 117904, 1189, 120518, 123433, 134693, 1372, 1381, 147916, 1516, 153, 15373, 154820, 16394, 1702, 19015, 19071, 20373, 21001, 2122, 22103, 246934, 27804, 31023, 31157, 35567, 43, 45151, 5, 53399, 5364, 5477, 55054, 56721, 5796, 59811, 6, 6062, 62193, 66207, 68107, 68108, 70388, 71277, 7272, 72963, 74171, 744, 787, 7949, 90305, 91615, 952, 953, 96052, 96499, 97109], "values": [0.080810546875, 0.1290283203125, 0.0099639892578125, 0.12408447265625, 0.061126708984375, 0.051971435546875, 0.0919189453125, 0.04547119140625, 0.03173828125, 0.0870361328125, 0.1546630859375, 0.074462890625, 0.11578369140625, 0.1123046875, 0.1702880859375, 0.09368896484375, 0.044281005859375, 0.06634521484375, 0.193115234375, 0.0958251953125, 0.1239013671875, 0.08282470703125, 0.0198974609375, 0.0750732421875, 0.1859130859375, 0.1279296875, 0.12274169921875, 0.2047119140625, 0.09173583984375, 0.0758056640625, 0.03936767578125, 0.131103515625, 0.05047607421875, 0.121337890625, 0.051116943359375, 0.1162109375, 0.1082763671875, 0.1220703125, 0.1209716796875, 0.076904296875, 0.10369873046875, 0.168701171875, 0.0736083984375, 0.06494140625, 0.0748291015625, 0.06536865234375, 0.07452392578125, 0.09942626953125, 0.09478759765625, 0.2216796875, 0.1287841796875, 0.11029052734375, 0.10882568359375, 0.024749755859375, 0.014434814453125, 0.0926513671875, 0.08349609375, 0.1861572265625, 0.09112548828125, 0.11517333984375, 0.05413818359375, 0.262451171875, 0.1328125]}