{"indices": [10, 10018, 10433, 1052, 10776, 109921, 111, 1130, 113307, 11522, 12239, 124416, 12478, 1288, 12921, 13, 131595, 135523, 136912, 138, 144000, 145951, 14597, 147916, 149, 15, 15122, 152018, 156100, 156856, 15811, 16, 1662, 170768, 1733, 1830, 187016, 188, 189173, 191619, 191984, 193943, 197118, 206061, 207583, 214, 217269, 217863, 2263, 23, 231502, 234873, 23718, 238478, 2552, 26073, 26171, 27169, 272, 27289, 27315, 2773, 27771, 29089, 297, 29823, 30388, 3075, 32108, 33180, 33479, 3501, 36716, 36880, 3715, 3956, 4, 4118, 4418, 44851, 456, 4828, 48448, 48716, 5, 5021, 52295, 52562, 538, 55111, 55300, 5565, 571, 58994, 59869, 6024, 634, 65771, 65998, 67, 678, 68934, 69988, 7, 70, 71, 7103, 72187, 7420, 76104, 77007, 77758, 80234, 80788, 84770, 872, 87758, 8821, 8877, 88868, 9, 9186, 919, 93425, 944, 94419, 96391, 98], "values": [0.00815582275390625, 0.11004638671875, 0.09326171875, 0.1513671875, 0.1085205078125, 0.1053466796875, 0.00848388671875, 0.051300048828125, 0.004833221435546875, 0.10205078125, 0.11083984375, 0.2142333984375, 0.0208282470703125, 0.07305908203125, 0.006877899169921875, 0.06805419921875, 0.158203125, 0.05889892578125, 0.1737060546875, 0.04840087890625, 0.169921875, 0.2213134765625, 0.12164306640625, 0.1600341796875, 0.1243896484375, 0.00836181640625, 0.055694580078125, 0.147705078125, 0.2054443359375, 0.163330078125, 0.11480712890625, 0.008453369140625, 0.0765380859375, 0.09521484375, 0.1165771484375, 0.00821685791015625, 0.044891357421875, 0.09735107421875, 0.14892578125, 0.136474609375, 0.1458740234375, 0.222900390625, 0.198486328125, 0.21728515625, 0.04888916015625, 0.00847625732421875, 0.08404541015625, 0.1453857421875, 0.06793212890625, 0.041015625, 0.09344482421875, 0.25, 0.1201171875, 0.26904296875, 0.09698486328125, 0.264404296875, 0.1575927734375, 0.165771484375, 0.00860595703125, 0.032196044921875, 0.1689453125, 0.0882568359375, 0.00847625732421875, 0.0863037109375, 0.09588623046875, 0.118896484375, 0.2265625, 0.037445068359375, 0.1019287109375, 0.104736328125, 0.1134033203125, 0.00830078125, 0.2177734375, 0.006992340087890625, 0.0833740234375, 0.052825927734375, 0.0084686279296875, 0.08587646484375, 0.026824951171875, 0.056427001953125, 0.1353759765625, 0.095947265625, 0.159912109375, 0.10333251953125, 0.0084991455078125, 0.06787109375, 0.1649169921875, 0.126220703125, 0.00846099853515625, 0.132568359375, 0.11798095703125, 0.07476806640625, 0.0283203125, 0.0751953125, 0.064208984375, 0.11944580078125, 0.071533203125, 0.126220703125, 0.142333984375, 0.00844573974609375, 0.00824737548828125, 0.05096435546875, 0.12469482421875, 0.00849151611328125, 0.0084381103515625, 0.00830078125, 0.01025390625, 0.12469482421875, 0.075439453125, 0.0239715576171875, 0.1182861328125, 0.1351318359375, 0.1270751953125, 0.06182861328125, 0.2259521484375, 0.00807952880859375, 0.1468505859375, 0.2158203125, 0.0975341796875, 0.1163330078125, 0.0082244873046875, 0.10028076171875, 0.0029888153076171875, 0.050262451171875, 0.0081634521484375, 0.06036376953125, 0.1439208984375, 0.134521484375]}