{"indices": [100250, 105451, 1062, 108, 10821, 11062, 11075, 111, 112, 114137, 114732, 12, 12183, 126858, 129969, 13023, 135051, 13556, 136, 1363, 1375, 140154, 144000, 144851, 145, 1544, 157955, 16064, 163078, 167828, 171918, 17481, 176857, 182154, 18651, 189029, 189813, 19308, 194524, 194918, 19574, 20268, 209, 21072, 218532, 221160, 2320, 23419, 234873, 23577, 246482, 25667, 26073, 2609, 26366, 2665, 268, 276, 27691, 27750, 28717, 2874, 28784, 289, 29398, 30941, 310, 3145, 32542, 32616, 3272, 3288, 32964, 33120, 3320, 339, 34, 35509, 35662, 36322, 36398, 3640, 36437, 37219, 3768, 38901, 39073, 4, 4058, 40865, 40970, 41637, 4221, 43, 456, 46126, 4633, 46473, 4935, 5, 505, 50930, 51287, 51626, 52080, 5256, 52875, 53894, 561, 567, 57107, 57119, 572, 5796, 58838, 5977, 6, 6024, 62723, 64240, 6620, 68108, 684, 7, 70760, 7514, 79, 7919, 82, 821, 82451, 8357, 83963, 844, 8467, 84958, 85826, 87, 9, 9001, 91371, 9420, 9434, 947, 96646, 9730, 979, 98409, 99217, 99710], "values": [0.179931640625, 0.059600830078125, 0.00939178466796875, 0.00354766845703125, 0.0872802734375, 0.08184814453125, 0.08782958984375, 0.00920867919921875, 0.08734130859375, 0.1044921875, 0.099365234375, 0.01015472412109375, 0.11639404296875, 0.20166015625, 0.1666259765625, 0.00244903564453125, 0.1815185546875, 0.07159423828125, 0.0113983154296875, 0.00939178466796875, 0.0477294921875, 0.031036376953125, 0.07720947265625, 0.08740234375, 0.1817626953125, 0.09613037109375, 0.173095703125, 0.002002716064453125, 0.12176513671875, 0.13720703125, 0.178466796875, 0.00555419921875, 0.00750732421875, 0.2021484375, 0.135986328125, 0.10321044921875, 0.0081024169921875, 0.06427001953125, 0.0282745361328125, 0.032867431640625, 0.10064697265625, 0.00473785400390625, 0.1138916015625, 0.0364990234375, 0.060333251953125, 0.1954345703125, 0.00930023193359375, 0.00222015380859375, 0.193359375, 0.1866455078125, 0.189453125, 0.0655517578125, 0.129638671875, 0.053436279296875, 0.126708984375, 0.102783203125, 0.009521484375, 0.0149078369140625, 0.1427001953125, 0.0041961669921875, 0.00135040283203125, 0.197509765625, 0.1463623046875, 0.00948333740234375, 0.1337890625, 0.022064208984375, 0.080078125, 0.0006337165832519531, 0.028045654296875, 0.00968170166015625, 0.0097808837890625, 0.004314422607421875, 0.1304931640625, 0.1326904296875, 0.01666259765625, 0.0738525390625, 0.00955963134765625, 0.08428955078125, 0.2054443359375, 0.10504150390625, 0.1959228515625, 0.1240234375, 0.0897216796875, 0.144775390625, 0.1370849609375, 0.11444091796875, 0.030517578125, 0.01026153564453125, 0.0023708343505859375, 0.116943359375, 0.0145416259765625, 0.00966644287109375, 0.082275390625, 0.0093841552734375, 0.060699462890625, 0.07843017578125, 0.032470703125, 0.12347412109375, 0.00962066650390625, 0.01099395751953125, 0.11444091796875, 0.1671142578125, 0.1617431640625, 0.01090240478515625, 0.2369384765625, 0.00986480712890625, 0.1685791015625, 0.1690673828125, 0.0653076171875, 0.00571441650390625, 0.102294921875, 0.08489990234375, 0.0328369140625, 0.047698974609375, 0.2373046875, 0.1756591796875, 0.0093841552734375, 0.061553955078125, 0.1988525390625, 0.212646484375, 0.00972747802734375, 0.0135650634765625, 0.00742340087890625, 0.00955963134765625, 0.0112152099609375, 0.12200927734375, 0.172607421875, 0.0751953125, 0.00920867919921875, 0.059326171875, 0.1669921875, 0.01275634765625, 0.11541748046875, 0.00980377197265625, 0.0472412109375, 0.0296173095703125, 0.06903076171875, 0.0279083251953125, 0.00988006591796875, 0.0194549560546875, 0.12744140625, 0.1595458984375, 0.1038818359375, 0.01245880126953125, 0.059112548828125, 0.2052001953125, 0.0108184814453125, 0.09332275390625, 0.022369384765625, 0.1304931640625]}