{"indices": [10018, 101062, 10132, 102131, 10310, 1034, 1036, 10406, 10501, 105085, 105821, 10637, 1064, 108934, 109466, 1102, 1130, 11372, 1173, 1189, 119658, 120019, 12002, 12022, 12256, 12272, 124018, 12702, 127508, 1317, 132, 132874, 13494, 135018, 138298, 139147, 1403, 140575, 14183, 142580, 143633, 144454, 146204, 14641, 146918, 147257, 148190, 1487, 14875, 149238, 1493, 1516, 15161, 152550, 15346, 154820, 15577, 1562, 157296, 1580, 1588, 15895, 159864, 16, 160008, 161124, 16394, 16477, 165502, 165724, 17010, 170253, 17154, 174160, 17737, 17866, 18181, 18317, 186583, 1898, 190499, 19071, 190850, 192834, 194159, 197982, 198611, 20024, 2017, 20373, 20456, 205175, 206479, 21001, 213, 2150, 215424, 22038, 2229, 22329, 22605, 22613, 2283, 2308, 23140, 23724, 23751, 23906, 2413, 24264, 2438, 24608, 246934, 24754, 25630, 25722, 264, 27400, 27529, 27825, 27953, 28155, 28245, 28343, 289, 2963, 30, 30154, 3024, 3029, 31454, 3169, 3182, 32214, 3270, 32799, 3344, 33929, 34134, 34569, 34635, 34636, 354, 35567, 36325, 36333, 36734, 37, 3759, 37894, 3893, 39152, 3954, 39579, 4, 40231, 40338, 40804, 41011, 41328, 42139, 423, 4258, 4264, 43, 441, 4418, 4511, 46259, 4635, 46523, 470, 4821, 4941, 5003, 50378, 5052, 5085, 51063, 5133, 514, 52611, 534, 5410, 5505, 55484, 55737, 5610, 575, 5796, 5838, 58397, 58541, 58891, 59835, 6, 60353, 60989, 615, 62029, 630, 63223, 63851, 63871, 63986, 6518, 6710, 6728, 68107, 68108, 68414, 7, 70388, 7041, 70650, 71073, 7272, 72963, 73663, 74171, 74823, 7499, 75064, 76381, 789, 7981, 7985, 80098, 80397, 81260, 81492, 81684, 820, 82601, 8312, 844, 8585, 8588, 87398, 8857, 9075, 9144, 91615, 92455, 93085, 93884, 9413, 94638, 9636, 96499, 9651, 96792, 97904, 9811], "values": [0.173095703125, 0.1552734375, 0.04595947265625, 0.109375, 0.09417724609375, 0.0462646484375, 0.04644775390625, 0.0452880859375, 0.1646728515625, 0.04644775390625, 0.06500244140625, 0.1214599609375, 0.046417236328125, 0.09906005859375, 0.158935546875, 0.038055419921875, 0.04608154296875, 0.046173095703125, 0.1695556640625, 0.04498291015625, 0.035919189453125, 0.06109619140625, 0.1163330078125, 0.042144775390625, 0.1837158203125, 0.07916259765625, 0.1290283203125, 0.02606201171875, 0.04486083984375, 0.04632568359375, 0.0457763671875, 0.03802490234375, 0.085205078125, 0.224609375, 0.05865478515625, 0.2432861328125, 0.064453125, 0.0888671875, 0.10235595703125, 0.0748291015625, 0.045196533203125, 0.051971435546875, 0.2147216796875, 0.20556640625, 0.1146240234375, 0.01776123046875, 0.07928466796875, 0.041259765625, 0.040191650390625, 0.152099609375, 0.046173095703125, 0.046142578125, 0.10125732421875, 0.0291900634765625, 0.0989990234375, 0.277587890625, 0.1497802734375, 0.045867919921875, 0.0130767822265625, 0.044891357421875, 0.04644775390625, 0.08001708984375, 0.0406494140625, 0.04632568359375, 0.14892578125, 0.1177978515625, 0.045928955078125, 0.12939453125, 0.16162109375, 0.035858154296875, 0.045989990234375, 0.07000732421875, 0.1148681640625, 0.054840087890625, 0.045257568359375, 0.01995849609375, 0.054046630859375, 0.0136566162109375, 0.033721923828125, 0.046417236328125, 0.1864013671875, 0.0472412109375, 0.12353515625, 0.193603515625, 0.0264129638671875, 0.224609375, 0.26025390625, 0.037109375, 0.046417236328125, 0.04638671875, 0.041229248046875, 0.118896484375, 0.1107177734375, 0.140625, 0.053497314453125, 0.04608154296875, 0.2081298828125, 0.03900146484375, 0.126953125, 0.03857421875, 0.09222412109375, 0.031402587890625, 0.06927490234375, 0.045501708984375, 0.1634521484375, 0.152099609375, 0.10015869140625, 0.127685546875, 0.04632568359375, 0.029541015625, 0.267333984375, 0.0938720703125, 0.04974365234375, 0.0472412109375, 0.04638671875, 0.044952392578125, 0.0826416015625, 0.08795166015625, 0.09185791015625, 0.11004638671875, 0.089599609375, 0.09161376953125, 0.058380126953125, 0.1456298828125, 0.04638671875, 0.02862548828125, 0.04248046875, 0.045806884765625, 0.06573486328125, 0.046356201171875, 0.045928955078125, 0.045135498046875, 0.0465087890625, 0.046234130859375, 0.046112060546875, 0.0390625, 0.06256103515625, 0.04638671875, 0.03900146484375, 0.0259552001953125, 0.01215362548828125, 0.1768798828125, 0.045379638671875, 0.1727294921875, 0.05694580078125, 0.0733642578125, 0.1571044921875, 0.046295166015625, 0.01168060302734375, 0.052215576171875, 0.1282958984375, 0.08544921875, 0.046234130859375, 0.046539306640625, 0.04644775390625, 0.0273590087890625, 0.1458740234375, 0.0462646484375, 0.10784912109375, 0.044677734375, 0.0241851806640625, 0.08209228515625, 0.09674072265625, 0.01480865478515625, 0.04638671875, 0.046234130859375, 0.1905517578125, 0.043731689453125, 0.046630859375, 0.04632568359375, 0.1602783203125, 0.04461669921875, 0.159912109375, 0.045867919921875, 0.0699462890625, 0.031829833984375, 0.17138671875, 0.046234130859375, 0.03717041015625, 0.045135498046875, 0.046417236328125, 0.223388671875, 0.0650634765625, 0.1500244140625, 0.0845947265625, 0.04443359375, 0.04290771484375, 0.041229248046875, 0.046417236328125, 0.046783447265625, 0.1842041015625, 0.0941162109375, 0.2481689453125, 0.169921875, 0.04656982421875, 0.046417236328125, 0.125244140625, 0.1800537109375, 0.011138916015625, 0.2476806640625, 0.04498291015625, 0.067138671875, 0.2275390625, 0.016357421875, 0.042816162109375, 0.027587890625, 0.09661865234375, 0.01027679443359375, 0.0323486328125, 0.0911865234375, 0.229248046875, 0.046295166015625, 0.0997314453125, 0.188232421875, 0.02203369140625, 0.07427978515625, 0.254150390625, 0.1751708984375, 0.055419921875, 0.165771484375, 0.0458984375, 0.1197509765625, 0.045806884765625, 0.04638671875, 0.046112060546875, 0.06597900390625, 0.0460205078125, 0.1988525390625, 0.134765625, 0.0574951171875, 0.2734375, 0.03961181640625, 0.04595947265625, 0.133544921875, 0.1541748046875, 0.0465087890625, 0.142822265625, 0.044830322265625, 0.0406494140625, 0.110107421875, 0.046173095703125, 0.04547119140625, 0.25830078125, 0.049285888671875, 0.1453857421875, 0.1580810546875, 0.04541015625, 0.10968017578125, 0.0304412841796875, 0.278564453125, 0.20068359375, 0.070556640625, 0.1041259765625, 0.035675048828125]}