{"indices": [10, 103882, 104283, 1062, 1064, 10752, 108760, 109364, 11075, 111, 113053, 114137, 115558, 11591, 11657, 11789, 1189, 1193, 12, 12302, 123166, 12944, 129969, 130064, 132, 132370, 1375, 137633, 137806, 14250, 144, 1549, 155116, 156906, 157075, 157955, 15895, 16259, 16610, 1662, 170649, 170846, 171069, 172562, 17368, 1771, 18, 1819, 1830, 18947, 190659, 19430, 20429, 2053, 215180, 22, 230466, 230531, 230905, 231996, 232098, 235079, 238737, 239790, 24447, 2485, 2489, 24990, 26439, 26592, 268, 272, 27204, 27641, 27750, 29398, 297, 3126, 324, 329, 339, 341, 351, 35348, 35509, 35665, 36398, 3640, 382, 384, 391, 4, 40266, 41011, 4114, 41421, 427, 441, 45646, 46473, 465, 46610, 4935, 5, 5180, 52080, 52295, 527, 53, 53894, 5412, 54491, 567, 572, 57846, 592, 59649, 5977, 6, 62155, 6260, 627, 634, 636, 64371, 64829, 670, 674, 6806, 7, 70, 71, 73421, 7489, 76755, 77556, 78382, 821, 8262, 8447, 853, 864, 87398, 9, 9098, 92054, 96130, 966, 97204, 98, 990, 9955, 99849], "values": [0.0063018798828125, 0.120849609375, 0.06365966796875, 0.0653076171875, 0.0182952880859375, 0.0180511474609375, 0.02752685546875, 0.051422119140625, 0.10491943359375, 0.0184326171875, 0.06024169921875, 0.072998046875, 0.1728515625, 0.016448974609375, 0.01470947265625, 0.08935546875, 0.01800537109375, 0.0276641845703125, 0.0181732177734375, 0.131103515625, 0.2337646484375, 0.0675048828125, 0.1365966796875, 0.0254974365234375, 0.018402099609375, 0.11590576171875, 0.07177734375, 0.11993408203125, 0.10833740234375, 0.19677734375, 0.011260986328125, 0.08544921875, 0.1683349609375, 0.01110076904296875, 0.1182861328125, 0.1551513671875, 0.036346435546875, 0.10345458984375, 0.156982421875, 0.00885772705078125, 0.09307861328125, 0.09765625, 0.2001953125, 0.1444091796875, 0.034088134765625, 0.018402099609375, 0.0181732177734375, 0.05364990234375, 0.01861572265625, 0.09100341796875, 0.079345703125, 0.06536865234375, 0.037109375, 0.1439208984375, 0.09600830078125, 0.048919677734375, 0.1656494140625, 0.0051727294921875, 0.0163116455078125, 0.0731201171875, 0.01435089111328125, 0.1793212890625, 0.01629638671875, 0.00283050537109375, 0.2213134765625, 0.01326751708984375, 0.0171051025390625, 0.1077880859375, 0.188232421875, 0.0396728515625, 0.0183563232421875, 0.018402099609375, 0.015045166015625, 0.078125, 0.00478363037109375, 0.158935546875, 0.018310546875, 0.1988525390625, 0.18603515625, 0.1336669921875, 0.056243896484375, 0.022491455078125, 0.127197265625, 0.1171875, 0.05303955078125, 0.09674072265625, 0.2548828125, 0.11297607421875, 0.05780029296875, 0.021026611328125, 0.00801849365234375, 0.019927978515625, 0.0875244140625, 0.179443359375, 0.03680419921875, 0.07354736328125, 0.011383056640625, 0.01708984375, 0.1806640625, 0.0085296630859375, 0.094970703125, 0.04150390625, 0.0178375244140625, 0.0185699462890625, 0.0183563232421875, 0.158203125, 0.1177978515625, 0.0167388916015625, 0.0180511474609375, 0.08837890625, 0.03448486328125, 0.10040283203125, 0.024200439453125, 0.0721435546875, 0.07867431640625, 0.005496978759765625, 0.2305908203125, 0.20654296875, 0.0191497802734375, 0.0745849609375, 0.031951904296875, 0.00963592529296875, 0.11907958984375, 0.12493896484375, 0.10736083984375, 0.0657958984375, 0.017578125, 0.0184478759765625, 0.043609619140625, 0.0184478759765625, 0.018585205078125, 0.018218994140625, 0.03857421875, 0.12213134765625, 0.1893310546875, 0.028594970703125, 0.01474761962890625, 0.01241302490234375, 0.1121826171875, 0.07000732421875, 0.0210418701171875, 0.052093505859375, 0.266845703125, 0.0179595947265625, 0.10595703125, 0.176513671875, 0.129638671875, 0.01041412353515625, 0.1326904296875, 0.018157958984375, 0.04510498046875, 0.01335906982421875, 0.1708984375]}