{"indices": [100, 10018, 100250, 100961, 1019, 1034, 105451, 109189, 109364, 110718, 11084, 111, 11189, 112486, 1130, 113053, 11490, 1153, 117193, 1173, 11809, 12, 120410, 12272, 12510, 126234, 128607, 1295, 129706, 129969, 13, 1317, 13386, 135051, 1363, 1375, 139147, 1403, 14154, 144, 1441, 149, 152961, 153231, 15373, 155152, 15635, 15895, 16390, 1652, 16665, 167037, 168611, 169, 1703, 17055, 171918, 17203, 172562, 17368, 17461, 18, 1826, 1830, 18677, 187201, 187925, 188, 18878, 19015, 198146, 20400, 2053, 207025, 20773, 20820, 2110, 213, 214315, 2198, 221160, 2283, 23, 230466, 2320, 235079, 23556, 2369, 2452, 24970, 2501, 25621, 26073, 2609, 26420, 267, 26785, 268, 2745, 27750, 27825, 284, 28675, 2886, 28933, 30698, 310, 3453, 3611, 36333, 3640, 38026, 38071, 38238, 384, 4, 4035, 4046, 40865, 41284, 41740, 4216, 42643, 43, 43221, 43594, 4378, 4450, 45, 4511, 46473, 4680, 4841, 503, 50393, 51515, 52080, 53894, 5412, 56, 567, 5714, 58397, 58994, 5977, 6, 601, 616, 62, 62029, 62084, 6233, 66096, 6618, 669, 6881, 7, 7076, 7150, 71931, 72964, 73, 7447, 75679, 7674, 77007, 780, 8112, 8312, 8357, 84607, 84632, 8467, 8488, 86685, 87, 87398, 87747, 88996, 9, 910, 91305, 91615, 9340, 97204, 979, 97973, 99197], "values": [0.04742431640625, 0.2308349609375, 0.1591796875, 0.130126953125, 0.004642486572265625, 0.020050048828125, 0.08880615234375, 0.01439666748046875, 0.0823974609375, 0.1251220703125, 0.07537841796875, 0.0265045166015625, 0.0265655517578125, 0.0303802490234375, 0.1368408203125, 0.12213134765625, 0.071044921875, 0.062103271484375, 0.0103607177734375, 0.1990966796875, 0.1474609375, 0.026580810546875, 0.00510406494140625, 0.0163421630859375, 0.015228271484375, 0.08929443359375, 0.123779296875, 0.037689208984375, 0.0225830078125, 0.1917724609375, 0.0262298583984375, 0.10302734375, 0.017059326171875, 0.221435546875, 0.0828857421875, 0.1343994140625, 0.155517578125, 0.03759765625, 0.0088348388671875, 0.005573272705078125, 0.035369873046875, 0.12066650390625, 0.12939453125, 0.2464599609375, 0.10772705078125, 0.1549072265625, 0.057891845703125, 0.0122833251953125, 0.09619140625, 0.045745849609375, 0.024566650390625, 0.1640625, 0.1214599609375, 0.026641845703125, 0.11090087890625, 0.1922607421875, 0.16796875, 0.12457275390625, 0.195556640625, 0.024139404296875, 0.1505126953125, 0.026611328125, 0.0264892578125, 0.0264739990234375, 0.1441650390625, 0.18505859375, 0.2103271484375, 0.072265625, 0.08306884765625, 0.1134033203125, 0.01806640625, 0.1561279296875, 0.1224365234375, 0.08868408203125, 5.322694778442383e-05, 0.249267578125, 0.11370849609375, 0.0267486572265625, 0.235107421875, 0.071533203125, 0.1412353515625, 0.151123046875, 0.026458740234375, 0.1795654296875, 0.026458740234375, 0.13330078125, 0.1640625, 0.080078125, 0.10626220703125, 0.1917724609375, 0.0124969482421875, 0.244140625, 0.1414794921875, 0.08563232421875, 0.06903076171875, 0.0845947265625, 0.165771484375, 0.0266265869140625, 0.057586669921875, 0.0099334716796875, 0.11907958984375, 0.143310546875, 0.11236572265625, 0.21240234375, 0.1722412109375, 0.185791015625, 0.00908660888671875, 0.03009033203125, 0.1314697265625, 0.07647705078125, 0.0838623046875, 0.0750732421875, 0.130615234375, 0.1907958984375, 0.0013437271118164062, 0.026824951171875, 0.0187530517578125, 0.022003173828125, 0.171875, 0.1939697265625, 0.049346923828125, 0.0229034423828125, 0.1546630859375, 0.026611328125, 0.05914306640625, 0.1435546875, 0.0238494873046875, 0.1199951171875, 0.08331298828125, 0.02545166015625, 0.0675048828125, 0.1004638671875, 0.0069732666015625, 0.01320648193359375, 0.13623046875, 0.1395263671875, 0.2325439453125, 0.1875, 0.156494140625, 0.05389404296875, 0.006420135498046875, 0.14794921875, 0.10784912109375, 0.0227203369140625, 0.2142333984375, 0.0265655517578125, 0.0019378662109375, 0.017181396484375, 0.00909423828125, 0.2254638671875, 0.046600341796875, 0.1046142578125, 0.0972900390625, 0.10577392578125, 0.02838134765625, 0.031494140625, 0.02642822265625, 0.06903076171875, 0.0081787109375, 0.00415802001953125, 0.25048828125, 0.0645751953125, 0.1385498046875, 0.007045745849609375, 0.008026123046875, 0.103759765625, 0.13818359375, 0.1309814453125, 0.046630859375, 0.031768798828125, 0.01114654541015625, 0.04241943359375, 0.0197296142578125, 0.1666259765625, 0.0121917724609375, 0.037322998046875, 0.0936279296875, 0.168212890625, 0.2020263671875, 0.02655029296875, 0.0061187744140625, 0.01198577880859375, 0.27783203125, 0.17041015625, 0.1285400390625, 0.0889892578125, 0.1279296875, 0.1158447265625]}