{"indices": [10018, 10119, 10294, 10310, 1034, 1036, 103957, 10501, 10637, 1064, 106636, 108078, 108473, 109460, 11076, 1128, 112843, 11372, 11383, 114371, 1173, 117904, 1189, 11963, 11991, 12002, 12114, 12272, 123433, 123896, 12442, 12450, 12678, 1278, 12833, 1288, 129007, 13082, 133614, 1344, 13494, 137404, 138542, 139147, 1395, 13961, 147929, 149309, 149732, 1516, 152551, 15290, 153231, 154820, 157016, 157489, 15768, 1583, 15895, 16394, 170253, 17154, 17183, 1726, 18000, 180072, 185795, 186639, 1892, 1898, 190, 19015, 192033, 19526, 196017, 1965, 1988, 20107, 203289, 203593, 20373, 206063, 21001, 2122, 212782, 213, 21596, 220719, 22185, 2229, 22605, 22613, 2283, 2308, 232620, 236691, 241204, 2458, 246934, 24754, 24914, 24925, 25094, 2621, 264, 26595, 2672, 2698, 274, 27644, 27953, 29457, 2954, 30, 3074, 31023, 31157, 3123, 3272, 3327, 34134, 3490, 35452, 35567, 3615, 36325, 36563, 37, 37866, 37950, 3846, 39687, 4, 40513, 41084, 41436, 41953, 4258, 42709, 43, 43977, 4418, 4465, 44964, 4511, 4578, 46523, 4723, 47424, 4766, 4814, 5, 50355, 5052, 5053, 5070, 5085, 51083, 51184, 5133, 514, 51450, 53399, 5364, 5384, 5410, 5477, 55960, 56356, 56431, 5714, 575, 57776, 5796, 57960, 5838, 6, 60989, 61133, 62029, 6269, 63472, 6349, 6529, 6545, 66891, 68108, 70051, 70388, 7076, 71073, 71277, 7150, 7165, 72034, 7221, 724, 7252, 7272, 72963, 73663, 74171, 7949, 80098, 8312, 8439, 84460, 84705, 8539, 85732, 8585, 86030, 89095, 8934, 8943, 89595, 8983, 90305, 91615, 9340, 9470, 96052, 96499, 9679, 9744, 97608, 97825, 97904], "values": [0.131591796875, 0.025390625, 0.1522216796875, 0.1304931640625, 0.0280609130859375, 0.028228759765625, 0.028228759765625, 0.2259521484375, 0.135009765625, 0.0282440185546875, 0.172607421875, 0.0002593994140625, 0.0389404296875, 0.0285491943359375, 0.0168914794921875, 0.0282135009765625, 0.1572265625, 0.1861572265625, 0.0281524658203125, 0.1461181640625, 0.08294677734375, 0.04449462890625, 0.02801513671875, 0.0275115966796875, 0.0127410888671875, 0.0946044921875, 0.017181396484375, 0.10498046875, 0.1417236328125, 0.2017822265625, 0.0279541015625, 0.0278778076171875, 0.027862548828125, 0.047607421875, 0.1243896484375, 0.1124267578125, 0.0491943359375, 0.0283203125, 0.05133056640625, 0.0280914306640625, 0.0780029296875, 0.0159912109375, 0.06500244140625, 0.245849609375, 0.02752685546875, 0.0290985107421875, 0.0282135009765625, 0.0127410888671875, 0.09527587890625, 0.148681640625, 0.006412506103515625, 0.01113128662109375, 0.08050537109375, 0.20263671875, 0.08642578125, 0.1502685546875, 0.036163330078125, 0.0281829833984375, 0.004756927490234375, 0.0279083251953125, 0.1455078125, 0.0638427734375, 0.0281982421875, 0.028076171875, 0.005413055419921875, 0.149658203125, 0.059722900390625, 0.08953857421875, 0.04595947265625, 0.028167724609375, 0.1300048828125, 0.0005598068237304688, 0.08990478515625, 0.09521484375, 0.04864501953125, 0.02813720703125, 0.028228759765625, 0.03485107421875, 0.132080078125, 0.0284423828125, 0.1380615234375, 0.1595458984375, 0.0867919921875, 0.159423828125, 0.0278778076171875, 0.028289794921875, 0.0279388427734375, 0.0262603759765625, 0.018402099609375, 0.0390625, 0.14794921875, 0.0246734619140625, 0.15380859375, 0.0281524658203125, 0.1624755859375, 0.01380157470703125, 0.06634521484375, 0.08807373046875, 0.1348876953125, 0.0179443359375, 0.09674072265625, 0.12127685546875, 0.11309814453125, 0.0281829833984375, 0.028076171875, 0.0214691162109375, 0.028076171875, 0.0280303955078125, 0.0283660888671875, 0.0244598388671875, 0.0230712890625, 0.048797607421875, 0.0281524658203125, 0.0282440185546875, 0.0283203125, 0.16357421875, 0.0213623046875, 0.027862548828125, 0.0283203125, 0.0283050537109375, 0.022247314453125, 0.0188751220703125, 0.0267333984375, 0.2347412109375, 0.02874755859375, 0.0687255859375, 0.039398193359375, 0.0282135009765625, 0.1436767578125, 0.0281219482421875, 0.0279541015625, 0.0352783203125, 0.028350830078125, 0.12445068359375, 0.0281219482421875, 0.0283203125, 0.13818359375, 0.08349609375, 0.0159454345703125, 0.028289794921875, 0.0270538330078125, 0.10955810546875, 0.061370849609375, 0.0302886962890625, 0.028228759765625, 0.0243988037109375, 0.113525390625, 0.0282135009765625, 0.05224609375, 0.0282745361328125, 0.07037353515625, 0.028167724609375, 0.038360595703125, 0.0997314453125, 0.041290283203125, 0.09088134765625, 0.027923583984375, 0.050628662109375, 0.07696533203125, 0.0282135009765625, 0.0283355712890625, 0.0280609130859375, 0.1773681640625, 0.08050537109375, 0.008697509765625, 0.10931396484375, 0.1761474609375, 0.1204833984375, 0.08233642578125, 0.0275726318359375, 0.027130126953125, 0.0283966064453125, 0.0162811279296875, 0.0275421142578125, 0.1583251953125, 0.1575927734375, 0.028289794921875, 0.146240234375, 0.0704345703125, 0.10015869140625, 0.0609130859375, 0.10150146484375, 0.0545654296875, 0.005672454833984375, 0.00693511962890625, 0.1234130859375, 0.041717529296875, 0.0357666015625, 0.03631591796875, 0.0286102294921875, 0.1212158203125, 0.18994140625, 0.006526947021484375, 0.06976318359375, 0.0216064453125, 0.0775146484375, 0.1282958984375, 0.1065673828125, 0.1607666015625, 0.156982421875, 0.01702880859375, 0.1357421875, 0.02484130859375, 0.1435546875, 0.01003265380859375, 0.0171661376953125, 0.0496826171875, 0.0253143310546875, 0.03741455078125, 0.02325439453125, 0.046295166015625, 0.0284271240234375, 0.0211639404296875, 0.033538818359375, 0.0280914306640625, 0.044891357421875, 0.0439453125, 0.0305633544921875, 0.2178955078125, 0.094970703125, 0.0281982421875, 0.0209197998046875, 0.29248046875, 0.0276641845703125, 0.0275726318359375, 0.09747314453125, 0.04364013671875, 0.1444091796875]}