{"indices": [10057, 100595, 1022, 1034, 10406, 10436, 104634, 10501, 10502, 105026, 106, 1064, 10666, 10725, 10783, 10808, 108473, 1102, 11158, 113, 116, 1189, 1198, 12, 12169, 12243, 12272, 123433, 1238, 125207, 126045, 12833, 132, 132370, 1328, 133704, 1344, 1369, 138666, 1388, 1441, 146971, 147748, 14841, 15, 15161, 153, 154820, 157063, 15768, 1583, 1590, 16, 16817, 170600, 1726, 175550, 177593, 17799, 1781, 18, 182720, 18292, 1860, 188302, 1898, 19186, 19236, 19543, 19563, 1965, 196635, 2008, 201, 205385, 21748, 2203, 22065, 224561, 23125, 238, 2391, 24084, 24291, 244803, 244806, 24584, 24854, 25446, 25522, 25722, 2621, 2657, 268, 27, 274, 2745, 29371, 2985, 305, 30926, 31965, 3270, 3294, 3327, 33541, 3382, 34045, 34090, 347, 35292, 354, 3624, 384, 3846, 387, 391, 39681, 4, 40513, 4114, 41247, 425, 43, 43631, 4382, 4635, 465, 48768, 4941, 4945, 5, 501, 5133, 51352, 514, 51912, 52684, 53, 53174, 5364, 53780, 541, 5412, 54266, 54651, 5477, 5525, 55639, 55960, 562, 573, 57847, 57960, 58087, 5873, 6, 611, 61133, 61477, 6193, 63472, 653, 6628, 68107, 6824, 6895, 69184, 7, 70147, 71277, 72160, 7408, 74193, 7447, 74998, 7646, 78267, 78299, 7847, 789, 79875, 808, 8152, 8393, 84409, 84492, 86030, 86807, 9, 9075, 91, 91185, 915, 91615, 93423, 955, 95583, 96499, 97904, 9909, 997], "values": [0.00847625732421875, 0.10040283203125, 0.04071044921875, 0.0074920654296875, 0.095458984375, 0.00016820430755615234, 0.1319580078125, 0.1588134765625, 0.04681396484375, 0.057830810546875, 0.052734375, 0.0260162353515625, 0.0221099853515625, 0.027679443359375, 0.00798797607421875, 0.062286376953125, 0.17333984375, 0.0254058837890625, 0.032012939453125, 0.0677490234375, 0.0252838134765625, 0.025604248046875, 0.025909423828125, 0.0251922607421875, 0.069580078125, 0.09088134765625, 0.07220458984375, 0.14990234375, 0.10888671875, 0.13916015625, 0.189208984375, 0.2083740234375, 0.025421142578125, 0.0989990234375, 0.07952880859375, 0.1080322265625, 0.05120849609375, 0.0257415771484375, 0.161376953125, 0.025787353515625, 0.06524658203125, 0.04510498046875, 0.14990234375, 0.1273193359375, 0.0255584716796875, 0.1358642578125, 0.025726318359375, 0.2958984375, 0.1326904296875, 0.0885009765625, 0.1688232421875, 0.071533203125, 0.02569580078125, 0.1402587890625, 0.0736083984375, 0.01364898681640625, 0.07501220703125, 0.1307373046875, 0.04833984375, 0.0968017578125, 0.061676025390625, 0.09381103515625, 0.0256805419921875, 0.0189361572265625, 0.1240234375, 0.1923828125, 0.16455078125, 0.0258636474609375, 0.2010498046875, 0.025909423828125, 0.0258331298828125, 0.1829833984375, 0.005023956298828125, 0.0005316734313964844, 0.0184326171875, 0.158447265625, 0.0256805419921875, 0.039794921875, 0.164306640625, 0.134521484375, 0.025146484375, 0.11614990234375, 0.162841796875, 0.009185791015625, 0.1314697265625, 0.1209716796875, 0.1700439453125, 0.025390625, 0.0043792724609375, 0.177001953125, 0.025665283203125, 0.0199432373046875, 0.016143798828125, 0.025787353515625, 0.0234832763671875, 0.0257568359375, 0.0904541015625, 0.0859375, 0.10009765625, 0.059417724609375, 0.025634765625, 0.08013916015625, 0.00872039794921875, 0.07403564453125, 0.053466796875, 0.0802001953125, 0.07464599609375, 0.0085906982421875, 0.06573486328125, 0.045257568359375, 0.0186004638671875, 0.07452392578125, 0.01410675048828125, 0.037139892578125, 0.04949951171875, 0.06304931640625, 0.0390625, 0.11456298828125, 0.0259552001953125, 0.124267578125, 0.1514892578125, 0.0189361572265625, 0.03753662109375, 0.0259552001953125, 0.146728515625, 0.1221923828125, 0.04302978515625, 0.0240325927734375, 0.04925537109375, 0.0031528472900390625, 0.04248046875, 0.01824951171875, 0.037933349609375, 0.0260467529296875, 0.11627197265625, 0.025909423828125, 0.0255584716796875, 0.1756591796875, 0.032257080078125, 0.09564208984375, 0.089111328125, 0.2279052734375, 0.05670166015625, 0.06427001953125, 0.1148681640625, 0.197021484375, 0.1531982421875, 0.1474609375, 0.023284912109375, 0.1041259765625, 0.02435302734375, 0.004528045654296875, 0.0155487060546875, 0.0721435546875, 0.0257110595703125, 0.0389404296875, 0.0259552001953125, 0.1256103515625, 0.1641845703125, 0.0867919921875, 0.05230712890625, 0.1368408203125, 0.12939453125, 0.01120758056640625, 0.10626220703125, 0.08465576171875, 0.024261474609375, 0.0338134765625, 0.025634765625, 0.06878662109375, 0.2369384765625, 0.107177734375, 0.0112762451171875, 0.17626953125, 0.09979248046875, 0.1033935546875, 0.025848388671875, 0.02471923828125, 0.0989990234375, 0.0259552001953125, 0.0256805419921875, 0.13525390625, 0.076171875, 0.0256805419921875, 0.0567626953125, 0.2447509765625, 0.025848388671875, 0.025909423828125, 0.2010498046875, 0.0256500244140625, 0.10894775390625, 0.0254974365234375, 0.0924072265625, 0.0006098747253417969, 0.269775390625, 0.10498046875, 0.0258636474609375, 0.1822509765625, 0.322509765625, 0.143798828125, 0.0369873046875, 0.1558837890625]}