{"indices": [10, 101062, 10119, 101340, 10294, 1034, 103957, 10501, 10502, 106290, 1064, 111, 11192, 1128, 1130, 116292, 118055, 118299, 1189, 119175, 11933, 11963, 121413, 12176, 123433, 12441, 12478, 12555, 12658, 12678, 1278, 12807, 12833, 129007, 129619, 133614, 13465, 136, 1363, 137404, 139147, 13961, 141753, 142, 144, 144060, 147916, 14905, 1516, 152551, 15290, 153231, 154820, 15689, 157016, 15768, 1583, 161789, 16390, 17106, 17154, 17183, 17721, 186, 1898, 190, 19015, 190499, 192033, 192469, 19336, 19526, 196017, 197097, 198461, 203593, 2053, 206061, 21001, 213, 21771, 22605, 226881, 2283, 2308, 233973, 235079, 236691, 237, 24514, 2458, 246934, 24914, 24925, 2621, 264, 2665, 2672, 2684, 27065, 27117, 27140, 27226, 274, 27644, 27771, 27948, 2809, 28343, 29328, 2954, 2967, 297, 29823, 30, 3029, 33209, 34134, 34617, 34636, 35006, 35567, 35968, 3615, 36325, 37, 37950, 4, 40513, 42486, 4258, 42643, 43, 433, 43581, 44402, 4465, 4467, 4511, 47, 4723, 4742, 47805, 4791, 48619, 5, 50419, 5070, 5085, 5133, 52295, 53438, 5364, 538, 56431, 5796, 581, 5838, 5841, 6, 60089, 6044, 62029, 63449, 63472, 6349, 6529, 65998, 66891, 66930, 68108, 68414, 68451, 68667, 7, 70, 70388, 7041, 70460, 7076, 71, 71073, 71277, 7165, 724, 7252, 7272, 72963, 73, 73714, 7464, 765, 79612, 80280, 83, 8312, 84046, 8439, 84460, 8488, 8539, 87, 8753, 87632, 8827, 9, 9103, 91615, 9340, 939, 944, 955, 96499, 9744, 97825, 9788, 98154, 9966], "values": [0.0152130126953125, 0.15576171875, 0.1060791015625, 0.006916046142578125, 0.1925048828125, 0.004665374755859375, 0.01507568359375, 0.1722412109375, 0.0148162841796875, 0.1639404296875, 0.139404296875, 0.01494598388671875, 0.021209716796875, 0.10260009765625, 0.0148468017578125, 0.06451416015625, 0.051727294921875, 0.1458740234375, 0.016937255859375, 0.1630859375, 0.01483917236328125, 0.1395263671875, 0.2447509765625, 0.103515625, 0.1732177734375, 0.036590576171875, 0.133056640625, 0.1109619140625, 0.0256500244140625, 0.0428466796875, 0.0149688720703125, 0.0249481201171875, 0.08612060546875, 0.142822265625, 0.126953125, 0.1461181640625, 0.1275634765625, 0.017333984375, 0.0149078369140625, 0.132080078125, 0.1585693359375, 0.00921630859375, 0.0276336669921875, 0.03533935546875, 0.02142333984375, 0.01517486572265625, 0.1954345703125, 0.027679443359375, 0.097900390625, 0.1158447265625, 0.1427001953125, 0.13720703125, 0.188720703125, 0.1163330078125, 0.1435546875, 0.1187744140625, 0.1004638671875, 0.07342529296875, 0.05804443359375, 0.0002951622009277344, 0.156494140625, 0.00829315185546875, 0.090087890625, 0.01485443115234375, 0.07373046875, 0.15283203125, 0.07037353515625, 0.0728759765625, 0.205322265625, 0.01532745361328125, 0.1256103515625, 0.1112060546875, 0.099853515625, 0.097900390625, 0.108154296875, 0.08819580078125, 0.13427734375, 0.1593017578125, 0.1470947265625, 0.0156707763671875, 0.06292724609375, 0.01483154296875, 0.0897216796875, 0.1431884765625, 0.0152740478515625, 0.0811767578125, 0.164794921875, 0.18115234375, 0.01552581787109375, 0.0966796875, 0.01503753662109375, 0.135498046875, 0.2457275390625, 0.0623779296875, 0.01493072509765625, 0.01532745361328125, 0.06817626953125, 0.01531982421875, 0.047393798828125, 0.057861328125, 0.08319091796875, 0.14013671875, 0.11419677734375, 0.01523590087890625, 0.006778717041015625, 0.01522064208984375, 0.0151214599609375, 0.01500701904296875, 0.121826171875, 0.006771087646484375, 0.014862060546875, 0.1376953125, 0.01499176025390625, 0.11328125, 0.00022864341735839844, 0.049896240234375, 0.174072265625, 0.046173095703125, 0.149658203125, 0.10931396484375, 0.150146484375, 0.1875, 0.197265625, 0.07073974609375, 0.1312255859375, 0.01462554931640625, 0.0200347900390625, 0.01544952392578125, 0.133056640625, 0.112548828125, 0.10205078125, 0.150390625, 0.01513671875, 0.11309814453125, 0.032745361328125, 0.1622314453125, 0.12310791015625, 0.014892578125, 0.0281524658203125, 0.01506805419921875, 0.014923095703125, 0.1134033203125, 0.06243896484375, 0.01486968994140625, 0.1597900390625, 0.01534271240234375, 0.039794921875, 0.04443359375, 0.0156097412109375, 0.0153656005859375, 0.1466064453125, 0.108154296875, 0.143798828125, 0.014862060546875, 0.01055145263671875, 0.1334228515625, 0.015289306640625, 0.1470947265625, 0.07684326171875, 0.01528167724609375, 0.10650634765625, 0.01470947265625, 0.11212158203125, 0.15625, 0.1461181640625, 0.09869384765625, 0.029144287109375, 0.14208984375, 0.1776123046875, 0.1319580078125, 0.10113525390625, 0.1522216796875, 0.06573486328125, 0.0164031982421875, 0.01499176025390625, 0.016143798828125, 0.02044677734375, 0.148193359375, 0.080322265625, 0.029052734375, 0.01495361328125, 0.058135986328125, 0.212158203125, 0.01555633544921875, 0.11456298828125, 0.1939697265625, 0.1763916015625, 0.1334228515625, 0.0147552490234375, 0.0645751953125, 0.087646484375, 0.0175323486328125, 0.2225341796875, 0.056884765625, 0.01605224609375, 0.031768798828125, 0.156982421875, 0.0550537109375, 0.1624755859375, 0.0716552734375, 0.0955810546875, 0.007335662841796875, 0.121337890625, 0.07501220703125, 0.003513336181640625, 0.01496124267578125, 0.038848876953125, 0.172607421875, 0.1715087890625, 0.01525115966796875, 0.01488494873046875, 0.0149993896484375, 0.298583984375, 0.0859375, 0.01538848876953125, 0.056488037109375, 0.131103515625, 0.01500701904296875]}