{"indices": [100296, 10043, 1022, 10294, 10436, 10502, 1052, 105292, 106278, 1064, 106916, 10736, 108231, 109010, 10956, 11176, 11233, 1130, 11372, 116591, 11763, 12002, 120856, 121537, 12256, 12272, 12370, 1278, 12833, 129007, 129710, 13046, 13160, 1328, 13355, 133614, 1388, 138843, 140564, 14140, 1441, 14830, 14841, 14920, 15, 1516, 153231, 154820, 15589, 1562, 15635, 15658, 156874, 159619, 16, 163812, 165537, 165648, 16623, 170015, 17072, 171597, 18, 181038, 184399, 1860, 186846, 18941, 1898, 194801, 19526, 19543, 1955, 196050, 196409, 2003, 20128, 20373, 20543, 2122, 213, 21490, 2203, 227330, 2413, 243754, 24455, 246132, 247467, 247738, 25094, 25572, 2575, 25882, 25953, 2621, 264, 2672, 268, 2698, 27221, 274, 27502, 27825, 28353, 28997, 29925, 30, 30313, 31023, 31772, 3272, 3294, 3327, 33542, 35303, 354, 35452, 35567, 36, 37090, 3846, 38603, 39416, 4, 40513, 4258, 42851, 43, 4332, 44725, 4511, 4578, 46093, 46452, 465, 4723, 47805, 49789, 501, 50393, 514, 5226, 5312, 53399, 53780, 543, 5477, 55960, 5714, 57175, 573, 575, 5796, 59470, 6, 61354, 6376, 64, 6442, 64577, 66277, 68108, 6895, 7005, 70147, 71277, 7266, 7272, 72750, 7382, 7408, 74171, 74998, 7741, 789, 7985, 808, 81, 8119, 82451, 844, 84460, 85887, 86030, 86435, 86518, 87242, 9021, 91615, 9420, 9470, 96499, 96600, 99278, 997], "values": [0.06793212890625, 0.12359619140625, 0.1024169921875, 0.1527099609375, 0.002384185791015625, 0.006412506103515625, 0.03741455078125, 0.04827880859375, 0.09173583984375, 0.006092071533203125, 0.141845703125, 0.0960693359375, 0.286865234375, 0.0960693359375, 0.1412353515625, 0.10052490234375, 0.0213470458984375, 0.0233001708984375, 0.286376953125, 0.037261962890625, 0.0238037109375, 0.0276947021484375, 0.091552734375, 0.1549072265625, 0.0450439453125, 0.0445556640625, 0.0238037109375, 0.1435546875, 0.222412109375, 0.12359619140625, 0.1610107421875, 0.141845703125, 0.019287109375, 0.18603515625, 0.0565185546875, 0.1346435546875, 0.0233001708984375, 0.031585693359375, 0.0196380615234375, 0.1219482421875, 0.01434326171875, 0.079833984375, 0.1934814453125, 0.04095458984375, 0.023345947265625, 0.00872039794921875, 0.1947021484375, 0.1575927734375, 0.020263671875, 0.0229034423828125, 0.08587646484375, 0.134033203125, 0.1990966796875, 0.01537322998046875, 0.0235137939453125, 0.1224365234375, 0.1541748046875, 0.2098388671875, 0.1357421875, 0.023590087890625, 0.0599365234375, 0.057952880859375, 0.08282470703125, 0.1434326171875, 0.0682373046875, 0.023223876953125, 0.002964019775390625, 0.032958984375, 0.199951171875, 0.0517578125, 0.1143798828125, 0.045989990234375, 0.023223876953125, 0.1260986328125, 0.06707763671875, 0.023651123046875, 0.00714111328125, 0.057586669921875, 0.162109375, 0.1158447265625, 0.023956298828125, 0.019287109375, 0.0178070068359375, 0.1495361328125, 0.023406982421875, 0.189208984375, 0.192138671875, 0.2388916015625, 0.1546630859375, 0.2191162109375, 0.1318359375, 0.15673828125, 0.16455078125, 0.087646484375, 0.0970458984375, 0.0232391357421875, 0.037872314453125, 0.0276336669921875, 0.0227813720703125, 0.042572021484375, 0.057373046875, 0.023406982421875, 0.071044921875, 0.1282958984375, 0.0241241455078125, 0.0858154296875, 0.04339599609375, 0.0240020751953125, 0.044830322265625, 0.1561279296875, 0.106201171875, 0.0634765625, 0.0240936279296875, 0.0242462158203125, 0.053436279296875, 0.11669921875, 0.01151275634765625, 0.051300048828125, 0.0845947265625, 0.09539794921875, 0.0007300376892089844, 0.023406982421875, 0.0216522216796875, 0.0792236328125, 0.02386474609375, 0.096435546875, 0.028564453125, 0.2724609375, 0.023773193359375, 0.0158233642578125, 0.037139892578125, 0.034637451171875, 0.0233154296875, 0.035797119140625, 0.0361328125, 0.0233154296875, 0.06158447265625, 0.062469482421875, 0.055206298828125, 0.025238037109375, 0.0697021484375, 0.0230865478515625, 0.0234832763671875, 0.085693359375, 0.1492919921875, 0.09356689453125, 0.150146484375, 0.167724609375, 0.00798797607421875, 0.08160400390625, 0.0197296142578125, 0.02349853515625, 0.023284912109375, 0.1263427734375, 0.1004638671875, 0.02337646484375, 0.038360595703125, 0.00955963134765625, 0.0182647705078125, 0.0963134765625, 0.08453369140625, 0.103759765625, 0.02789306640625, 0.02899169921875, 0.06622314453125, 0.019744873046875, 0.132080078125, 0.01062774658203125, 0.1400146484375, 0.06500244140625, 0.0009074211120605469, 0.01371002197265625, 0.09881591796875, 0.08380126953125, 0.0225067138671875, 0.0233001708984375, 0.024169921875, 0.1358642578125, 0.1612548828125, 0.0654296875, 0.09747314453125, 0.0230712890625, 0.08258056640625, 0.0233917236328125, 0.024444580078125, 0.0203857421875, 0.1748046875, 0.034210205078125, 0.0242462158203125, 0.162841796875, 0.040924072265625, 0.1676025390625, 0.231201171875, 0.167724609375, 0.08477783203125, 0.06280517578125]}