{"indices": [10111, 10119, 101565, 1019, 10294, 1034, 1036, 10409, 10436, 1064, 106743, 106916, 10725, 10736, 109460, 10956, 110803, 113289, 11372, 11383, 1147, 1173, 11933, 12, 12002, 120152, 12169, 12239, 123896, 12568, 126232, 126858, 1278, 12790, 12833, 129239, 132, 133506, 135018, 13797, 138, 138666, 14, 1441, 144454, 145223, 147, 14841, 15, 15104, 151161, 152497, 153231, 15373, 15478, 154820, 155, 15657, 1583, 15892, 15900, 16, 16005, 16356, 165168, 1681, 17010, 17104, 17154, 17619, 17696, 18, 180, 18000, 180734, 18144, 1826, 18317, 18386, 1844, 185795, 1879, 18941, 1898, 19015, 19543, 1955, 19555, 195951, 1965, 19759, 197989, 198163, 1988, 198898, 2003, 20146, 2026, 211653, 211889, 21245, 213, 222523, 227330, 2308, 23422, 2346, 23556, 23767, 23872, 24455, 2458, 247, 2476, 247842, 2506, 25256, 25621, 2615, 2621, 26214, 264, 26592, 2698, 27273, 274, 27948, 2803, 28343, 284, 2969, 30168, 3074, 3195, 32214, 3272, 3327, 3615, 363, 37, 37866, 3846, 38500, 3909, 391, 39450, 39556, 4, 4035, 4058, 42851, 43, 43221, 441, 45088, 4511, 45425, 46209, 46376, 46471, 465, 4696, 4941, 4960, 5070, 5085, 51083, 5133, 514, 5146, 5226, 53, 5392, 5410, 5412, 54968, 55960, 56554, 56699, 5714, 57910, 5796, 6, 60615, 63, 6376, 6433, 6607, 6618, 6656, 66891, 669, 66930, 6728, 67828, 68108, 68414, 6881, 69223, 6986, 7, 7041, 71277, 7272, 72964, 73827, 7408, 7409, 7420, 7447, 75195, 76177, 7770, 77784, 7847, 789, 79069, 80476, 82960, 83548, 84460, 84492, 8502, 86687, 87669, 87747, 8827, 9, 91615, 9186, 9340, 9378, 9420, 9470, 955, 95947, 9636, 96499, 9730, 9744, 99278], "values": [0.1591796875, 0.040435791015625, 0.2047119140625, 0.145751953125, 0.08990478515625, 0.0191802978515625, 0.046600341796875, 0.0073089599609375, 0.0491943359375, 0.0467529296875, 0.00861358642578125, 0.17236328125, 0.06378173828125, 0.1719970703125, 0.043731689453125, 0.0182037353515625, 0.035400390625, 0.191162109375, 0.0465087890625, 0.029815673828125, 0.0823974609375, 0.046173095703125, 0.034942626953125, 0.0178680419921875, 0.01593017578125, 0.11004638671875, 0.067626953125, 0.08197021484375, 0.197998046875, 0.053253173828125, 0.250732421875, 0.10931396484375, 0.08636474609375, 0.059417724609375, 0.10357666015625, 0.158447265625, 0.04656982421875, 0.09429931640625, 0.17724609375, 0.046630859375, 0.125244140625, 0.1053466796875, 0.0217742919921875, 0.0858154296875, 0.203369140625, 0.08184814453125, 0.06536865234375, 0.1280517578125, 0.046142578125, 0.07049560546875, 0.118408203125, 0.02398681640625, 0.268310546875, 0.0251922607421875, 0.04669189453125, 0.228271484375, 0.0137481689453125, 0.136474609375, 0.1258544921875, 0.04638671875, 0.04644775390625, 0.04681396484375, 0.046722412109375, 0.0180206298828125, 0.2177734375, 0.163330078125, 0.0165863037109375, 0.046478271484375, 0.16943359375, 0.046234130859375, 0.046356201171875, 0.046539306640625, 0.1533203125, 0.1279296875, 0.224853515625, 0.03387451171875, 0.09405517578125, 0.06378173828125, 0.10137939453125, 0.04620361328125, 0.17529296875, 0.1358642578125, 0.00946044921875, 0.09930419921875, 0.0880126953125, 0.1365966796875, 0.09442138671875, 0.0213775634765625, 0.0181884765625, 0.05670166015625, 0.039581298828125, 0.057342529296875, 0.045989990234375, 0.046600341796875, 0.157958984375, 0.046356201171875, 0.046661376953125, 0.02410888671875, 0.1365966796875, 0.06951904296875, 0.041046142578125, 0.0888671875, 0.1744384765625, 0.171630859375, 0.046417236328125, 0.046417236328125, 0.014190673828125, 0.13330078125, 0.0287322998046875, 0.0457763671875, 0.302001953125, 0.045684814453125, 0.046722412109375, 0.04205322265625, 0.045654296875, 0.04669189453125, 0.0255126953125, 0.1378173828125, 0.0550537109375, 0.046142578125, 0.13916015625, 0.027191162109375, 0.07391357421875, 0.04315185546875, 0.0322265625, 0.046630859375, 0.046478271484375, 0.046478271484375, 0.151123046875, 0.1900634765625, 0.11932373046875, 0.11041259765625, 0.066650390625, 0.02069091796875, 0.0465087890625, 0.04644775390625, 0.0465087890625, 0.23583984375, 0.061126708984375, 0.046600341796875, 0.2315673828125, 0.0465087890625, 0.049560546875, 0.038848876953125, 0.0009145736694335938, 0.09130859375, 0.033477783203125, 0.0467529296875, 0.0235748291015625, 0.0450439453125, 0.04705810546875, 0.0467529296875, 0.1199951171875, 0.0782470703125, 0.1116943359375, 0.0253753662109375, 0.1964111328125, 0.044158935546875, 0.1162109375, 0.1068115234375, 0.046112060546875, 0.115966796875, 0.024658203125, 0.061004638671875, 0.0460205078125, 0.251708984375, 0.1754150390625, 0.1177978515625, 0.04681396484375, 0.0653076171875, 0.046600341796875, 0.03289794921875, 0.06524658203125, 0.037109375, 0.04437255859375, 0.0418701171875, 0.04608154296875, 0.0750732421875, 0.02191162109375, 0.1212158203125, 0.08892822265625, 0.0860595703125, 0.046722412109375, 0.07940673828125, 0.01971435546875, 0.04351806640625, 0.0533447265625, 0.04583740234375, 0.0701904296875, 0.1490478515625, 0.1357421875, 0.168701171875, 0.2034912109375, 0.044891357421875, 0.04681396484375, 0.0701904296875, 0.27490234375, 0.059600830078125, 0.029388427734375, 0.05621337890625, 0.044219970703125, 0.1790771484375, 0.22021484375, 0.274169921875, 0.21630859375, 0.09979248046875, 0.046630859375, 0.046112060546875, 0.034515380859375, 0.0391845703125, 0.11419677734375, 0.1368408203125, 0.1964111328125, 0.1890869140625, 0.045806884765625, 0.04632568359375, 0.045623779296875, 0.01702880859375, 0.041900634765625, 0.03131103515625, 0.12152099609375, 0.040618896484375, 0.03692626953125, 0.1722412109375, 0.1927490234375, 0.221923828125, 0.2279052734375, 0.012847900390625, 0.2056884765625, 0.10205078125, 0.1451416015625, 0.0465087890625, 0.1209716796875, 0.17236328125, 0.04595947265625, 0.27490234375, 0.0262298583984375, 0.2281494140625, 0.0679931640625, 0.1080322265625, 0.0654296875]}