{"indices": [10018, 100313, 10043, 101062, 10111, 101484, 101565, 10161, 10238, 10294, 10310, 1034, 1050, 10501, 1064, 106638, 108231, 109227, 11158, 112737, 11372, 114016, 116, 1173, 119168, 11933, 11935, 12092, 12122, 121318, 12250, 125219, 1278, 12833, 1288, 12906, 13182, 132, 132882, 133614, 13447, 137089, 138357, 139147, 1395, 1403, 145223, 146401, 146918, 147916, 148319, 1493, 151404, 15160, 154820, 155539, 155592, 156502, 157623, 157819, 1580, 1583, 1589, 1590, 159144, 16, 160813, 165648, 17010, 1726, 172682, 173490, 17892, 18317, 185795, 185908, 186322, 188030, 188302, 1898, 189813, 190499, 190854, 192033, 194524, 194918, 19543, 19563, 1965, 19699, 19759, 198898, 199060, 20107, 2058, 206061, 21001, 2110, 211505, 2122, 213, 213964, 214407, 2150, 22256, 2229, 22605, 227330, 2308, 23128, 23724, 23737, 23906, 2391, 24455, 2458, 2476, 24925, 24970, 25086, 25621, 2621, 264, 2672, 26756, 27283, 27393, 274, 28155, 28188, 28675, 289, 28933, 28997, 29328, 2961, 2996, 30, 31023, 3182, 32538, 3272, 3327, 33406, 33541, 3367, 3382, 34045, 36526, 36542, 36570, 36946, 37, 37694, 37950, 38071, 38603, 3909, 397, 4, 41011, 41506, 41740, 42037, 42429, 4258, 42851, 43, 43631, 441, 4418, 4465, 44725, 4511, 46452, 47805, 4791, 4941, 5070, 5133, 514, 5226, 5230, 5296, 53145, 53399, 5410, 5477, 55838, 5610, 562, 56699, 5714, 57486, 57910, 5796, 58880, 6, 6251, 6342, 63472, 6376, 6442, 6518, 66277, 66930, 6710, 67828, 68414, 68667, 6895, 69612, 7005, 71277, 7165, 7272, 72963, 72964, 73714, 789, 79337, 79575, 8112, 8119, 82451, 82638, 82657, 85797, 8585, 8806, 8857, 89349, 9075, 91615, 9470, 94880, 955, 96052, 9636, 96499, 96651, 9744, 98377, 98420], "values": [0.07171630859375, 0.0272979736328125, 0.1072998046875, 0.2135009765625, 0.1754150390625, 0.04241943359375, 0.034027099609375, 0.033782958984375, 0.10797119140625, 0.1463623046875, 0.10321044921875, 0.0343017578125, 0.03411865234375, 0.139404296875, 0.03424072265625, 0.09136962890625, 0.26220703125, 0.1248779296875, 0.14013671875, 0.1463623046875, 0.314697265625, 0.0178985595703125, 0.052764892578125, 0.0340576171875, 0.16455078125, 0.034271240234375, 0.033782958984375, 0.07373046875, 0.03497314453125, 0.026336669921875, 0.1002197265625, 0.159423828125, 0.1839599609375, 0.0423583984375, 0.03985595703125, 0.034210205078125, 0.0758056640625, 0.033935546875, 0.250732421875, 0.1297607421875, 0.0887451171875, 0.1396484375, 0.1239013671875, 0.12188720703125, 0.059814453125, 0.11279296875, 0.0823974609375, 0.088623046875, 0.034271240234375, 0.2135009765625, 0.0789794921875, 0.034210205078125, 0.09136962890625, 0.0183258056640625, 0.20458984375, 0.027496337890625, 0.0191802978515625, 0.09075927734375, 0.1964111328125, 0.02685546875, 0.006916046142578125, 0.034027099609375, 0.034423828125, 0.033660888671875, 0.00689697265625, 0.034332275390625, 0.03424072265625, 0.126220703125, 0.01507568359375, 0.0115814208984375, 0.0068359375, 0.01448822021484375, 0.007770538330078125, 0.005771636962890625, 0.248291015625, 0.091064453125, 0.036590576171875, 0.0328369140625, 0.0152435302734375, 0.1156005859375, 0.049896240234375, 0.07147216796875, 0.07867431640625, 0.08966064453125, 0.0231475830078125, 0.05023193359375, 0.003047943115234375, 0.0341796875, 0.0341796875, 0.032501220703125, 0.08502197265625, 0.0286865234375, 0.2269287109375, 0.177978515625, 0.012847900390625, 0.1478271484375, 0.0740966796875, 0.2200927734375, 0.09454345703125, 0.10491943359375, 0.0343017578125, 0.15771484375, 0.0257415771484375, 0.029510498046875, 0.1529541015625, 0.07879638671875, 0.032196044921875, 0.03143310546875, 0.03424072265625, 0.1273193359375, 0.01361083984375, 0.11944580078125, 0.0178680419921875, 0.033294677734375, 0.1571044921875, 0.1468505859375, 0.1568603515625, 0.047332763671875, 0.10809326171875, 0.1026611328125, 0.012359619140625, 0.034271240234375, 0.031524658203125, 0.033599853515625, 0.001575469970703125, 0.01172637939453125, 0.1754150390625, 0.034210205078125, 0.04638671875, 0.0626220703125, 0.005146026611328125, 0.0341796875, 0.0217742919921875, 0.072021484375, 0.047821044921875, 0.03411865234375, 0.01023101806640625, 0.043670654296875, 0.1322021484375, 0.0341796875, 0.177734375, 0.1624755859375, 0.0343017578125, 0.06549072265625, 0.044891357421875, 0.19482421875, 0.0277252197265625, 0.016082763671875, 0.081787109375, 0.09613037109375, 0.0343017578125, 0.156494140625, 0.034149169921875, 0.12164306640625, 0.0309906005859375, 0.0404052734375, 0.0123443603515625, 0.1505126953125, 0.065673828125, 0.034332275390625, 0.09759521484375, 0.137451171875, 0.01294708251953125, 0.006420135498046875, 0.031341552734375, 0.042022705078125, 0.1195068359375, 0.0343017578125, 0.0268096923828125, 0.033355712890625, 0.01532745361328125, 0.034271240234375, 0.038543701171875, 0.00856781005859375, 0.07415771484375, 0.042236328125, 0.07763671875, 0.034088134765625, 0.1572265625, 0.05877685546875, 0.03436279296875, 0.034210205078125, 0.04052734375, 0.0277252197265625, 0.0141448974609375, 0.1317138671875, 0.13623046875, 0.1314697265625, 0.0677490234375, 0.057281494140625, 0.027587890625, 0.0557861328125, 0.033599853515625, 0.00836944580078125, 0.0263824462890625, 0.0654296875, 0.10015869140625, 0.034332275390625, 0.024658203125, 0.024078369140625, 0.198486328125, 0.0341796875, 0.11358642578125, 0.03399658203125, 0.0328369140625, 0.170654296875, 0.09832763671875, 0.03472900390625, 0.1884765625, 0.033233642578125, 0.031524658203125, 0.00966644287109375, 0.0265960693359375, 0.18115234375, 0.03350830078125, 0.19091796875, 0.0821533203125, 0.1644287109375, 0.08172607421875, 0.034210205078125, 0.0280914306640625, 0.154052734375, 0.0343017578125, 0.057342529296875, 0.08685302734375, 0.079833984375, 0.04150390625, 0.03955078125, 0.0908203125, 0.111328125, 0.12481689453125, 0.10693359375, 0.06689453125, 0.223876953125, 0.1773681640625, 0.03094482421875, 0.03424072265625, 0.0233154296875, 0.046630859375, 0.29150390625, 0.0467529296875, 0.01238250732421875, 0.034515380859375, 0.0338134765625]}