{"indices": [101062, 1031, 10406, 107033, 10736, 1112, 117904, 1189, 123433, 134693, 1398, 147916, 15373, 154820, 19015, 19071, 22103, 2283, 27393, 31157, 33096, 38704, 4258, 4442, 4520, 4828, 5364, 56721, 5796, 5838, 5896, 6, 6062, 61391, 62193, 6251, 6260, 63708, 6478, 66930, 68107, 68108, 68414, 70147, 71277, 7272, 7949, 80196, 8488, 90305, 91615, 96499, 97109], "values": [0.181396484375, 0.01050567626953125, 0.1231689453125, 0.0433349609375, 0.0948486328125, 0.104248046875, 0.12420654296875, 0.07562255859375, 0.25927734375, 0.10406494140625, 0.01580810546875, 0.17724609375, 0.06854248046875, 0.1607666015625, 0.09466552734375, 0.039642333984375, 0.154296875, 0.147705078125, 0.1363525390625, 0.0550537109375, 0.127685546875, 0.12286376953125, 0.0814208984375, 0.12127685546875, 0.12017822265625, 0.07568359375, 0.219482421875, 0.19189453125, 0.125244140625, 0.1260986328125, 0.128173828125, 0.060546875, 0.0806884765625, 0.12890625, 0.17822265625, 0.0091705322265625, 0.09759521484375, 0.11041259765625, 0.0958251953125, 0.13525390625, 0.1025390625, 0.1380615234375, 0.1884765625, 0.050994873046875, 0.1602783203125, 0.1800537109375, 0.11907958984375, 0.08441162109375, 0.0830078125, 0.19091796875, 0.1446533203125, 0.26025390625, 0.047149658203125]}