{"indices": [10018, 100691, 1019, 102753, 10294, 1034, 103942, 103946, 104634, 10497, 10637, 1064, 106638, 10693, 10725, 10808, 108151, 108640, 10919, 109466, 10956, 1102, 11158, 11189, 112173, 11578, 11608, 117193, 117211, 1189, 1193, 11963, 12002, 12353, 12510, 12513, 125190, 12565, 126610, 129969, 1317, 132, 132370, 133095, 13494, 135018, 135030, 13663, 136787, 137212, 138, 139147, 1395, 1403, 140575, 14140, 14196, 146204, 14641, 14664, 14769, 148474, 148660, 149238, 149291, 1493, 15220, 154007, 1542, 154820, 155116, 15749, 1583, 1589, 160008, 16137, 162080, 16267, 17104, 172963, 1771, 179418, 18000, 18181, 1860, 1879, 187925, 190011, 19186, 192834, 19558, 19608, 1971, 198611, 20024, 2017, 204921, 209, 2100, 2110, 21108, 2122, 213, 22038, 2212, 22243, 22352, 22409, 22435, 2283, 2308, 23537, 23556, 236008, 23753, 23898, 2413, 2438, 247, 24741, 24872, 24990, 25086, 264, 2672, 26756, 27065, 2719, 274, 27738, 2797, 28433, 30, 30792, 3123, 3148, 31874, 32007, 3270, 3275, 3322, 3327, 33541, 354, 35665, 37, 3759, 38058, 38071, 3893, 38957, 39112, 4, 4015, 4016, 41011, 41247, 4131, 4169, 42037, 42643, 4290, 43, 4418, 4511, 45945, 46452, 465, 46523, 4696, 470, 48412, 49053, 4941, 4945, 5052, 5085, 5133, 5146, 516, 52611, 52684, 53174, 534, 5392, 54031, 5410, 5412, 54458, 5525, 5615, 5693, 56971, 5714, 5796, 58016, 5838, 58397, 5841, 59148, 59835, 6, 60353, 61255, 62029, 6233, 6269, 630, 6335, 63709, 64172, 6518, 65234, 65767, 6751, 67828, 6806, 68089, 68108, 69522, 6966, 7150, 7153, 724, 72963, 73068, 73421, 73714, 74, 7452, 7688, 77784, 7985, 8171, 8173, 81855, 8312, 83699, 83793, 8393, 84845, 8488, 86807, 87, 8847, 8857, 9, 9005, 9075, 9085, 91305, 91615, 9243, 93010, 9340, 96052, 9636, 9744, 97523, 97904, 9989], "values": [0.06402587890625, 0.045654296875, 0.1380615234375, 0.06365966796875, 0.2147216796875, 0.0635986328125, 0.1348876953125, 0.08203125, 0.161376953125, 0.0662841796875, 0.075439453125, 0.0634765625, 0.05743408203125, 0.127197265625, 0.1341552734375, 0.14990234375, 0.0634765625, 0.1658935546875, 0.06317138671875, 0.094482421875, 0.036346435546875, 0.06341552734375, 0.0635986328125, 0.0633544921875, 0.0295867919921875, 0.249267578125, 0.06341552734375, 0.06024169921875, 0.061767578125, 0.0634765625, 0.1868896484375, 0.0316162109375, 0.06353759765625, 0.037384033203125, 0.048614501953125, 0.0288543701171875, 0.0634765625, 0.08197021484375, 0.126953125, 0.2147216796875, 0.0633544921875, 0.015380859375, 0.15576171875, 0.09234619140625, 0.1409912109375, 0.1646728515625, 0.11383056640625, 0.0914306640625, 0.26513671875, 0.09588623046875, 0.11956787109375, 0.273681640625, 0.05462646484375, 0.10443115234375, 0.189208984375, 0.1973876953125, 0.2039794921875, 0.212158203125, 0.1949462890625, 0.237548828125, 0.06365966796875, 0.05853271484375, 0.053985595703125, 0.2138671875, 0.10186767578125, 0.0634765625, 0.036590576171875, 0.12005615234375, 0.2373046875, 0.2447509765625, 0.152099609375, 0.04034423828125, 0.06341552734375, 0.06353759765625, 0.0511474609375, 0.1451416015625, 0.110107421875, 0.1339111328125, 0.0634765625, 0.1656494140625, 0.06353759765625, 0.146240234375, 0.1064453125, 0.10272216796875, 0.06341552734375, 0.1553955078125, 0.050079345703125, 0.2359619140625, 0.12841796875, 0.1787109375, 0.1678466796875, 0.1134033203125, 0.0965576171875, 0.1788330078125, 0.05828857421875, 0.06304931640625, 0.152587890625, 0.0982666015625, 0.06658935546875, 0.021240234375, 0.05072021484375, 0.10797119140625, 0.06353759765625, 0.0462646484375, 0.050201416015625, 0.042510986328125, 0.1749267578125, 0.1041259765625, 0.1611328125, 0.1455078125, 0.06304931640625, 0.140380859375, 0.180908203125, 0.05999755859375, 0.09552001953125, 0.1798095703125, 0.06298828125, 0.18310546875, 0.049224853515625, 0.0626220703125, 0.1558837890625, 0.09552001953125, 0.058349609375, 0.0635986328125, 0.06317138671875, 0.05438232421875, 0.143310546875, 0.06341552734375, 0.0635986328125, 0.06280517578125, 0.06329345703125, 0.0635986328125, 0.0758056640625, 0.1671142578125, 0.07147216796875, 0.0474853515625, 0.1959228515625, 0.1484375, 0.06341552734375, 0.11346435546875, 0.08197021484375, 0.063232421875, 0.056488037109375, 0.063232421875, 0.06341552734375, 0.06353759765625, 0.017303466796875, 0.0635986328125, 0.1058349609375, 0.1761474609375, 0.04180908203125, 0.157958984375, 0.06402587890625, 0.209716796875, 0.04754638671875, 0.172119140625, 0.06683349609375, 0.2203369140625, 0.06341552734375, 0.07769775390625, 0.05816650390625, 0.0229339599609375, 0.06365966796875, 0.2113037109375, 0.06298828125, 0.0635986328125, 0.0635986328125, 0.0634765625, 0.063232421875, 0.11309814453125, 0.1002197265625, 0.058197021484375, 0.1424560546875, 0.06341552734375, 0.12042236328125, 0.148681640625, 0.145263671875, 0.0633544921875, 0.0635986328125, 0.063232421875, 0.2462158203125, 0.057769775390625, 0.2193603515625, 0.137451171875, 0.0635986328125, 0.0634765625, 0.185791015625, 0.2052001953125, 0.033294677734375, 0.06219482421875, 0.06365966796875, 0.0340576171875, 0.06011962890625, 0.049560546875, 0.130859375, 0.028778076171875, 0.1689453125, 0.21044921875, 0.1090087890625, 0.2152099609375, 0.0634765625, 0.0634765625, 0.10430908203125, 0.126953125, 0.1927490234375, 0.11376953125, 0.1650390625, 0.052490234375, 0.0819091796875, 0.0672607421875, 0.0635986328125, 0.1697998046875, 0.1417236328125, 0.04998779296875, 0.02056884765625, 0.06365966796875, 0.13916015625, 0.161865234375, 0.133056640625, 0.292236328125, 0.0548095703125, 0.11334228515625, 0.1322021484375, 0.2568359375, 0.14599609375, 0.09649658203125, 0.139892578125, 0.1337890625, 0.047515869140625, 0.07672119140625, 0.112060546875, 0.1580810546875, 0.06365966796875, 0.061431884765625, 0.06353759765625, 0.15869140625, 0.15673828125, 0.064208984375, 0.07354736328125, 0.10772705078125, 0.06341552734375, 0.1898193359375, 0.0697021484375, 0.08953857421875, 0.0579833984375, 0.1253662109375, 0.0187530517578125, 0.050628662109375, 0.06329345703125, 0.1785888671875, 0.03045654296875, 0.2449951171875, 0.06353759765625, 0.056549072265625, 0.1993408203125, 0.077880859375, 0.023895263671875, 0.025421142578125, 0.2310791015625, 0.2100830078125, 0.0633544921875]}