{"indices": [102917, 10366, 106117, 10846, 11192, 116292, 120103, 121413, 121876, 12302, 12478, 128746, 12921, 135355, 136, 137089, 141325, 144, 158, 159688, 15970, 16106, 1631, 17032, 17203, 17262, 1733, 1830, 186768, 19336, 204105, 2053, 21373, 21771, 235079, 23718, 24514, 24725, 25188, 2684, 27117, 27226, 27771, 2809, 2852, 2967, 29823, 32153, 324, 3299, 33120, 33209, 33326, 344, 35509, 433, 44402, 4488, 5201, 52080, 52295, 55556, 57860, 5844, 58663, 592, 6024, 64549, 65918, 65998, 66, 7, 70460, 71864, 72350, 72697, 7464, 76106, 765, 80280, 8305, 84079, 8753, 89554, 903, 92054, 944, 95], "values": [0.03875732421875, 0.108154296875, 0.162841796875, 0.1390380859375, 0.0164337158203125, 0.125732421875, 0.076416015625, 0.166259765625, 0.078369140625, 0.178466796875, 0.1197509765625, 0.108154296875, 0.0955810546875, 0.1273193359375, 0.060760498046875, 0.198974609375, 0.15869140625, 0.06793212890625, 0.0117340087890625, 0.1986083984375, 0.1707763671875, 0.1400146484375, 0.0704345703125, 0.09423828125, 0.17822265625, 0.1356201171875, 0.1298828125, 0.0640869140625, 0.08209228515625, 0.056976318359375, 0.125244140625, 0.06768798828125, 0.1087646484375, 0.106689453125, 0.225830078125, 0.1287841796875, 0.145263671875, 0.08795166015625, 0.103271484375, 0.06341552734375, 0.0968017578125, 0.07452392578125, 0.06256103515625, 0.006793975830078125, 0.057861328125, 0.1329345703125, 0.0927734375, 0.0916748046875, 0.1441650390625, 0.21337890625, 0.1273193359375, 0.1361083984375, 0.0008001327514648438, 0.0718994140625, 0.05987548828125, 0.035980224609375, 0.126220703125, 0.06280517578125, 0.0282135009765625, 0.1912841796875, 0.11712646484375, 0.147216796875, 0.08404541015625, 0.040313720703125, 0.1929931640625, 0.038421630859375, 0.067626953125, 0.07574462890625, 0.131103515625, 0.10986328125, 0.0404052734375, 0.00726318359375, 0.1031494140625, 0.10284423828125, 0.049896240234375, 0.1683349609375, 0.07763671875, 0.152099609375, 0.0158843994140625, 0.06585693359375, 0.00010442733764648438, 0.1644287109375, 0.155517578125, 0.037078857421875, 0.040313720703125, 0.2393798828125, 0.08282470703125, 0.0655517578125]}