{"indices": [10007, 10111, 101744, 102038, 10294, 1034, 1036, 10406, 109104, 10991, 10994, 1107, 11176, 1128, 112843, 1130, 11372, 113725, 11548, 11587, 11648, 1189, 12002, 12169, 12174, 12256, 12272, 123433, 12370, 1249, 12568, 1278, 12833, 12975, 13082, 139147, 1398, 14023, 14144, 14212, 143971, 1441, 14841, 149309, 1516, 152497, 15256, 15447, 154820, 15635, 156874, 157016, 1580, 158184, 17104, 17183, 17989, 1800, 18000, 18197, 1826, 182884, 18317, 186846, 1892, 1898, 19015, 19049, 19186, 192033, 192469, 193195, 1955, 1971, 19759, 2003, 20373, 20499, 20543, 2122, 213, 21662, 220719, 22103, 2229, 22605, 22965, 22972, 2308, 231494, 2357, 23767, 23898, 24084, 25094, 25656, 2621, 264, 2672, 2681, 27393, 274, 2745, 27502, 27804, 27953, 2839, 2875, 29328, 31023, 3117, 3272, 3322, 3327, 33541, 3367, 354, 35567, 36115, 36325, 36563, 37220, 37866, 384, 4, 40231, 4035, 40513, 41084, 41436, 4258, 42643, 42709, 4280, 42851, 43, 4379, 4511, 4578, 4622, 4633, 4791, 5, 5016, 50995, 514, 53399, 5364, 5412, 5477, 55960, 56431, 5714, 575, 5796, 5873, 6, 615, 6167, 62193, 62624, 6376, 64172, 6460, 65065, 66277, 66930, 68108, 68414, 7005, 7076, 71073, 71277, 7165, 7272, 73509, 74, 7408, 74171, 74998, 75533, 757, 7608, 78631, 789, 81915, 8261, 82683, 839, 8545, 86030, 89435, 9, 9075, 9127, 91615, 92455, 9340, 96499, 96600, 9730, 99278], "values": [0.0455322265625, 0.1614990234375, 0.0172576904296875, 0.04046630859375, 0.1390380859375, 0.045562744140625, 0.04559326171875, 0.039520263671875, 0.265380859375, 0.01482391357421875, 0.06488037109375, 0.0426025390625, 0.208984375, 0.0960693359375, 0.212890625, 0.045318603515625, 0.045745849609375, 0.1309814453125, 0.04583740234375, 0.13623046875, 0.04498291015625, 0.0457763671875, 0.1456298828125, 0.0209503173828125, 0.2232666015625, 0.0012788772583007812, 0.0516357421875, 0.0958251953125, 0.04608154296875, 0.2257080078125, 0.045654296875, 0.04571533203125, 0.10711669921875, 0.01213836669921875, 0.045501708984375, 0.06414794921875, 0.0699462890625, 0.0250091552734375, 0.1412353515625, 0.08721923828125, 0.1435546875, 0.0237274169921875, 0.045562744140625, 0.0380859375, 0.045745849609375, 0.03997802734375, 0.00737762451171875, 0.06549072265625, 0.169921875, 0.049407958984375, 0.25341796875, 0.060577392578125, 0.045257568359375, 0.09991455078125, 0.0413818359375, 0.0426025390625, 0.04107666015625, 0.0777587890625, 0.0714111328125, 0.1597900390625, 0.046051025390625, 0.10040283203125, 0.04522705078125, 0.06488037109375, 0.07574462890625, 0.0460205078125, 0.035064697265625, 0.0755615234375, 0.1463623046875, 0.1612548828125, 0.0440673828125, 0.2159423828125, 0.01255035400390625, 0.08453369140625, 0.0322265625, 0.1258544921875, 0.1544189453125, 0.11773681640625, 0.302490234375, 0.131591796875, 0.046112060546875, 0.025726318359375, 0.047149658203125, 0.0706787109375, 0.11395263671875, 0.045654296875, 0.04547119140625, 0.1610107421875, 0.04559326171875, 0.1324462890625, 0.045318603515625, 0.1282958984375, 0.11920166015625, 0.229248046875, 0.045440673828125, 0.19482421875, 0.0458984375, 0.0196075439453125, 0.0455322265625, 0.045928955078125, 0.17578125, 0.04583740234375, 0.0081939697265625, 0.19580078125, 0.0232086181640625, 0.045867919921875, 0.10870361328125, 0.20556640625, 0.016326904296875, 0.1026611328125, 0.038116455078125, 0.045562744140625, 0.0173492431640625, 0.045623779296875, 0.0450439453125, 0.1072998046875, 0.10931396484375, 0.1575927734375, 0.292236328125, 0.1943359375, 0.1226806640625, 0.156982421875, 0.16015625, 0.1644287109375, 0.04608154296875, 0.0318603515625, 0.045562744140625, 0.2003173828125, 0.04559326171875, 0.04278564453125, 0.01474761962890625, 0.1302490234375, 0.025299072265625, 0.04583740234375, 0.163818359375, 0.0458984375, 0.122314453125, 0.045654296875, 0.045684814453125, 0.045684814453125, 0.1278076171875, 0.045501708984375, 0.045654296875, 0.186767578125, 0.048675537109375, 0.045654296875, 0.037933349609375, 0.045867919921875, 0.0216217041015625, 0.1455078125, 0.124267578125, 0.04559326171875, 0.042205810546875, 0.04583740234375, 0.161376953125, 0.10089111328125, 0.045989990234375, 0.04559326171875, 0.1192626953125, 0.09326171875, 0.14013671875, 0.045745849609375, 0.0482177734375, 0.046295166015625, 0.1046142578125, 0.04736328125, 0.1363525390625, 0.10198974609375, 0.1806640625, 0.043701171875, 0.015350341796875, 0.07159423828125, 0.2359619140625, 0.04534912109375, 0.174072265625, 0.1666259765625, 0.0156402587890625, 0.045989990234375, 0.16552734375, 0.1199951171875, 0.1773681640625, 0.055999755859375, 0.0266571044921875, 0.087890625, 0.045989990234375, 0.05804443359375, 0.025390625, 0.1575927734375, 0.1484375, 0.268310546875, 0.058990478515625, 0.045806884765625, 0.11785888671875, 0.0899658203125, 0.25048828125, 0.1783447265625, 0.045684814453125, 0.11114501953125, 0.2646484375, 0.243896484375, 0.1229248046875, 0.093505859375]}