{"indices": [10132, 102131, 10294, 10310, 10406, 104634, 107033, 10784, 10808, 109420, 1102, 11072, 111050, 1128, 117311, 11835, 1189, 12, 12256, 12790, 129428, 132, 132370, 133144, 136229, 138, 139147, 142580, 1516, 152827, 1530, 15478, 154820, 16, 16005, 16574, 17061, 17154, 17799, 1795, 18111, 18613, 186410, 19427, 198611, 199056, 201, 202869, 209, 2110, 2283, 2357, 238842, 2391, 2438, 2698, 27670, 28717, 29500, 30295, 305, 30530, 31157, 3344, 34635, 35073, 35197, 35567, 37, 37694, 382, 38245, 387, 4058, 41011, 41246, 41247, 42037, 42139, 42851, 4418, 470, 49028, 5, 5052, 5294, 5412, 5730, 5838, 5998, 6, 6105, 6251, 630, 64371, 6545, 6570, 6582, 68107, 68108, 7041, 7272, 7452, 7489, 7739, 8105, 8171, 8375, 8393, 844, 88125, 8988, 9075, 91615, 96561, 97109, 9744, 97904, 99515], "values": [0.01395416259765625, 0.06951904296875, 0.03509521484375, 0.0859375, 0.1065673828125, 0.2158203125, 0.006313323974609375, 0.113037109375, 0.1585693359375, 0.060546875, 0.0253448486328125, 0.1688232421875, 0.1422119140625, 0.1806640625, 0.1982421875, 0.119384765625, 0.09136962890625, 0.016326904296875, 0.042724609375, 0.01126861572265625, 0.10284423828125, 0.0134429931640625, 0.235595703125, 0.08074951171875, 0.211669921875, 0.01416015625, 0.0474853515625, 0.1094970703125, 0.210205078125, 0.1851806640625, 0.0538330078125, 0.09954833984375, 0.27734375, 0.01055145263671875, 0.01502227783203125, 0.1478271484375, 0.096923828125, 0.240478515625, 0.1290283203125, 0.00988006591796875, 0.09197998046875, 0.11090087890625, 0.0997314453125, 0.11474609375, 0.128173828125, 0.11712646484375, 0.006061553955078125, 0.15283203125, 0.06585693359375, 0.01381683349609375, 0.107666015625, 0.1334228515625, 0.11712646484375, 0.004726409912109375, 0.15869140625, 0.073486328125, 0.162353515625, 0.0849609375, 0.2177734375, 0.1749267578125, 0.030731201171875, 0.14404296875, 0.01434326171875, 0.037872314453125, 0.0241546630859375, 0.15283203125, 0.1351318359375, 0.2371826171875, 0.00431060791015625, 0.0650634765625, 0.0288543701171875, 0.07891845703125, 0.00525665283203125, 0.046844482421875, 0.11968994140625, 0.10394287109375, 0.06097412109375, 0.188232421875, 0.11029052734375, 0.15576171875, 0.1905517578125, 0.0228729248046875, 0.1395263671875, 0.0125579833984375, 0.20263671875, 0.1793212890625, 0.1282958984375, 0.1236572265625, 0.1522216796875, 0.0533447265625, 0.01410675048828125, 0.060272216796875, 0.027008056640625, 0.0131988525390625, 0.14697265625, 0.0687255859375, 0.1251220703125, 0.12322998046875, 0.04425048828125, 0.1529541015625, 0.207763671875, 0.2275390625, 0.01458740234375, 0.04766845703125, 0.1923828125, 0.0621337890625, 0.1507568359375, 0.061737060546875, 0.08697509765625, 0.01324462890625, 0.01229095458984375, 0.10272216796875, 0.027923583984375, 0.254638671875, 0.004077911376953125, 0.055389404296875, 0.099853515625, 0.2568359375, 0.1783447265625]}