{"indices": [105451, 106392, 108, 108736, 11062, 11075, 114732, 11548, 119175, 119861, 12, 123470, 128779, 129969, 13023, 130514, 135051, 135355, 13556, 137089, 1375, 1379, 1436, 144, 14537, 152055, 157955, 158, 160281, 16113, 163078, 163092, 16546, 165712, 169073, 169424, 16970, 17014, 17032, 186322, 18775, 188030, 190, 19032, 19051, 195734, 19574, 19824, 20090, 20441, 22206, 222104, 2263, 230466, 23232, 23577, 241446, 241761, 24338, 2609, 2665, 267, 2866, 2874, 28997, 32007, 32964, 33120, 339, 35509, 35662, 36398, 3640, 37719, 38901, 4021, 42716, 441, 46473, 49409, 505, 50930, 51287, 51661, 52080, 5256, 5259, 53894, 541, 55300, 567, 568, 58838, 5977, 601, 6024, 64240, 647, 67177, 729, 77462, 79, 82451, 87, 87398, 87632, 8876, 91371, 9185, 927, 92909, 93, 943, 979, 98, 99270], "values": [0.10174560546875, 0.10260009765625, 0.06060791015625, 0.056396484375, 0.062408447265625, 0.1356201171875, 0.1436767578125, 0.043304443359375, 0.1920166015625, 0.0017538070678710938, 0.0148162841796875, 0.03680419921875, 0.07916259765625, 0.1964111328125, 0.056732177734375, 0.078857421875, 0.1806640625, 0.167724609375, 0.0845947265625, 0.1915283203125, 0.040374755859375, 0.2083740234375, 0.03338623046875, 0.133544921875, 0.1622314453125, 0.214111328125, 0.08135986328125, 0.03497314453125, 0.128173828125, 0.1597900390625, 0.11676025390625, 0.088623046875, 0.09906005859375, 0.1246337890625, 0.03277587890625, 0.033416748046875, 0.00042510032653808594, 0.07122802734375, 0.1461181640625, 0.03485107421875, 0.1610107421875, 0.040740966796875, 0.087646484375, 0.08123779296875, 0.06146240234375, 0.1724853515625, 0.068359375, 0.12548828125, 0.08209228515625, 0.039031982421875, 0.214599609375, 0.03466796875, 0.014678955078125, 0.19970703125, 0.1593017578125, 0.09619140625, 0.004459381103515625, 0.1904296875, 0.062103271484375, 0.07958984375, 0.078857421875, 0.1212158203125, 0.048065185546875, 0.1048583984375, 0.18310546875, 0.03167724609375, 0.036651611328125, 0.1756591796875, 0.01229095458984375, 0.1036376953125, 0.212890625, 0.19482421875, 0.17236328125, 0.12225341796875, 0.06390380859375, 0.10986328125, 0.054290771484375, 0.0002956390380859375, 0.1092529296875, 0.1298828125, 0.0684814453125, 0.1480712890625, 0.1553955078125, 0.0537109375, 0.1759033203125, 0.07855224609375, 0.170166015625, 0.16064453125, 0.04559326171875, 0.156005859375, 0.001712799072265625, 0.0006308555603027344, 0.2117919921875, 0.207275390625, 0.04144287109375, 0.10009765625, 0.09649658203125, 0.07232666015625, 0.2034912109375, 0.0222930908203125, 0.07855224609375, 0.1365966796875, 0.2049560546875, 0.03546142578125, 0.1759033203125, 0.157958984375, 0.0906982421875, 0.0197906494140625, 0.1234130859375, 0.03668212890625, 0.2056884765625, 0.0262451171875, 0.10845947265625, 0.09332275390625, 0.024078369140625, 0.1405029296875]}