{"indices": [10007, 10018, 106105, 1062, 10637, 106636, 10725, 10736, 10766, 111, 111213, 112282, 1130, 113289, 11391, 114493, 114732, 11487, 1173, 118913, 11902, 12, 12169, 12183, 12239, 126858, 1278, 12833, 1288, 129781, 131595, 1317, 131715, 133506, 136, 137089, 1375, 138298, 1395, 14, 1403, 143971, 144, 144000, 144454, 144790, 147546, 14773, 147916, 150313, 1516, 15256, 15301, 153955, 154442, 15446, 15447, 155026, 15635, 15644, 156732, 1575, 15764, 1580, 1589, 160559, 1634, 1662, 16906, 170015, 170623, 170768, 17085, 17754, 180394, 180828, 1830, 18317, 184, 185580, 187044, 18922, 1898, 19015, 19186, 192033, 1965, 19694, 20107, 20128, 206061, 206331, 21161, 213964, 214374, 217863, 22619, 230466, 2308, 231502, 2320, 2357, 236691, 2369, 23841, 238478, 243495, 24447, 244961, 2490, 24970, 25278, 2548, 2621, 264, 2658, 268, 27948, 2830, 28343, 28717, 28811, 289, 28995, 29137, 31023, 313, 31772, 31874, 33479, 3408, 34134, 34419, 35114, 35509, 35743, 37, 3715, 3742, 38603, 397, 39988, 4, 40231, 4068, 4118, 41782, 423, 42851, 43, 456, 46389, 46451, 46473, 465, 49500, 5, 510, 5133, 51450, 5146, 527, 53362, 53399, 534, 5410, 5412, 55157, 5525, 55900, 5610, 562, 5702, 5714, 59370, 59835, 6, 61026, 619, 62, 63472, 6371, 64, 6545, 6618, 66891, 670, 68108, 68934, 69225, 7, 71006, 72034, 73356, 73714, 7420, 7621, 76924, 8173, 821, 844, 84409, 8585, 87673, 88996, 9001, 910, 91615, 9186, 91970, 92419, 9340, 9378, 94010, 9420, 953, 9731, 97825, 98, 9811], "values": [0.0089263916015625, 0.11883544921875, 0.0560302734375, 0.0080108642578125, 0.047149658203125, 0.07281494140625, 0.0189666748046875, 0.042083740234375, 0.1583251953125, 0.00839996337890625, 0.017425537109375, 0.288330078125, 0.0156097412109375, 0.242431640625, 0.00787353515625, 0.05145263671875, 0.11920166015625, 0.0712890625, 0.08697509765625, 0.11297607421875, 0.09368896484375, 0.00887298583984375, 0.0016584396362304688, 0.007251739501953125, 0.1463623046875, 0.1580810546875, 0.0088043212890625, 0.1455078125, 0.1710205078125, 0.178955078125, 0.211669921875, 0.006710052490234375, 0.00946044921875, 0.0041351318359375, 0.0162200927734375, 0.125, 0.049957275390625, 0.15234375, 0.0223388671875, 0.00823974609375, 0.0035495758056640625, 0.08709716796875, 0.09222412109375, 0.2352294921875, 0.07708740234375, 0.16943359375, 0.00634765625, 0.006465911865234375, 0.249755859375, 0.11468505859375, 0.040802001953125, 0.004451751708984375, 0.03497314453125, 0.2236328125, 0.2459716796875, 0.033233642578125, 0.0258026123046875, 0.2342529296875, 0.085693359375, 0.10430908203125, 0.272705078125, 0.141357421875, 0.0638427734375, 0.007049560546875, 0.00905609130859375, 0.00875091552734375, 0.1361083984375, 0.007541656494140625, 0.07879638671875, 0.046875, 0.09466552734375, 0.11737060546875, 0.00695037841796875, 0.055816650390625, 0.02166748046875, 9.000301361083984e-05, 0.00867462158203125, 0.003780364990234375, 0.080810546875, 0.03924560546875, 0.056854248046875, 0.06842041015625, 0.0859375, 0.05914306640625, 0.1798095703125, 0.1456298828125, 0.00917816162109375, 0.09747314453125, 0.0009822845458984375, 0.166015625, 0.265380859375, 0.1678466796875, 0.1424560546875, 0.1544189453125, 0.1451416015625, 0.125, 0.1165771484375, 0.1416015625, 0.01203155517578125, 0.07073974609375, 0.00933837890625, 0.11798095703125, 0.13671875, 0.03875732421875, 0.079833984375, 0.2178955078125, 0.11798095703125, 0.1669921875, 0.141845703125, 0.056488037109375, 0.004779815673828125, 0.08624267578125, 0.017578125, 0.00870513916015625, 0.0216827392578125, 0.030181884765625, 0.00936126708984375, 0.1405029296875, 0.1607666015625, 0.06744384765625, 0.0140533447265625, 0.060699462890625, 0.208984375, 0.12353515625, 0.10791015625, 0.06842041015625, 0.007587432861328125, 0.163330078125, 0.11767578125, 0.1317138671875, 0.00910186767578125, 0.0008578300476074219, 0.10321044921875, 0.1302490234375, 0.00458526611328125, 0.1707763671875, 0.0088958740234375, 0.2110595703125, 0.00565338134765625, 0.01020050048828125, 0.07611083984375, 0.101806640625, 0.01983642578125, 0.06072998046875, 0.001239776611328125, 0.026824951171875, 0.06494140625, 0.006439208984375, 0.13623046875, 0.009246826171875, 0.1287841796875, 0.0941162109375, 0.06121826171875, 0.0190582275390625, 0.03057861328125, 0.01303863525390625, 0.0104827880859375, 0.11181640625, 0.00908660888671875, 0.00921630859375, 0.07110595703125, 0.050262451171875, 0.00936126708984375, 0.12457275390625, 0.036102294921875, 0.0731201171875, 0.00811767578125, 0.0797119140625, 0.2039794921875, 0.037109375, 0.020843505859375, 0.10003662109375, 0.10626220703125, 0.044281005859375, 0.10614013671875, 0.026275634765625, 0.019622802734375, 0.134033203125, 0.022735595703125, 0.00667572021484375, 0.1612548828125, 0.05242919921875, 0.00901031494140625, 0.0982666015625, 0.045440673828125, 0.208984375, 0.01177978515625, 0.0278472900390625, 0.04803466796875, 0.1033935546875, 0.00913238525390625, 0.03857421875, 0.076171875, 0.1492919921875, 0.055511474609375, 0.09295654296875, 0.056365966796875, 0.126708984375, 0.00908660888671875, 0.0286712646484375, 0.01129150390625, 0.15771484375, 0.115478515625, 0.0684814453125, 0.0821533203125, 0.033203125, 0.0091705322265625, 0.1400146484375, 0.12030029296875, 0.009307861328125, 0.0007104873657226562, 0.1220703125, 0.0085601806640625, 0.1658935546875, 0.062469482421875, 0.08526611328125, 0.0662841796875, 0.03265380859375, 0.00909423828125, 0.135009765625]}