{"indices": [10018, 100961, 10109, 10132, 101340, 10161, 102591, 10294, 10310, 1034, 1036, 10497, 10501, 106, 106033, 1064, 106636, 10725, 10775, 108934, 109104, 10919, 10956, 1102, 11158, 1130, 113289, 114327, 116, 11763, 11888, 1189, 11976, 12, 12002, 121537, 12250, 12422, 12752, 1278, 1288, 131595, 132910, 1344, 139147, 1395, 1403, 141121, 1420, 14264, 142817, 143258, 14349, 145319, 14591, 14641, 149238, 15068, 15256, 152961, 153483, 154820, 1553, 15689, 1583, 1589, 165648, 170768, 17351, 174159, 174561, 17477, 17619, 17696, 18187, 18317, 184521, 18496, 187925, 189574, 1898, 190, 1906, 19426, 195508, 197179, 1988, 20146, 202571, 202989, 203593, 20373, 206061, 210897, 2110, 21275, 21919, 2212, 22185, 224561, 226607, 226881, 2308, 23128, 23556, 23767, 23949, 2413, 24471, 245481, 249696, 25572, 2621, 26646, 26756, 27221, 27393, 27825, 27948, 2803, 2830, 28343, 28933, 2954, 29979, 30263, 30477, 30815, 30832, 31170, 3169, 31750, 3302, 33479, 33579, 33920, 34513, 3490, 35197, 363, 36332, 37, 3779, 38058, 38245, 3985, 4, 40169, 4035, 4058, 41011, 41247, 42037, 42851, 4290, 43, 43631, 4418, 4467, 44850, 4578, 46093, 46205, 4622, 46376, 465, 46775, 4723, 48247, 49131, 4941, 5, 50291, 5052, 50807, 514, 5143, 51573, 5230, 52549, 5312, 5477, 562, 56569, 56699, 56926, 573, 5838, 59384, 59564, 6, 6006, 6376, 64916, 65589, 6582, 6768, 6986, 70389, 71277, 71770, 724, 72926, 7420, 74639, 75277, 75627, 758, 76397, 7825, 7847, 7949, 80098, 81337, 8187, 83554, 8539, 87669, 89337, 9, 9005, 91615, 93085, 9340, 9378, 9612, 9636, 9730, 9788, 98420, 99907], "values": [0.1640625, 0.10101318359375, 0.1387939453125, 0.035247802734375, 0.032745361328125, 0.03485107421875, 0.15576171875, 0.1561279296875, 0.0989990234375, 0.0350341796875, 0.022735595703125, 0.062469482421875, 0.152099609375, 0.01300048828125, 0.03509521484375, 0.035125732421875, 0.0740966796875, 0.06475830078125, 0.0284576416015625, 0.08319091796875, 0.11053466796875, 0.034576416015625, 0.0347900390625, 0.034637451171875, 0.08099365234375, 0.03509521484375, 0.21826171875, 0.092041015625, 0.01540374755859375, 0.0350341796875, 0.0350341796875, 0.0345458984375, 0.053955078125, 0.0086212158203125, 0.0960693359375, 0.178955078125, 0.1497802734375, 0.0943603515625, 0.0171356201171875, 0.03515625, 0.05792236328125, 0.216064453125, 0.09210205078125, 0.0582275390625, 0.205322265625, 0.03460693359375, 0.01959228515625, 0.1348876953125, 0.03497314453125, 0.0162200927734375, 0.12451171875, 0.03436279296875, 0.034881591796875, 0.038330078125, 0.03118896484375, 0.15869140625, 0.1107177734375, 0.057647705078125, 0.035064697265625, 0.08966064453125, 0.08746337890625, 0.081787109375, 0.07757568359375, 0.09246826171875, 0.132568359375, 0.03485107421875, 0.086181640625, 0.1846923828125, 0.04888916015625, 0.044647216796875, 0.0271759033203125, 0.0604248046875, 0.0218353271484375, 0.03375244140625, 0.1541748046875, 0.04608154296875, 0.19873046875, 0.035186767578125, 0.1365966796875, 0.2391357421875, 0.12347412109375, 0.2027587890625, 0.050811767578125, 0.03369140625, 0.03375244140625, 0.0190277099609375, 0.03515625, 0.20166015625, 0.0447998046875, 0.034637451171875, 0.0343017578125, 0.03515625, 0.3212890625, 0.048126220703125, 0.034881591796875, 0.059967041015625, 0.034149169921875, 0.0347900390625, 0.053253173828125, 0.0687255859375, 0.1358642578125, 0.0645751953125, 0.03515625, 0.10504150390625, 0.10736083984375, 0.033538818359375, 0.031829833984375, 0.0280914306640625, 0.1329345703125, 0.06988525390625, 0.2413330078125, 0.09228515625, 0.035247802734375, 0.0340576171875, 0.0234527587890625, 0.033843994140625, 0.2080078125, 0.11468505859375, 0.0308837890625, 0.0693359375, 0.0345458984375, 0.1513671875, 0.1480712890625, 0.034576416015625, 0.0208587646484375, 0.1119384765625, 0.2105712890625, 0.026885986328125, 0.1712646484375, 0.1722412109375, 0.10955810546875, 0.11334228515625, 0.07183837890625, 0.08563232421875, 0.0023326873779296875, 0.03271484375, 0.037445068359375, 0.0804443359375, 0.07342529296875, 0.10693359375, 0.021636962890625, 0.03497314453125, 0.032684326171875, 0.033782958984375, 0.040679931640625, 0.1285400390625, 0.035186767578125, 0.035064697265625, 0.008026123046875, 0.030609130859375, 0.1715087890625, 0.006099700927734375, 0.0648193359375, 0.17822265625, 0.034332275390625, 0.03515625, 0.07305908203125, 0.0472412109375, 0.08251953125, 0.0565185546875, 0.0751953125, 0.07659912109375, 0.1234130859375, 0.1719970703125, 0.033416748046875, 0.035247802734375, 0.1014404296875, 0.0350341796875, 0.035064697265625, 0.035064697265625, 0.0188446044921875, 0.00940704345703125, 0.1702880859375, 0.1436767578125, 0.04840087890625, 0.06732177734375, 0.1160888671875, 0.1019287109375, 0.0723876953125, 0.1658935546875, 0.0347900390625, 0.115966796875, 0.034637451171875, 0.1890869140625, 0.012451171875, 0.1768798828125, 0.035186767578125, 0.035247802734375, 0.20849609375, 0.0987548828125, 0.035186767578125, 0.03082275390625, 0.011627197265625, 0.136474609375, 0.066650390625, 0.1510009765625, 0.03228759765625, 0.030426025390625, 0.0325927734375, 0.225830078125, 0.1168212890625, 0.2001953125, 0.1407470703125, 0.14013671875, 0.0966796875, 0.08123779296875, 0.171142578125, 0.1925048828125, 0.18212890625, 0.0350341796875, 0.135986328125, 0.1243896484375, 0.0276947021484375, 0.1966552734375, 0.01326751708984375, 0.03509521484375, 0.013916015625, 0.1812744140625, 0.12103271484375, 0.00926971435546875, 0.07110595703125, 0.200927734375, 0.1888427734375, 0.10736083984375, 0.1884765625, 0.08758544921875, 0.0210723876953125, 0.061798095703125, 0.05682373046875, 0.09857177734375, 0.12139892578125]}