{"indices": [10018, 100294, 101565, 10294, 1034, 1036, 106, 10637, 1064, 107068, 10725, 10736, 107492, 107831, 10919, 110718, 11372, 1147, 1173, 1189, 120152, 120856, 12093, 12114, 121537, 12250, 125207, 125219, 12568, 127508, 12833, 1288, 129007, 129239, 13160, 132, 133614, 133704, 135018, 13647, 13663, 139147, 139597, 140357, 14264, 142691, 14371, 1441, 14641, 147916, 15, 1516, 15160, 153231, 15467, 15478, 1548, 154820, 15577, 15749, 157864, 1580, 1583, 1589, 159619, 16, 16005, 160487, 161091, 1635, 165168, 165493, 169630, 17010, 17154, 17491, 18, 180, 180734, 18181, 18317, 18386, 18610, 187925, 18941, 18947, 19015, 191710, 1965, 197179, 1988, 198898, 2017, 203593, 204529, 20716, 20898, 212568, 213, 214315, 2229, 22352, 227330, 2283, 2308, 2346, 23556, 236691, 23767, 23906, 23978, 24057, 2413, 24608, 2506, 25786, 2621, 264, 26595, 2672, 27221, 27273, 27393, 2745, 27825, 28072, 28343, 28353, 284, 28933, 29020, 29268, 2961, 2996, 30, 304, 30530, 31968, 32292, 32538, 3322, 3327, 3344, 33541, 33542, 34285, 34941, 35793, 3615, 36563, 37, 3759, 3779, 37866, 3856, 38831, 39056, 39450, 39733, 4, 40338, 40513, 41069, 418, 4258, 42597, 42643, 43, 43221, 43594, 44531, 45425, 46209, 4622, 46471, 4663, 4671, 46926, 4723, 4766, 4788, 48412, 487, 49125, 4941, 5001, 5052, 5053, 5085, 514, 5226, 52684, 5384, 5410, 5412, 5525, 55463, 575, 5796, 58331, 58397, 5873, 6, 60353, 62029, 6269, 63507, 66096, 66277, 66537, 66930, 67296, 67828, 68108, 68414, 6881, 69184, 6959, 6986, 7041, 7081, 71277, 7165, 7272, 72750, 72964, 7363, 74998, 75092, 76177, 76256, 7646, 76486, 789, 7949, 80397, 80476, 8261, 8312, 844, 85815, 86687, 86807, 86925, 87747, 8827, 90305, 90487, 90873, 91305, 91615, 9420, 95579, 95728, 95947, 9612, 96801, 9744], "values": [0.1075439453125, 0.0400390625, 0.07098388671875, 0.1422119140625, 0.04010009765625, 0.0401611328125, 0.0614013671875, 0.0537109375, 0.04010009765625, 0.1376953125, 0.137939453125, 0.05615234375, 0.08917236328125, 0.0396728515625, 0.08770751953125, 0.0731201171875, 0.03887939453125, 0.0406494140625, 0.09881591796875, 0.039947509765625, 0.09649658203125, 0.130615234375, 0.047119140625, 0.0404052734375, 0.12274169921875, 0.07806396484375, 0.156005859375, 0.0400390625, 0.040191650390625, 0.11187744140625, 0.145263671875, 0.1495361328125, 0.11328125, 0.07659912109375, 0.08221435546875, 0.04046630859375, 0.12408447265625, 0.1810302734375, 0.1302490234375, 0.040069580078125, 0.04052734375, 0.180419921875, 0.07989501953125, 0.0526123046875, 0.08062744140625, 0.03277587890625, 0.10003662109375, 0.0994873046875, 0.13330078125, 0.173583984375, 0.0400390625, 0.1285400390625, 0.0745849609375, 0.334716796875, 0.156982421875, 0.0355224609375, 0.040008544921875, 0.2919921875, 0.11865234375, 0.10504150390625, 0.03948974609375, 0.1068115234375, 0.0823974609375, 0.03997802734375, 0.038543701171875, 0.04022216796875, 0.040191650390625, 0.0399169921875, 0.0838623046875, 0.03643798828125, 0.1600341796875, 0.2337646484375, 0.037261962890625, 0.1292724609375, 0.248291015625, 0.0400390625, 0.04010009765625, 0.1885986328125, 0.185546875, 0.061187744140625, 0.040771484375, 0.08306884765625, 0.0305938720703125, 0.1435546875, 0.0408935546875, 0.03924560546875, 0.040069580078125, 0.1048583984375, 0.040191650390625, 0.048370361328125, 0.0404052734375, 0.1485595703125, 0.037109375, 0.042236328125, 0.04022216796875, 0.061065673828125, 0.075439453125, 0.1231689453125, 0.040130615234375, 0.25927734375, 0.08367919921875, 0.09674072265625, 0.137451171875, 0.04010009765625, 0.0400390625, 0.037261962890625, 0.1849365234375, 0.0195159912109375, 0.03887939453125, 0.1026611328125, 0.1383056640625, 0.0682373046875, 0.03985595703125, 0.1434326171875, 0.040283203125, 0.0758056640625, 0.0400390625, 0.04046630859375, 0.1475830078125, 0.040008544921875, 0.1009521484375, 0.025543212890625, 0.11187744140625, 0.1475830078125, 0.03948974609375, 0.037017822265625, 0.1407470703125, 0.037811279296875, 0.2471923828125, 0.044708251953125, 0.019744873046875, 0.042388916015625, 0.037994384765625, 0.0745849609375, 0.04095458984375, 0.053497314453125, 0.0400390625, 0.02508544921875, 0.01904296875, 0.039764404296875, 0.040008544921875, 0.040191650390625, 0.047607421875, 0.1077880859375, 0.11627197265625, 0.1116943359375, 0.025482177734375, 0.040008544921875, 0.07696533203125, 0.0673828125, 0.040313720703125, 0.01074981689453125, 0.0401611328125, 0.06634521484375, 0.032196044921875, 0.0341796875, 0.11444091796875, 0.0816650390625, 0.05224609375, 0.04022216796875, 0.033203125, 0.198974609375, 0.039398193359375, 0.037384033203125, 0.031494140625, 0.029083251953125, 0.038116455078125, 0.0401611328125, 0.10235595703125, 0.033294677734375, 0.05218505859375, 0.03692626953125, 0.09429931640625, 0.03997802734375, 0.038726806640625, 0.03753662109375, 0.039947509765625, 0.10211181640625, 0.10028076171875, 0.040313720703125, 0.06488037109375, 0.039093017578125, 0.045501708984375, 0.03778076171875, 0.039520263671875, 0.040069580078125, 0.20263671875, 0.10784912109375, 0.0400390625, 0.04083251953125, 0.040008544921875, 0.08428955078125, 0.039337158203125, 0.048126220703125, 0.11181640625, 0.04022216796875, 0.040374755859375, 0.040069580078125, 0.1611328125, 0.084716796875, 0.03802490234375, 0.02728271484375, 0.050689697265625, 0.1712646484375, 0.1392822265625, 0.06024169921875, 0.03814697265625, 0.087646484375, 0.04046630859375, 0.085693359375, 0.1527099609375, 0.099609375, 0.203369140625, 0.148681640625, 0.2841796875, 0.048583984375, 0.04791259765625, 0.03179931640625, 0.0345458984375, 0.2421875, 0.0693359375, 0.179443359375, 0.040130615234375, 0.27099609375, 0.135009765625, 0.2293701171875, 0.04302978515625, 0.1387939453125, 0.134521484375, 0.053192138671875, 0.0916748046875, 0.04010009765625, 0.038330078125, 0.04010009765625, 0.0482177734375, 0.1209716796875, 0.039764404296875, 0.029022216796875, 0.06915283203125, 0.040130615234375, 0.12042236328125, 0.0305938720703125, 0.12054443359375, 0.06805419921875, 0.274658203125, 0.03662109375, 0.05413818359375, 0.10748291015625, 0.055816650390625, 0.0260772705078125, 0.2376708984375, 0.06884765625, 0.12176513671875, 0.042236328125, 0.302001953125, 0.111572265625, 0.040130615234375, 0.10662841796875]}