{"indices": [10018, 100294, 100750, 10109, 10294, 10310, 1034, 1036, 10409, 10501, 105596, 1064, 107068, 10725, 112282, 1130, 113289, 114327, 1147, 1173, 1189, 11933, 12025, 12235, 12250, 125389, 12568, 1278, 12833, 1288, 129007, 13064, 1317, 133506, 133614, 135018, 135851, 13723, 1378, 138666, 139137, 13941, 1403, 14250, 143054, 147916, 14841, 149071, 15, 15160, 153231, 154820, 155, 15657, 15760, 16, 161864, 16570, 17072, 171414, 17154, 173954, 17900, 17989, 18, 182843, 18542, 186643, 187201, 1879, 187925, 188302, 19015, 195372, 2017, 20357, 211505, 211557, 213, 214315, 214835, 22073, 22103, 2212, 221262, 222202, 22248, 2229, 23125, 23128, 23204, 23422, 23556, 2357, 235991, 23644, 23737, 23751, 23767, 2413, 24925, 25621, 25786, 2621, 26272, 26288, 26398, 264, 26595, 268, 26811, 27299, 274, 2745, 28226, 2830, 28343, 28353, 284, 29137, 29606, 2996, 30, 30926, 31023, 3270, 3344, 34045, 34636, 354, 3615, 36333, 36563, 37, 37090, 3759, 38192, 3882, 38957, 3933, 39416, 39450, 3954, 3990, 4, 40513, 4118, 4183, 4185, 4258, 4280, 43, 43221, 4418, 44531, 44715, 46209, 4635, 46452, 465, 46926, 470, 4771, 487, 48704, 49053, 49755, 5052, 50535, 5070, 50807, 5085, 51008, 51083, 514, 52754, 5312, 5344, 5392, 5410, 5412, 5525, 55256, 562, 5714, 57175, 575, 57696, 5796, 5873, 59384, 59951, 6, 61586, 6193, 62029, 63, 630, 633, 63472, 63708, 6376, 66096, 67296, 68108, 68414, 69184, 6986, 7041, 7051, 71277, 7150, 72160, 7272, 72963, 72964, 7320, 7363, 7382, 7489, 758, 76256, 78562, 78791, 7961, 798, 7985, 80196, 80492, 80539, 81855, 82929, 82960, 8312, 844, 84409, 8488, 8585, 8590, 86807, 87747, 9005, 91615, 9271, 9285, 92905, 93292, 9340, 94880, 9730, 98273, 98377], "values": [0.12005615234375, 0.20166015625, 0.168701171875, 0.061248779296875, 0.108642578125, 0.06817626953125, 0.0231781005859375, 0.0234527587890625, 0.0230560302734375, 0.08935546875, 0.1326904296875, 0.0259857177734375, 0.053924560546875, 0.037628173828125, 0.1783447265625, 0.023529052734375, 0.12481689453125, 0.08526611328125, 0.03448486328125, 0.092529296875, 0.02191162109375, 0.023468017578125, 0.023223876953125, 0.01274871826171875, 0.07366943359375, 0.04132080078125, 0.0234222412109375, 0.033416748046875, 0.072998046875, 0.0771484375, 0.040435791015625, 0.032379150390625, 0.0233306884765625, 0.0173797607421875, 0.07501220703125, 0.1260986328125, 0.0144500732421875, 0.0997314453125, 0.04669189453125, 0.1121826171875, 0.01168060302734375, 0.109375, 0.05584716796875, 0.10467529296875, 0.0765380859375, 0.19482421875, 0.023284912109375, 0.016265869140625, 0.0177764892578125, 0.037139892578125, 0.035858154296875, 0.2138671875, 0.0037670135498046875, 0.019927978515625, 0.06781005859375, 0.023406982421875, 0.09722900390625, 0.0213775634765625, 0.0350341796875, 0.0197601318359375, 0.2200927734375, 0.1412353515625, 0.0298004150390625, 0.0469970703125, 0.0233612060546875, 0.137451171875, 0.07440185546875, 0.02197265625, 0.1593017578125, 0.0777587890625, 0.1396484375, 0.11395263671875, 0.08013916015625, 0.043609619140625, 0.0174102783203125, 0.005550384521484375, 0.07110595703125, 0.2176513671875, 0.0284881591796875, 0.1319580078125, 0.11834716796875, 0.0241241455078125, 0.021209716796875, 0.023101806640625, 0.12408447265625, 0.1434326171875, 0.06890869140625, 0.06512451171875, 0.021881103515625, 0.021270751953125, 0.158203125, 0.0234375, 0.0233001708984375, 0.0760498046875, 0.0217742919921875, 0.1566162109375, 0.0224456787109375, 0.06781005859375, 0.0189208984375, 0.022857666015625, 0.0185394287109375, 0.125, 0.0226593017578125, 0.1046142578125, 0.0728759765625, 0.013671875, 0.024627685546875, 0.022705078125, 0.0919189453125, 0.0234527587890625, 0.0220794677734375, 0.022705078125, 0.023468017578125, 0.023468017578125, 0.03253173828125, 0.08856201171875, 0.2265625, 0.15673828125, 0.07379150390625, 0.0222320556640625, 0.024383544921875, 0.0233001708984375, 0.0012712478637695312, 0.0231475830078125, 0.03619384765625, 0.01461029052734375, 0.0183258056640625, 0.00852203369140625, 0.06915283203125, 0.0233154296875, 0.07098388671875, 0.08148193359375, 0.041778564453125, 0.0234527587890625, 0.0205841064453125, 0.04205322265625, 0.0222320556640625, 0.1390380859375, 0.136474609375, 0.0227508544921875, 0.1124267578125, 0.1287841796875, 0.01438140869140625, 0.02301025390625, 0.02362060546875, 0.10174560546875, 0.0845947265625, 0.079833984375, 0.023345947265625, 0.09698486328125, 0.023284912109375, 0.0235443115234375, 0.0234375, 0.0574951171875, 0.040618896484375, 0.179931640625, 0.05792236328125, 0.0230712890625, 0.0233306884765625, 0.042633056640625, 0.144775390625, 0.0232086181640625, 0.06414794921875, 0.05267333984375, 0.27685546875, 0.10040283203125, 0.038818359375, 0.1513671875, 0.125244140625, 0.084716796875, 0.11474609375, 0.0233917236328125, 0.022857666015625, 0.0216522216796875, 0.0234832763671875, 0.1365966796875, 0.10577392578125, 0.0075531005859375, 0.02313232421875, 0.049560546875, 0.006938934326171875, 0.0204010009765625, 0.0207366943359375, 0.023468017578125, 0.10833740234375, 0.08770751953125, 0.0234375, 0.0955810546875, 0.175048828125, 0.0227508544921875, 0.1748046875, 0.0240478515625, 0.023529052734375, 0.044342041015625, 0.0660400390625, 0.0946044921875, 0.023284912109375, 0.0234527587890625, 0.023590087890625, 0.06890869140625, 0.18310546875, 0.0233917236328125, 0.0234527587890625, 0.08892822265625, 0.07965087890625, 0.2449951171875, 0.0309600830078125, 0.0235595703125, 0.22314453125, 0.02276611328125, 0.169677734375, 0.024169921875, 0.0902099609375, 0.213134765625, 0.179443359375, 0.2442626953125, 0.1072998046875, 0.0196533203125, 0.0253448486328125, 0.051116943359375, 0.014984130859375, 0.1251220703125, 0.0231475830078125, 0.085693359375, 0.0107421875, 0.0131683349609375, 0.023590087890625, 0.1845703125, 0.06353759765625, 0.0199127197265625, 0.16748046875, 0.15869140625, 0.1114501953125, 0.00142669677734375, 0.0233917236328125, 0.07098388671875, 0.054046630859375, 0.02099609375, 0.023223876953125, 0.046234130859375, 0.10748291015625, 0.0226593017578125, 0.1976318359375, 0.01055145263671875, 0.08013916015625, 0.18115234375, 0.077880859375, 0.022491455078125, 0.09930419921875, 0.1630859375, 0.0193939208984375, 0.048492431640625]}