{"indices": [10018, 100250, 10111, 10119, 101565, 101863, 10294, 10310, 1036, 103957, 10409, 104634, 10501, 10502, 105022, 105986, 1064, 106636, 10808, 108640, 109847, 11, 110375, 11142, 11158, 111724, 1130, 113289, 11372, 11391, 1173, 11763, 118343, 1189, 11933, 12002, 12040, 12092, 12256, 123433, 123469, 12510, 125219, 125682, 127508, 1278, 12833, 130576, 130631, 132, 132370, 13293, 133479, 133506, 133614, 13447, 136712, 138666, 139147, 140283, 1403, 141336, 143971, 1441, 144790, 147916, 14920, 149238, 151404, 152470, 15256, 15447, 154820, 15522, 1575, 157623, 1580, 1589, 15892, 159864, 16, 1635, 168840, 168889, 170015, 17010, 17072, 171414, 1726, 172681, 17920, 18181, 182843, 18337, 1842, 185795, 1860, 187372, 1898, 190, 190499, 190854, 192033, 1955, 19759, 1988, 20146, 2110, 212562, 213, 21490, 22004, 220760, 2229, 22409, 23060, 23125, 2413, 244543, 2458, 2481, 249228, 24990, 25094, 25590, 2621, 26224, 264, 2672, 27221, 27283, 27393, 274, 2783, 28155, 28353, 28784, 29088, 2920, 29391, 29979, 30, 30812, 30862, 3136, 32489, 3327, 33542, 3367, 3382, 34014, 34045, 34134, 35484, 3615, 36290, 36570, 36946, 3846, 39, 3909, 39453, 39605, 4, 4021, 41247, 41309, 42726, 42851, 43, 4396, 4418, 4511, 46452, 47805, 4791, 48704, 4941, 4945, 50317, 5032, 5052, 5070, 5085, 51083, 514, 5146, 515, 51626, 53174, 53362, 5364, 53780, 5410, 5412, 54612, 5477, 56554, 56861, 56926, 57107, 5714, 572, 575, 5796, 5841, 6, 62, 62193, 6251, 6335, 63472, 6349, 6376, 64172, 6442, 6545, 65864, 66277, 66332, 66369, 66537, 66891, 6710, 67296, 68108, 68390, 68414, 68810, 7, 71277, 7150, 7272, 73714, 7382, 7408, 7606, 76177, 78562, 78631, 7880, 7949, 79575, 7985, 80098, 8119, 81443, 81492, 8173, 820, 82990, 8312, 83277, 83793, 8393, 84460, 8539, 866, 8857, 886, 89349, 9, 9005, 91615, 955, 96052, 9636, 96499, 97079, 97904, 99278], "values": [0.039642333984375, 0.10028076171875, 0.1705322265625, 0.05010986328125, 0.1390380859375, 0.0430908203125, 0.10028076171875, 0.06878662109375, 0.041748046875, 0.043212890625, 0.0088348388671875, 0.10540771484375, 0.172119140625, 0.10455322265625, 0.08941650390625, 0.14013671875, 0.0428466796875, 0.059295654296875, 0.0860595703125, 0.1669921875, 0.04669189453125, 0.0433349609375, 0.0750732421875, 0.1439208984375, 0.044219970703125, 0.04583740234375, 0.0880126953125, 0.1053466796875, 0.1715087890625, 0.05389404296875, 0.1025390625, 0.04327392578125, 0.047027587890625, 0.05718994140625, 0.014190673828125, 0.10986328125, 0.19482421875, 0.0472412109375, 0.04095458984375, 0.132080078125, 0.028778076171875, 0.040740966796875, 0.0411376953125, 0.04339599609375, 0.038848876953125, 0.043182373046875, 0.040771484375, 0.0256500244140625, 0.041473388671875, 0.043487548828125, 0.08697509765625, 0.2861328125, 0.0296478271484375, 0.04656982421875, 0.1025390625, 0.152587890625, 0.0430908203125, 0.03973388671875, 0.1451416015625, 0.07598876953125, 0.20263671875, 0.08148193359375, 0.139404296875, 0.043487548828125, 0.0819091796875, 0.17041015625, 0.04193115234375, 0.141845703125, 0.2047119140625, 0.10015869140625, 0.035858154296875, 0.0182342529296875, 0.214599609375, 0.0262451171875, 0.036163330078125, 0.0491943359375, 0.02532958984375, 0.04412841796875, 0.043426513671875, 0.2086181640625, 0.0435791015625, 0.0200042724609375, 0.09368896484375, 0.1436767578125, 0.046630859375, 0.02850341796875, 0.047760009765625, 0.0172119140625, 0.0161285400390625, 0.04217529296875, 0.1343994140625, 0.04266357421875, 0.1199951171875, 0.043548583984375, 0.021820068359375, 0.187255859375, 0.026031494140625, 0.130126953125, 0.042510986328125, 0.0714111328125, 0.06744384765625, 0.1636962890625, 0.1478271484375, 0.01465606689453125, 0.062225341796875, 0.04315185546875, 0.0277557373046875, 0.04302978515625, 0.04180908203125, 0.04339599609375, 0.053314208984375, 0.040863037109375, 0.05804443359375, 0.043212890625, 0.043426513671875, 0.11529541015625, 0.0657958984375, 0.040985107421875, 0.15234375, 0.149658203125, 0.043426513671875, 0.2431640625, 0.026458740234375, 0.03997802734375, 0.3134765625, 0.0435791015625, 0.09381103515625, 0.0428466796875, 0.01309967041015625, 0.04071044921875, 0.04345703125, 0.1986083984375, 0.04327392578125, 0.042938232421875, 0.049407958984375, 0.087890625, 0.03802490234375, 0.04345703125, 0.0927734375, 0.015228271484375, 0.070068359375, 0.04351806640625, 0.11871337890625, 0.0093994140625, 0.14111328125, 0.0273895263671875, 0.0435791015625, 0.0216522216796875, 0.134033203125, 0.04205322265625, 0.062744140625, 0.0229949951171875, 0.042327880859375, 0.042816162109375, 0.04168701171875, 0.043731689453125, 0.043487548828125, 0.04254150390625, 0.04150390625, 0.043548583984375, 0.1453857421875, 0.042236328125, 0.0882568359375, 0.0435791015625, 0.0430908203125, 0.039825439453125, 0.043426513671875, 0.11114501953125, 0.1319580078125, 0.0435791015625, 0.0361328125, 0.039794921875, 0.03509521484375, 0.043121337890625, 0.189208984375, 0.0433349609375, 0.1478271484375, 0.041412353515625, 0.0226898193359375, 0.061248779296875, 0.1243896484375, 0.10955810546875, 0.14990234375, 0.043060302734375, 0.0260772705078125, 0.04351806640625, 0.04144287109375, 0.26513671875, 0.04345703125, 0.0771484375, 0.1348876953125, 0.04156494140625, 0.040985107421875, 0.0628662109375, 0.041046142578125, 0.153076171875, 0.1204833984375, 0.046722412109375, 0.06146240234375, 0.082275390625, 0.026031494140625, 0.0416259765625, 0.17529296875, 0.04351806640625, 0.09271240234375, 0.10791015625, 0.043487548828125, 0.004192352294921875, 0.035491943359375, 0.05230712890625, 0.0726318359375, 0.18896484375, 0.150634765625, 0.0428466796875, 0.043060302734375, 0.104248046875, 0.04302978515625, 0.1041259765625, 0.06719970703125, 0.041046142578125, 0.03521728515625, 0.07989501953125, 0.1951904296875, 0.0176544189453125, 0.1646728515625, 0.065673828125, 0.10821533203125, 0.18017578125, 0.043426513671875, 0.0433349609375, 0.247314453125, 0.04962158203125, 0.2005615234375, 0.08563232421875, 0.0421142578125, 0.043121337890625, 0.087890625, 0.1943359375, 0.04302978515625, 0.114990234375, 0.22021484375, 0.10064697265625, 0.034576416015625, 0.038970947265625, 0.16748046875, 0.04608154296875, 0.04339599609375, 0.21142578125, 0.043487548828125, 0.043487548828125, 0.04241943359375, 0.0906982421875, 0.0268096923828125, 0.033172607421875, 0.060272216796875, 0.07940673828125, 0.0877685546875, 0.043426513671875, 0.04254150390625, 0.004016876220703125, 0.043548583984375, 0.043670654296875, 0.1116943359375, 0.2110595703125, 0.043548583984375, 0.07861328125, 0.015625, 0.254638671875, 0.1953125, 0.1143798828125, 0.096435546875]}