{"indices": [10018, 1036, 103957, 1040, 10502, 1064, 10725, 108924, 11, 11072, 111213, 11158, 112282, 1130, 113289, 11391, 114493, 1173, 1189, 12370, 126858, 1273, 1278, 1288, 129007, 1317, 132, 133506, 13723, 138298, 1403, 14183, 147916, 14841, 148823, 15256, 15290, 153091, 153955, 15447, 154590, 157016, 1589, 159440, 16, 16328, 1635, 17183, 18000, 180394, 181038, 1898, 192033, 197179, 201, 2026, 204529, 206061, 207315, 213, 214374, 21982, 22087, 2308, 236691, 23737, 2391, 243507, 243553, 2490, 24925, 2615, 264, 2672, 274, 275, 27825, 28155, 2830, 2961, 30, 30471, 3074, 31772, 3182, 31874, 32230, 33206, 3322, 3327, 33541, 34134, 3624, 3759, 38238, 38391, 38831, 3909, 39386, 39416, 3954, 39781, 4, 41069, 41309, 41506, 4280, 42851, 43, 45425, 46209, 465, 46695, 5070, 5133, 51469, 5312, 5353, 5410, 5477, 55432, 55463, 56356, 5702, 57175, 57486, 5796, 58331, 5858, 59384, 6, 6006, 61026, 61391, 617, 618, 62736, 63472, 63708, 64995, 6607, 66891, 68108, 6856, 68667, 7165, 72034, 73714, 7420, 758, 77784, 79879, 8173, 83944, 8502, 8539, 9005, 91615, 92455, 9340, 9378, 9420, 955, 95728, 9636, 98106, 9811], "values": [0.137939453125, 0.054229736328125, 0.039398193359375, 0.054290771484375, 0.1634521484375, 0.054473876953125, 0.03302001953125, 0.0416259765625, 0.05218505859375, 0.05450439453125, 0.16748046875, 0.132080078125, 0.2734375, 0.05450439453125, 0.23095703125, 0.061248779296875, 0.03485107421875, 0.1292724609375, 0.05419921875, 0.032135009765625, 0.10894775390625, 0.0287628173828125, 0.054168701171875, 0.15478515625, 0.140869140625, 0.0538330078125, 0.0540771484375, 0.05731201171875, 0.148681640625, 0.1900634765625, 0.049560546875, 0.05450439453125, 0.2310791015625, 0.061492919921875, 0.05474853515625, 0.046112060546875, 0.03875732421875, 0.053802490234375, 0.2041015625, 0.1065673828125, 0.060638427734375, 0.06988525390625, 0.05438232421875, 0.0853271484375, 0.0540771484375, 0.047607421875, 0.015380859375, 0.02484130859375, 0.02783203125, 0.0755615234375, 0.0513916015625, 0.092041015625, 0.1475830078125, 0.05413818359375, 0.08544921875, 0.053314208984375, 0.055206298828125, 0.2900390625, 0.08544921875, 0.054595947265625, 0.133056640625, 0.051513671875, 0.053558349609375, 0.05438232421875, 0.1673583984375, 0.1827392578125, 0.08892822265625, 0.1337890625, 0.04913330078125, 0.072998046875, 0.1016845703125, 0.0914306640625, 0.006809234619140625, 0.054290771484375, 0.054229736328125, 0.053619384765625, 0.17041015625, 0.1422119140625, 0.142822265625, 0.0038661956787109375, 0.00635528564453125, 0.044769287109375, 0.051788330078125, 0.1751708984375, 0.05987548828125, 0.177490234375, 0.05029296875, 0.08203125, 0.05450439453125, 0.05413818359375, 0.018341064453125, 0.04229736328125, 0.08306884765625, 0.06402587890625, 0.0523681640625, 0.05645751953125, 0.08770751953125, 0.06256103515625, 0.054595947265625, 0.1156005859375, 0.054168701171875, 0.054962158203125, 0.0548095703125, 0.035247802734375, 0.059356689453125, 0.0230255126953125, 0.029052734375, 0.1395263671875, 0.05450439453125, 0.09747314453125, 0.09967041015625, 0.054443359375, 0.044189453125, 0.019989013671875, 0.053955078125, 0.054107666015625, 0.049163818359375, 0.0335693359375, 0.1083984375, 0.1358642578125, 0.09674072265625, 0.1578369140625, 0.1302490234375, 0.1224365234375, 0.0323486328125, 0.095458984375, 0.09228515625, 0.03997802734375, 0.0280609130859375, 0.07879638671875, 0.05462646484375, 0.03631591796875, 0.1600341796875, 0.123291015625, 0.08843994140625, 0.180419921875, 0.0311279296875, 0.11407470703125, 0.10638427734375, 0.1448974609375, 0.05841064453125, 0.23193359375, 0.0200347900390625, 0.040283203125, 0.054412841796875, 0.0105743408203125, 0.0416259765625, 0.0304107666015625, 0.09808349609375, 0.031402587890625, 0.1231689453125, 0.052337646484375, 0.0540771484375, 0.0782470703125, 0.054168701171875, 0.06048583984375, 0.059326171875, 0.0487060546875, 0.05279541015625, 0.193603515625, 0.0858154296875, 0.054595947265625, 0.0218048095703125, 0.014862060546875, 0.0199432373046875, 0.11328125, 0.0665283203125]}