{"indices": [100945, 10119, 101565, 1036, 104, 1040, 10497, 1064, 106636, 10775, 109104, 1107, 11158, 112282, 1128, 1130, 113289, 11383, 1173, 1189, 12002, 123433, 1238, 12550, 12752, 1278, 12798, 1288, 129781, 131595, 13182, 132, 1328, 1369, 13730, 138298, 1388, 14, 1403, 14264, 14351, 14700, 147916, 14841, 14920, 15, 151404, 1516, 15256, 15290, 152961, 153654, 153955, 154590, 155440, 15635, 158004, 1583, 16, 1647, 16619, 167564, 1690, 17, 170, 171597, 17183, 17619, 178130, 18, 18000, 180828, 1826, 184402, 18646, 1898, 19015, 19186, 192033, 19543, 197179, 1988, 198898, 200983, 20107, 202989, 206061, 207315, 212782, 213, 213964, 214374, 21523, 21855, 218922, 220703, 224561, 23204, 232265, 236691, 23737, 237802, 23830, 2391, 23949, 246847, 2490, 25155, 25522, 2575, 264, 27221, 27246, 274, 27825, 28270, 2830, 284, 2881, 29391, 2961, 30, 30168, 30263, 304, 30530, 3136, 31772, 3182, 31874, 32538, 3272, 3327, 335, 3490, 354, 36325, 36762, 37, 3759, 37866, 38192, 38238, 384, 3971, 39781, 4, 4035, 42, 420, 42181, 425, 42851, 43, 43221, 4511, 46376, 465, 4814, 501, 5070, 51018, 5133, 514, 51421, 5364, 53803, 5384, 53861, 5410, 5477, 55964, 56431, 5702, 5730, 59835, 6, 61026, 617, 618, 62, 63472, 6570, 66277, 6628, 66891, 6778, 684, 7, 71277, 72034, 73714, 7420, 757, 7646, 78558, 7949, 7985, 82332, 839, 844, 8481, 85564, 8836, 8856, 91615, 9340, 9420, 9470, 95728, 9744, 9811, 98273, 9989], "values": [0.169677734375, 0.07757568359375, 0.111328125, 0.04132080078125, 0.040924072265625, 0.041473388671875, 0.08612060546875, 0.04217529296875, 0.150146484375, 0.050201416015625, 0.17529296875, 0.034423828125, 0.0312042236328125, 0.2763671875, 0.04132080078125, 0.041748046875, 0.283447265625, 0.00894927978515625, 0.099609375, 0.05303955078125, 0.2183837890625, 0.1385498046875, 0.0306549072265625, 0.0948486328125, 0.126220703125, 0.04229736328125, 0.056060791015625, 0.1402587890625, 0.199951171875, 0.185302734375, 0.048980712890625, 0.0416259765625, 0.0413818359375, 0.042877197265625, 0.0985107421875, 0.20263671875, 0.041534423828125, 0.048797607421875, 0.03485107421875, 0.035064697265625, 0.0169525146484375, 0.1435546875, 0.274658203125, 0.0887451171875, 0.040496826171875, 0.041412353515625, 0.034210205078125, 0.04608154296875, 0.050506591796875, 0.043060302734375, 0.16455078125, 0.1143798828125, 0.2381591796875, 0.060638427734375, 0.10760498046875, 0.03619384765625, 0.0281219482421875, 0.027923583984375, 0.041534423828125, 0.0004076957702636719, 0.038421630859375, 0.154296875, 0.0419921875, 0.041259765625, 0.04107666015625, 0.17431640625, 0.126220703125, 0.1146240234375, 0.03509521484375, 0.0726318359375, 0.01947021484375, 0.028411865234375, 0.041351318359375, 0.191162109375, 0.185302734375, 0.071533203125, 0.03192138671875, 0.193603515625, 0.17138671875, 0.11090087890625, 0.055816650390625, 0.038726806640625, 0.038818359375, 0.1053466796875, 0.03619384765625, 0.11224365234375, 0.267333984375, 0.1651611328125, 0.1658935546875, 0.042205810546875, 0.09906005859375, 0.14453125, 0.0230712890625, 0.1251220703125, 0.2093505859375, 0.1329345703125, 0.07757568359375, 0.11029052734375, 0.01308441162109375, 0.1678466796875, 0.1300048828125, 0.03790283203125, 0.018280029296875, 0.056732177734375, 0.0307464599609375, 0.040771484375, 0.1513671875, 0.134033203125, 0.048736572265625, 0.0283660888671875, 0.06396484375, 0.01007843017578125, 0.15478515625, 0.04180908203125, 0.1029052734375, 0.1258544921875, 0.170654296875, 0.041412353515625, 0.04132080078125, 0.03668212890625, 0.04156494140625, 0.040985107421875, 0.0667724609375, 0.1024169921875, 0.040771484375, 0.11663818359375, 0.12078857421875, 0.184814453125, 0.041473388671875, 0.10205078125, 0.06536865234375, 0.041351318359375, 0.0419921875, 0.041778564453125, 0.029296875, 0.04205322265625, 0.022491455078125, 0.02520751953125, 0.041107177734375, 0.07281494140625, 0.0987548828125, 0.0170440673828125, 0.040557861328125, 0.04132080078125, 0.02630615234375, 0.072265625, 0.04205322265625, 0.05364990234375, 0.1025390625, 0.07244873046875, 0.09906005859375, 0.06329345703125, 0.1171875, 0.04168701171875, 0.003597259521484375, 0.0115966796875, 0.1021728515625, 0.04168701171875, 0.0987548828125, 0.04132080078125, 0.09112548828125, 0.00568389892578125, 0.17138671875, 0.041290283203125, 0.0413818359375, 0.041656494140625, 0.01337432861328125, 0.029541015625, 0.043609619140625, 0.2142333984375, 0.02642822265625, 0.0997314453125, 0.041046142578125, 0.13427734375, 0.006927490234375, 0.040374755859375, 0.041961669921875, 0.125244140625, 0.027618408203125, 0.0501708984375, 0.08697509765625, 0.121337890625, 0.07550048828125, 0.08392333984375, 0.0102996826171875, 0.1671142578125, 0.124755859375, 0.0416259765625, 0.03466796875, 0.1802978515625, 0.06597900390625, 0.10833740234375, 0.1546630859375, 0.11273193359375, 0.0841064453125, 0.041595458984375, 0.08917236328125, 0.041961669921875, 0.024932861328125, 0.04010009765625, 0.041473388671875, 0.1571044921875, 0.03857421875, 0.042327880859375, 0.03851318359375, 0.1553955078125, 0.04986572265625, 0.08502197265625, 0.13427734375, 0.036224365234375, 0.0222625732421875, 0.0872802734375, 0.0251617431640625, 0.018798828125]}