{"indices": [10018, 10109, 101565, 101863, 1019, 10294, 1034, 1036, 10501, 10502, 107362, 108473, 11173, 11233, 112843, 112940, 113289, 1147, 11637, 11763, 1189, 12248, 12250, 123433, 12351, 125190, 125207, 125389, 126858, 1278, 12790, 12833, 1288, 129007, 129291, 13, 13167, 133614, 13494, 13647, 13730, 138666, 14183, 14250, 1441, 14841, 149716, 1511, 15363, 154820, 155707, 15635, 156502, 156732, 15892, 159144, 160559, 16356, 16623, 167564, 1677, 17085, 17104, 17154, 17183, 173490, 17599, 177660, 18000, 182154, 182843, 18350, 184399, 185795, 18624, 186322, 188030, 1898, 192469, 194348, 19543, 195508, 196409, 1971, 198611, 1988, 200131, 20146, 2026, 203593, 20716, 2110, 212562, 213, 2229, 22605, 2283, 22965, 2308, 23128, 2346, 2357, 236691, 23767, 243410, 243507, 24455, 2476, 25217, 26272, 264, 26595, 2672, 268, 2719, 27299, 274, 27584, 2803, 28155, 28226, 28343, 28675, 294, 3074, 30812, 31023, 3148, 3195, 32230, 3272, 3303, 33206, 3327, 33541, 33929, 35303, 35567, 36119, 37866, 37957, 3850, 3856, 3882, 38831, 38957, 3909, 3985, 4, 40513, 40719, 41011, 41069, 4118, 41782, 42263, 4258, 42851, 4290, 43, 43221, 441, 44531, 46209, 4635, 46452, 465, 4663, 470, 49131, 5032, 5085, 5146, 51505, 5226, 5312, 53399, 53780, 53853, 5410, 5412, 5477, 56356, 571, 5714, 5730, 575, 5796, 5838, 58397, 59531, 59908, 6, 60030, 6071, 6159, 62029, 6269, 630, 63472, 6618, 66930, 67112, 67296, 6766, 68108, 68414, 68667, 6881, 6895, 69223, 7041, 7051, 71073, 71277, 7150, 7272, 7408, 7489, 7499, 758, 7688, 7770, 789, 7949, 7985, 81092, 8112, 8173, 8312, 872, 89595, 9, 9005, 9075, 91615, 9285, 9420, 9426, 9470, 955, 9636, 96499, 9730, 9744, 99278], "values": [0.1531982421875, 0.06744384765625, 0.232666015625, 0.050140380859375, 0.0009126663208007812, 0.1846923828125, 0.035491943359375, 0.031982421875, 0.1348876953125, 0.1407470703125, 0.1844482421875, 0.07745361328125, 0.017425537109375, 0.02886962890625, 0.1011962890625, 0.12548828125, 0.183349609375, 0.03216552734375, 0.1231689453125, 0.035858154296875, 0.0222320556640625, 0.1812744140625, 0.0105743408203125, 0.170654296875, 0.06707763671875, 0.0285491943359375, 0.035980224609375, 0.1494140625, 0.194091796875, 0.035675048828125, 0.0357666015625, 0.158935546875, 0.10791015625, 0.1302490234375, 0.035400390625, 0.023712158203125, 0.03607177734375, 0.169677734375, 0.1693115234375, 0.0980224609375, 0.035308837890625, 0.13330078125, 0.05377197265625, 0.110595703125, 0.057037353515625, 0.101318359375, 0.22900390625, 0.0281524658203125, 0.10675048828125, 0.165771484375, 0.145751953125, 0.057281494140625, 0.152099609375, 0.1434326171875, 0.035400390625, 0.03826904296875, 0.08447265625, 0.015411376953125, 0.0865478515625, 0.149658203125, 0.03521728515625, 0.0361328125, 0.0894775390625, 0.0364990234375, 0.025634765625, 0.02960205078125, 0.044952392578125, 0.1419677734375, 0.036376953125, 0.197021484375, 0.2763671875, 0.000156402587890625, 0.0098114013671875, 0.189208984375, 0.0765380859375, 0.0251922607421875, 0.008514404296875, 0.1778564453125, 0.04217529296875, 0.1878662109375, 0.11700439453125, 0.1097412109375, 0.1490478515625, 0.07568359375, 0.07586669921875, 0.0357666015625, 0.06732177734375, 0.09930419921875, 0.060455322265625, 0.052825927734375, 0.0033054351806640625, 0.104248046875, 0.033447265625, 0.005115509033203125, 0.0771484375, 0.107421875, 0.1014404296875, 0.035675048828125, 0.035614013671875, 0.1842041015625, 0.03619384765625, 0.061370849609375, 0.1700439453125, 0.09527587890625, 0.05621337890625, 0.107177734375, 0.28076171875, 0.035186767578125, 0.142333984375, 0.0443115234375, 0.035430908203125, 0.1014404296875, 0.031494140625, 0.035614013671875, 0.03558349609375, 0.035491943359375, 0.031280517578125, 0.035491943359375, 0.03558349609375, 0.0892333984375, 0.1051025390625, 0.07769775390625, 0.0648193359375, 0.008941650390625, 0.0897216796875, 0.0321044921875, 0.12017822265625, 0.006015777587890625, 0.01111602783203125, 0.05340576171875, 0.239990234375, 0.02984619140625, 0.07904052734375, 0.035858154296875, 0.050262451171875, 0.03765869140625, 0.035552978515625, 0.0362548828125, 0.10516357421875, 0.145751953125, 0.035369873046875, 0.05194091796875, 0.05865478515625, 0.0245361328125, 0.0712890625, 0.0721435546875, 0.033538818359375, 0.10955810546875, 0.03558349609375, 0.0970458984375, 0.0214996337890625, 0.13818359375, 0.001956939697265625, 0.02490234375, 0.1468505859375, 0.0187835693359375, 0.0177459716796875, 0.22900390625, 0.0292510986328125, 0.0357666015625, 0.0144805908203125, 0.075439453125, 0.06793212890625, 0.006412506103515625, 0.035675048828125, 0.035369873046875, 0.03619384765625, 0.051910400390625, 0.0355224609375, 0.020233154296875, 0.035736083984375, 0.03570556640625, 0.12548828125, 0.0106353759765625, 0.035797119140625, 0.1934814453125, 0.154296875, 0.004459381103515625, 0.1500244140625, 0.08642578125, 0.028472900390625, 0.11920166015625, 0.08575439453125, 0.0946044921875, 0.035430908203125, 0.170166015625, 0.035430908203125, 0.06903076171875, 0.08599853515625, 0.1280517578125, 0.0479736328125, 0.170166015625, 0.039459228515625, 0.02899169921875, 0.11126708984375, 0.13330078125, 0.1536865234375, 0.1419677734375, 0.035491943359375, 0.09747314453125, 0.0151519775390625, 0.1273193359375, 0.0589599609375, 0.04730224609375, 0.1405029296875, 0.0867919921875, 0.126708984375, 0.03424072265625, 0.0335693359375, 0.00968170166015625, 0.015869140625, 0.08709716796875, 0.01511383056640625, 0.06884765625, 0.1871337890625, 0.05157470703125, 0.1318359375, 0.0355224609375, 0.057342529296875, 0.0816650390625, 0.1044921875, 0.08258056640625, 0.035400390625, 0.035675048828125, 0.02947998046875, 0.036102294921875, 0.09307861328125, 0.0304107666015625, 0.035552978515625, 0.0982666015625, 0.0706787109375, 0.07135009765625, 0.03521728515625, 0.06549072265625, 0.018798828125, 0.15087890625, 0.0361328125, 0.07086181640625, 0.134521484375, 0.035369873046875, 0.035614013671875, 0.004322052001953125, 0.20361328125, 0.1639404296875, 0.005565643310546875, 0.1656494140625]}