{"indices": [100250, 10086, 104921, 105451, 106161, 106745, 10752, 111, 112, 11233, 114732, 116235, 1193, 12, 12006, 1212, 12231, 12248, 12339, 12752, 12833, 128779, 129969, 13, 132, 134364, 1345, 1363, 137089, 1375, 141524, 14154, 144, 144025, 1463, 149, 15276, 154820, 155539, 157062, 159065, 159144, 1601, 160670, 16356, 1657, 165712, 165854, 16820, 169073, 17055, 171918, 172447, 17274, 1733, 180, 1819, 1824, 18397, 19745, 199058, 201, 20400, 2051, 2091, 214, 230466, 2320, 235079, 238, 2408, 24455, 2481, 24990, 25924, 26, 26073, 268, 2767, 289, 28997, 294, 2955, 297, 30520, 31023, 316, 3240, 3275, 33, 330, 33120, 3371, 351, 35509, 35662, 35826, 36398, 3640, 36498, 3742, 382, 384, 3882, 39, 3909, 391, 4, 40266, 41011, 4118, 4209, 43, 43315, 434, 43425, 441, 4418, 45234, 4602, 4633, 470, 4843, 49409, 5, 50994, 5120, 51287, 51515, 51876, 52080, 5259, 53088, 53894, 55483, 56, 567, 57189, 587, 58994, 59246, 594, 5977, 6, 6088, 62704, 630, 64371, 66871, 67, 67890, 68108, 7, 7051, 72859, 729, 7420, 7489, 75533, 757, 758, 7674, 77007, 789, 7919, 82, 821, 82451, 8262, 8312, 8357, 844, 85826, 8592, 87, 87398, 9, 91615, 9267, 9285, 953, 98], "values": [0.19482421875, 0.040069580078125, 0.0992431640625, 0.09423828125, 0.00605010986328125, 0.018402099609375, 0.004428863525390625, 0.010284423828125, 0.0111236572265625, 0.1695556640625, 0.117431640625, 0.022735595703125, 0.0238800048828125, 0.01105499267578125, 0.211181640625, 0.005229949951171875, 0.00788116455078125, 0.1685791015625, 0.1427001953125, 0.08160400390625, 0.07684326171875, 0.166015625, 0.1634521484375, 0.00995635986328125, 0.00899505615234375, 0.181884765625, 0.11151123046875, 0.010223388671875, 0.209716796875, 0.052642822265625, 0.228515625, 0.052154541015625, 0.036712646484375, 0.0081634521484375, 0.0104217529296875, 0.184814453125, 0.09100341796875, 0.1617431640625, 0.0108642578125, 0.12237548828125, 0.1690673828125, 0.0267791748046875, 0.09893798828125, 0.1439208984375, 0.0753173828125, 0.003711700439453125, 0.1119384765625, 0.09619140625, 0.05731201171875, 0.0110321044921875, 0.17919921875, 0.15283203125, 0.197265625, 0.0240325927734375, 0.155029296875, 0.046295166015625, 0.00909423828125, 0.010162353515625, 0.12359619140625, 0.14990234375, 0.15185546875, 0.006771087646484375, 0.14697265625, 0.16796875, 0.07763671875, 0.09771728515625, 0.1551513671875, 0.01032257080078125, 0.2037353515625, 0.0094757080078125, 0.1026611328125, 0.107177734375, 0.0283660888671875, 0.112060546875, 0.1038818359375, 0.0684814453125, 0.200439453125, 0.01033782958984375, 0.03485107421875, 0.01010894775390625, 0.1231689453125, 0.00981903076171875, 0.0775146484375, 0.0102081298828125, 0.07415771484375, 0.03424072265625, 0.0101318359375, 0.00020515918731689453, 0.01116943359375, 0.0208587646484375, 0.00766754150390625, 0.0927734375, 0.0855712890625, 0.1339111328125, 0.03826904296875, 0.1881103515625, 0.1307373046875, 0.2149658203125, 0.147216796875, 0.1348876953125, 0.06695556640625, 0.0013418197631835938, 0.0635986328125, 0.1690673828125, 0.01483917236328125, 0.1104736328125, 0.011688232421875, 0.01157379150390625, 0.173095703125, 0.0999755859375, 0.133056640625, 0.01030731201171875, 0.010009765625, 0.00888824462890625, 0.00811004638671875, 0.19775390625, 0.00992584228515625, 0.0771484375, 0.1395263671875, 0.0104827880859375, 0.00949859619140625, 0.00982666015625, 0.00408935546875, 0.09686279296875, 0.00998687744140625, 0.0010633468627929688, 0.2237548828125, 0.166015625, 0.190185546875, 0.1497802734375, 0.267578125, 0.09637451171875, 0.176513671875, 0.1922607421875, 0.0013704299926757812, 0.010345458984375, 0.036407470703125, 0.049591064453125, 0.036590576171875, 0.08734130859375, 0.1302490234375, 0.00960540771484375, 0.156982421875, 0.01019287109375, 0.053070068359375, 0.033599853515625, 0.01000213623046875, 0.1502685546875, 0.11737060546875, 0.008514404296875, 0.07965087890625, 0.0160980224609375, 0.0102996826171875, 0.0247802734375, 0.1602783203125, 0.10870361328125, 0.12396240234375, 0.06280517578125, 0.2130126953125, 0.05377197265625, 0.07684326171875, 0.019317626953125, 0.112060546875, 0.00980377197265625, 0.10113525390625, 0.021453857421875, 0.035369873046875, 0.1842041015625, 0.209228515625, 0.09039306640625, 0.019622802734375, 0.01021575927734375, 0.07989501953125, 0.03277587890625, 0.0006303787231445312, 0.121337890625, 0.0098419189453125, 0.095947265625, 0.0005135536193847656, 0.041290283203125, 0.07537841796875, 0.01181793212890625]}