{"indices": [10, 10433, 1052, 10776, 111, 11192, 11814, 122905, 12478, 126826, 12807, 13, 136, 1363, 144000, 14427, 144814, 146104, 14819, 149, 151878, 15573, 156100, 16, 16037, 16466, 1733, 17368, 17461, 17514, 1830, 188, 189173, 190659, 191619, 191984, 193943, 19686, 197118, 204839, 212897, 214, 217269, 219, 22619, 23, 234873, 238478, 2408, 2552, 26073, 26370, 27169, 27198, 2886, 29367, 297, 3075, 32087, 32108, 33180, 3638, 36716, 3956, 4, 44188, 44851, 456, 47, 5, 5021, 50339, 50478, 5117, 51339, 52295, 538, 55111, 5565, 56, 581, 58994, 59869, 6024, 60505, 61689, 618, 621, 63284, 65998, 678, 69307, 69988, 7, 70, 7068, 717, 7639, 77758, 80234, 8305, 8439, 87758, 88868, 89829, 9, 90, 94419, 96391], "values": [0.0231170654296875, 0.1602783203125, 0.156494140625, 0.1619873046875, 0.0230712890625, 0.049407958984375, 0.1181640625, 0.20068359375, 0.1578369140625, 0.09698486328125, 0.08502197265625, 0.0236053466796875, 0.06195068359375, 0.023345947265625, 0.259765625, 0.10333251953125, 0.193603515625, 0.1253662109375, 0.1241455078125, 0.140625, 0.10845947265625, 0.11383056640625, 0.198974609375, 0.0232696533203125, 0.140625, 0.275146484375, 0.1480712890625, 0.043548583984375, 0.1470947265625, 0.00679779052734375, 0.023468017578125, 0.1239013671875, 0.1611328125, 0.1099853515625, 0.16259765625, 0.11724853515625, 0.27734375, 0.105224609375, 0.131103515625, 0.1273193359375, 0.1009521484375, 0.023162841796875, 0.1302490234375, 0.135986328125, 0.166015625, 0.058929443359375, 0.269775390625, 0.2269287109375, 0.044525146484375, 0.0943603515625, 0.23828125, 0.149169921875, 0.1434326171875, 0.265869140625, 0.0638427734375, 0.043212890625, 0.0323486328125, 0.0635986328125, 0.1021728515625, 0.138671875, 0.2073974609375, 0.138916015625, 0.116943359375, 0.1278076171875, 0.0230255126953125, 0.1275634765625, 0.07720947265625, 0.1114501953125, 0.0198974609375, 0.023651123046875, 0.0909423828125, 0.062286376953125, 0.157958984375, 0.10107421875, 0.06842041015625, 0.185302734375, 0.023101806640625, 0.171875, 0.05706787109375, 0.09619140625, 0.031829833984375, 0.10894775390625, 0.11370849609375, 0.150390625, 0.1834716796875, 0.182373046875, 0.013763427734375, 0.0098419189453125, 0.11114501953125, 0.1771240234375, 0.020538330078125, 0.135009765625, 0.197509765625, 0.0248565673828125, 0.02374267578125, 0.007457733154296875, 0.00324249267578125, 0.0165252685546875, 0.13232421875, 0.2410888671875, 0.0027618408203125, 0.056610107421875, 0.1990966796875, 0.13427734375, 0.08203125, 0.0228118896484375, 0.0234375, 0.039093017578125, 0.19921875]}