{"indices": [10007, 10018, 10043, 101042, 10132, 1036, 1052, 105820, 1064, 106636, 10725, 109913, 109981, 11, 112282, 1126, 1130, 113289, 1173, 1189, 120883, 12093, 12183, 12239, 123433, 126040, 1288, 131182, 131595, 13182, 132, 1322, 133479, 1344, 1403, 143971, 147916, 148319, 1493, 149309, 152961, 1530, 15447, 15635, 157016, 158406, 159, 16, 1662, 170768, 17104, 1745, 179642, 17989, 18000, 1826, 18292, 185795, 185806, 18610, 1892, 18922, 1898, 19015, 19186, 1965, 2003, 204529, 206061, 21282, 213, 214374, 217863, 22965, 2308, 231502, 243507, 24754, 2490, 24925, 264, 2719, 274, 275, 2797, 28051, 2830, 2839, 31874, 3322, 3327, 33479, 34616, 347, 35567, 35807, 361, 363, 3715, 37703, 38195, 38831, 4, 41084, 4118, 42851, 43, 4332, 44090, 4578, 46410, 465, 4671, 47348, 4791, 4828, 5070, 5085, 51083, 5133, 514, 5146, 5364, 53803, 5412, 54742, 55960, 571, 5714, 575, 5853, 5873, 6, 61026, 63372, 63472, 6607, 66891, 68934, 6895, 69694, 70147, 71206, 71842, 72034, 7408, 7420, 78631, 8119, 83697, 84409, 85763, 87, 8857, 88868, 9021, 90305, 91615, 91704, 9186, 9340, 9378, 9420, 963, 9744, 9788], "values": [0.0031833648681640625, 0.1075439453125, 0.0037517547607421875, 0.04541015625, 0.029937744140625, 0.0066680908203125, 0.08587646484375, 0.030670166015625, 0.005809783935546875, 0.0682373046875, 0.039306640625, 0.0047607421875, 0.12451171875, 0.0053863525390625, 0.17578125, 0.0716552734375, 0.006084442138671875, 0.18798828125, 0.157470703125, 0.0026702880859375, 0.0085906982421875, 0.0628662109375, 0.1265869140625, 0.1256103515625, 0.12054443359375, 0.1170654296875, 0.1317138671875, 0.07965087890625, 0.208251953125, 0.01146697998046875, 0.006046295166015625, 0.07147216796875, 0.0014476776123046875, 0.053375244140625, 0.016754150390625, 0.265869140625, 0.20703125, 0.005245208740234375, 0.01465606689453125, 0.07525634765625, 0.1785888671875, 0.004497528076171875, 0.11334228515625, 0.105712890625, 0.0546875, 0.0557861328125, 0.022491455078125, 0.00600433349609375, 0.004405975341796875, 0.12445068359375, 0.0303955078125, 0.00592041015625, 0.07684326171875, 0.08868408203125, 0.01763916015625, 0.004192352294921875, 0.01207733154296875, 0.040069580078125, 0.04815673828125, 0.009918212890625, 0.0059814453125, 0.054473876953125, 0.08099365234375, 0.0283050537109375, 0.11383056640625, 0.005706787109375, 0.00372314453125, 0.0055999755859375, 0.2587890625, 0.0216064453125, 0.00595855712890625, 0.10760498046875, 0.1207275390625, 0.0007233619689941406, 0.00580596923828125, 0.08721923828125, 0.10455322265625, 0.0006794929504394531, 0.07293701171875, 0.10516357421875, 0.0035381317138671875, 0.005672454833984375, 0.0059356689453125, 0.0028896331787109375, 0.006023406982421875, 0.11676025390625, 0.059173583984375, 0.08831787109375, 0.1453857421875, 0.005702972412109375, 0.005802154541015625, 0.100341796875, 0.058441162109375, 0.0716552734375, 0.138671875, 0.005939483642578125, 0.021209716796875, 0.0219879150390625, 0.10247802734375, 0.09637451171875, 0.130126953125, 0.1534423828125, 0.005886077880859375, 0.00589752197265625, 0.019683837890625, 0.1490478515625, 0.0059051513671875, 0.00921630859375, 0.00403594970703125, 0.147216796875, 0.0709228515625, 0.03887939453125, 0.004344940185546875, 0.1317138671875, 0.0058135986328125, 0.08563232421875, 0.00812530517578125, 0.00592041015625, 0.06298828125, 0.11572265625, 0.005863189697265625, 0.061553955078125, 0.04339599609375, 0.016326904296875, 0.01380157470703125, 0.09027099609375, 0.0928955078125, 0.006832122802734375, 0.071533203125, 0.005611419677734375, 0.04156494140625, 0.0108489990234375, 0.01528167724609375, 0.1505126953125, 0.12457275390625, 0.2017822265625, 0.003963470458984375, 0.1944580078125, 0.055328369140625, 0.006259918212890625, 0.0811767578125, 0.07794189453125, 0.040985107421875, 0.107177734375, 0.031005859375, 0.01084136962890625, 0.10247802734375, 0.12353515625, 0.045318603515625, 0.121826171875, 0.10577392578125, 0.173828125, 0.00795745849609375, 0.005214691162109375, 0.06915283203125, 0.032470703125, 0.1473388671875, 0.083984375, 0.088623046875, 0.09320068359375, 0.1424560546875, 0.096923828125, 0.0621337890625, 0.0099029541015625, 0.03399658203125, 0.1385498046875]}