{"indices": [108564, 111, 115774, 117, 117914, 121413, 122009, 12678, 1294, 129980, 13465, 137089, 13961, 14012, 141325, 14905, 154186, 156856, 15970, 163812, 16610, 171859, 17203, 1830, 186, 186768, 19574, 19882, 1995, 20271, 2053, 206, 21334, 218527, 219, 224588, 23, 23189, 2320, 235079, 237, 2408, 241866, 25072, 25550, 26171, 27140, 289, 2967, 297, 29823, 32166, 32845, 329, 3299, 33120, 34390, 345, 35006, 35509, 360, 3674, 37526, 390, 4, 40226, 42, 44402, 45, 456, 4589, 47, 4989, 50339, 50930, 51359, 52080, 52295, 538, 53894, 55300, 58663, 61689, 621, 63928, 6529, 6626, 6953, 7, 70, 7076, 71, 71872, 72095, 83, 8305, 8439, 89733, 9, 914, 92054, 96391, 96679, 98, 98323, 9836], "values": [0.2001953125, 0.006198883056640625, 0.18798828125, 0.07843017578125, 0.1956787109375, 0.1810302734375, 0.036376953125, 0.0615234375, 0.0064239501953125, 0.10064697265625, 0.1094970703125, 0.1990966796875, 0.06500244140625, 0.0277099609375, 0.128662109375, 0.0258636474609375, 0.040069580078125, 0.165771484375, 0.1046142578125, 0.1588134765625, 0.06512451171875, 0.242919921875, 0.200927734375, 0.1842041015625, 0.00818634033203125, 0.092529296875, 0.08148193359375, 0.04736328125, 0.1534423828125, 0.060272216796875, 0.06298828125, 0.0372314453125, 0.048431396484375, 0.1763916015625, 0.12139892578125, 0.16650390625, 0.006076812744140625, 0.202880859375, 0.006191253662109375, 0.2222900390625, 0.01953125, 0.053558349609375, 0.165771484375, 0.1112060546875, 0.163330078125, 0.1522216796875, 0.136474609375, 0.007015228271484375, 0.1805419921875, 0.006317138671875, 0.14697265625, 0.0953369140625, 0.1534423828125, 0.006038665771484375, 0.1954345703125, 0.1776123046875, 0.158203125, 0.0792236328125, 0.06365966796875, 0.110107421875, 0.006107330322265625, 0.006832122802734375, 0.1328125, 0.007350921630859375, 0.006130218505859375, 0.229736328125, 0.034332275390625, 0.1983642578125, 0.0545654296875, 0.0069732666015625, 0.0736083984375, 0.0299072265625, 0.016998291015625, 0.048095703125, 0.203857421875, 0.17822265625, 0.16015625, 0.1763916015625, 0.1329345703125, 0.1298828125, 0.19873046875, 0.165771484375, 0.134521484375, 0.006256103515625, 0.15478515625, 0.0244293212890625, 0.09771728515625, 0.002285003662109375, 0.006992340087890625, 0.007843017578125, 0.01959228515625, 0.00806427001953125, 0.130859375, 0.19189453125, 0.00820159912109375, 0.018096923828125, 0.08453369140625, 0.18603515625, 0.00591278076171875, 0.1171875, 0.2841796875, 0.159912109375, 0.1468505859375, 0.006206512451171875, 0.193359375, 0.1650390625]}