{"indices": [10018, 100296, 100761, 10109, 101863, 102131, 102753, 103957, 106636, 10725, 10736, 10766, 108231, 10956, 11158, 1128, 1130, 113289, 114327, 114493, 1147, 114969, 115333, 1189, 11976, 12, 12114, 12239, 12272, 124210, 125190, 126858, 1278, 1288, 129007, 129781, 13082, 131595, 1317, 131755, 132079, 138298, 139147, 1395, 1403, 14072, 143258, 1441, 148529, 148660, 14938, 1516, 152961, 15362, 15446, 15447, 15478, 1583, 159309, 15954, 16, 163461, 1635, 167564, 168840, 168842, 17010, 170768, 171007, 17183, 172135, 1726, 172747, 1737, 17619, 177680, 17956, 17989, 18000, 18317, 18542, 189668, 1898, 1906, 19186, 193956, 19427, 1998, 20128, 202989, 203593, 206061, 213, 21490, 2150, 215293, 216278, 21855, 22004, 22065, 2229, 22566, 23204, 2391, 241204, 2413, 24754, 2490, 24925, 25256, 2575, 2621, 264, 2698, 27246, 27393, 274, 27686, 27750, 27771, 27825, 2788, 27953, 28, 2830, 28343, 28409, 2961, 30, 31454, 32004, 3272, 3327, 33479, 33541, 34134, 34636, 34941, 35567, 363, 37, 3715, 38071, 3846, 3909, 39155, 3954, 39556, 4, 40513, 40524, 40970, 41294, 42277, 4258, 4280, 42851, 43, 4418, 44531, 45547, 4578, 45963, 46523, 4723, 47348, 4742, 4788, 48193, 5032, 5052, 5133, 514, 5146, 5148, 52688, 53399, 5353, 5410, 54968, 55484, 55960, 5610, 56569, 5733, 58397, 5841, 59078, 59370, 59384, 6, 60353, 6251, 628, 63014, 6545, 6570, 66277, 66795, 6710, 67296, 68414, 6856, 68714, 68810, 6895, 7, 7064, 71054, 71073, 71124, 7150, 71932, 72531, 7272, 72963, 73663, 73714, 74, 7420, 75092, 76397, 7688, 77263, 79337, 7985, 80492, 8173, 8315, 844, 8488, 8539, 8585, 86030, 89595, 9, 9005, 9021, 91615, 9186, 93123, 9378, 944, 9730, 9811, 99348, 9989], "values": [0.1268310546875, 0.117431640625, 0.22412109375, 0.01216888427734375, 0.0148773193359375, 0.0238189697265625, 0.050445556640625, 0.015228271484375, 0.11627197265625, 0.125732421875, 0.174072265625, 0.1385498046875, 0.01360321044921875, 0.001766204833984375, 0.153076171875, 0.0107421875, 0.015167236328125, 0.205322265625, 0.11962890625, 0.0755615234375, 0.0092315673828125, 0.15087890625, 0.04632568359375, 0.0262908935546875, 0.08447265625, 0.01499176025390625, 0.01424407958984375, 0.203369140625, 0.09619140625, 0.01555633544921875, 0.1429443359375, 0.0670166015625, 0.01499176025390625, 0.1510009765625, 0.135986328125, 0.252685546875, 0.01398468017578125, 0.26220703125, 0.0155029296875, 0.11407470703125, 0.01540374755859375, 0.1363525390625, 0.058074951171875, 0.001140594482421875, 0.01361846923828125, 0.01366424560546875, 0.01549530029296875, 0.126708984375, 0.2509765625, 0.09490966796875, 0.2022705078125, 0.01535797119140625, 0.02764892578125, 0.143310546875, 0.157958984375, 0.0034923553466796875, 0.15771484375, 0.1397705078125, 0.07501220703125, 0.01520538330078125, 0.0286712646484375, 0.1070556640625, 0.0114288330078125, 0.016998291015625, 0.1685791015625, 0.1622314453125, 0.06463623046875, 0.2257080078125, 0.1229248046875, 0.0148773193359375, 0.050567626953125, 0.034210205078125, 0.07708740234375, 0.04656982421875, 0.031402587890625, 0.1832275390625, 0.0899658203125, 0.0183563232421875, 0.09808349609375, 0.0157928466796875, 0.1328125, 0.0295257568359375, 0.1092529296875, 0.0772705078125, 0.01654052734375, 0.216064453125, 0.044219970703125, 0.014373779296875, 0.1405029296875, 0.0141448974609375, 0.1884765625, 0.291259765625, 0.0244140625, 0.075927734375, 0.015045166015625, 0.100830078125, 0.244140625, 0.1885986328125, 0.03009033203125, 0.1201171875, 0.1578369140625, 0.0821533203125, 0.01406097412109375, 0.01517486572265625, 0.06402587890625, 0.0177154541015625, 0.053955078125, 0.004669189453125, 0.09161376953125, 0.0168304443359375, 0.0120391845703125, 0.0147705078125, 0.10845947265625, 0.0574951171875, 0.1497802734375, 0.1182861328125, 0.014892578125, 0.1207275390625, 0.006603240966796875, 0.11187744140625, 0.1278076171875, 0.0219573974609375, 0.01369476318359375, 0.080322265625, 0.0103912353515625, 0.176513671875, 0.01483917236328125, 0.00682830810546875, 0.02789306640625, 0.01235198974609375, 0.01519012451171875, 0.01515960693359375, 0.015045166015625, 0.153564453125, 0.10418701171875, 0.0169219970703125, 0.177734375, 0.01398468017578125, 0.01210784912109375, 0.09136962890625, 0.01523590087890625, 0.1748046875, 0.06903076171875, 0.0246124267578125, 0.002567291259765625, 0.10833740234375, 0.01520538330078125, 0.0253143310546875, 0.0247344970703125, 0.0576171875, 0.004558563232421875, 0.008392333984375, 0.1746826171875, 0.059722900390625, 0.1204833984375, 0.020751953125, 0.215576171875, 0.01529693603515625, 0.09637451171875, 0.035369873046875, 0.0321044921875, 0.03717041015625, 0.0767822265625, 0.07330322265625, 0.0171661376953125, 0.1407470703125, 0.05096435546875, 0.10009765625, 0.12188720703125, 0.096435546875, 0.1956787109375, 0.1514892578125, 0.01428985595703125, 0.08489990234375, 0.015228271484375, 0.050567626953125, 0.06658935546875, 0.0177154541015625, 0.01457977294921875, 0.046783447265625, 0.01279449462890625, 0.0701904296875, 0.043426513671875, 0.166015625, 0.0304107666015625, 0.155029296875, 0.1300048828125, 0.0260009765625, 0.1171875, 0.038726806640625, 0.031463623046875, 0.2047119140625, 0.0067138671875, 0.2230224609375, 0.2066650390625, 0.0100555419921875, 0.149658203125, 0.0643310546875, 0.035369873046875, 0.01479339599609375, 0.053253173828125, 0.1759033203125, 0.01055908203125, 0.083740234375, 0.01448822021484375, 0.01493072509765625, 0.166259765625, 0.0143890380859375, 0.1456298828125, 0.1190185546875, 0.0081634521484375, 0.004192352294921875, 0.2227783203125, 0.09619140625, 0.203857421875, 0.11700439453125, 0.054412841796875, 0.0149993896484375, 0.01508331298828125, 0.17578125, 0.04840087890625, 0.061553955078125, 0.032440185546875, 0.1640625, 0.006366729736328125, 0.01419830322265625, 0.0147705078125, 0.01418304443359375, 0.0180206298828125, 0.015045166015625, 0.06744384765625, 0.0160064697265625, 0.1531982421875, 0.0157318115234375, 0.138916015625, 0.0406494140625, 0.080810546875, 0.0260772705078125, 0.1007080078125, 0.2015380859375, 0.0135498046875, 0.01467132568359375, 0.150390625, 0.150146484375, 0.036590576171875, 0.1336669921875, 0.01514434814453125]}