{"indices": [10018, 10043, 10109, 1034, 1036, 106278, 1064, 10725, 109104, 109329, 113289, 11394, 114344, 1147, 114969, 115333, 1173, 1189, 12002, 12093, 121537, 121905, 12250, 12272, 123433, 123843, 12510, 1278, 12833, 129007, 129239, 132, 133506, 13494, 135018, 135023, 13723, 1378, 138843, 139137, 1395, 1403, 141413, 142580, 143054, 1441, 144454, 146563, 147916, 14841, 1493, 151404, 1516, 15290, 15446, 15447, 15475, 154820, 155, 15589, 1589, 15892, 16, 160559, 161402, 16390, 168528, 17085, 17104, 17154, 1737, 180394, 1826, 18317, 18332, 1842, 18624, 187609, 1898, 1955, 19572, 196017, 19699, 19741, 1988, 20128, 203289, 20373, 208579, 21001, 211653, 213, 21490, 2150, 2183, 220719, 220760, 2229, 226614, 2283, 23128, 23204, 2346, 23556, 23644, 23737, 23844, 23978, 24754, 248965, 25446, 264, 27283, 27299, 274, 2745, 27584, 2788, 27953, 2803, 28343, 28353, 2875, 29328, 2961, 29979, 30, 30653, 31509, 3169, 32013, 3272, 33145, 33541, 34134, 35075, 354, 35567, 3615, 36526, 36551, 36895, 37866, 38058, 3856, 3933, 39427, 3985, 3990, 4, 40513, 4058, 41069, 41084, 42298, 42505, 4258, 43, 43221, 4418, 4511, 45425, 45868, 465, 46695, 4696, 48389, 49053, 49125, 5052, 5070, 5085, 51083, 514, 5146, 53399, 5364, 5392, 54093, 5410, 5412, 5525, 55960, 5615, 5714, 57175, 575, 58331, 58397, 59384, 59660, 6, 6006, 61391, 62029, 62624, 63, 6347, 6518, 66930, 67112, 68108, 68414, 68667, 6895, 69286, 7006, 7041, 71277, 7150, 7165, 7272, 72964, 7408, 74171, 76397, 789, 7961, 8173, 82321, 8312, 83554, 8393, 844, 8585, 86030, 86807, 9021, 90500, 9075, 91615, 91855, 92181, 93292, 9426, 9470, 955, 95579, 96067, 98771, 99278], "values": [0.1683349609375, 0.02978515625, 0.040191650390625, 0.038970947265625, 0.03839111328125, 0.09771728515625, 0.02557373046875, 0.058837890625, 0.1900634765625, 0.038818359375, 0.089111328125, 0.08172607421875, 0.183349609375, 0.038360595703125, 0.037872314453125, 0.047454833984375, 0.0291595458984375, 0.088623046875, 0.01177215576171875, 0.038330078125, 0.1253662109375, 0.04400634765625, 0.135009765625, 0.03143310546875, 0.13330078125, 0.1959228515625, 0.0302276611328125, 0.038299560546875, 0.1683349609375, 0.09478759765625, 0.1790771484375, 0.0006151199340820312, 0.0810546875, 0.039886474609375, 0.1956787109375, 0.0821533203125, 0.0997314453125, 0.056671142578125, 0.08477783203125, 0.1427001953125, 0.005992889404296875, 0.063232421875, 0.0382080078125, 0.039337158203125, 0.120849609375, 0.03485107421875, 0.11773681640625, 0.150634765625, 0.187744140625, 0.037841796875, 0.0384521484375, 0.1365966796875, 0.03851318359375, 0.08416748046875, 0.0394287109375, 0.0031490325927734375, 0.019775390625, 0.2108154296875, 0.004390716552734375, 0.029754638671875, 0.038421630859375, 0.031982421875, 0.037811279296875, 0.1279296875, 0.09881591796875, 0.07379150390625, 0.079833984375, 0.1553955078125, 0.033782958984375, 0.203369140625, 0.029754638671875, 0.037506103515625, 0.06256103515625, 0.0389404296875, 0.07452392578125, 0.038482666015625, 0.08770751953125, 0.037750244140625, 0.047271728515625, 0.0406494140625, 0.0384521484375, 0.079345703125, 0.037994384765625, 0.09893798828125, 0.037139892578125, 0.1434326171875, 0.10748291015625, 0.192626953125, 0.08551025390625, 0.1597900390625, 0.067138671875, 0.08154296875, 0.035919189453125, 0.132568359375, 0.037841796875, 0.0399169921875, 0.158935546875, 0.1707763671875, 0.0679931640625, 0.03826904296875, 0.08251953125, 0.1083984375, 0.0142974853515625, 0.08624267578125, 0.1270751953125, 0.1011962890625, 0.05267333984375, 0.0328369140625, 0.146240234375, 0.120849609375, 0.0386962890625, 0.0972900390625, 0.0200347900390625, 0.03790283203125, 0.038482666015625, 0.0250091552734375, 0.060394287109375, 0.02392578125, 0.038482666015625, 0.06268310546875, 0.2247314453125, 0.1658935546875, 0.127685546875, 0.06756591796875, 0.03851318359375, 0.037628173828125, 0.01168060302734375, 0.14404296875, 0.0369873046875, 0.15283203125, 0.039825439453125, 0.0372314453125, 0.10089111328125, 0.035064697265625, 0.0202178955078125, 0.1083984375, 0.030975341796875, 0.12939453125, 0.1507568359375, 0.03924560546875, 0.0185546875, 0.1588134765625, 0.0673828125, 0.03839111328125, 0.148193359375, 0.038604736328125, 0.071533203125, 0.038177490234375, 0.0421142578125, 0.044769287109375, 0.196044921875, 0.08880615234375, 0.038482666015625, 0.098876953125, 0.1279296875, 0.0188140869140625, 0.15771484375, 0.038421630859375, 0.038330078125, 0.07147216796875, 0.039825439453125, 0.053009033203125, 0.038299560546875, 0.03839111328125, 0.14453125, 0.055877685546875, 0.03839111328125, 0.10406494140625, 0.1639404296875, 0.1771240234375, 0.12005615234375, 0.096923828125, 0.029754638671875, 0.038421630859375, 0.1463623046875, 0.039886474609375, 0.034698486328125, 0.037933349609375, 0.058837890625, 0.116943359375, 0.1319580078125, 0.08892822265625, 0.06341552734375, 0.03759765625, 0.033172607421875, 0.07208251953125, 0.0384521484375, 0.1199951171875, 0.08294677734375, 0.03533935546875, 0.066162109375, 0.0384521484375, 0.032806396484375, 0.1990966796875, 0.1568603515625, 0.09368896484375, 0.0382080078125, 0.1661376953125, 0.016357421875, 0.09161376953125, 0.0274505615234375, 0.04376220703125, 0.265869140625, 0.036468505859375, 0.0218048095703125, 0.06207275390625, 0.0384521484375, 0.199951171875, 0.09356689453125, 0.08673095703125, 0.038177490234375, 0.2498779296875, 0.26318359375, 0.0384521484375, 0.153564453125, 0.0479736328125, 0.0384521484375, 0.03668212890625, 0.0384521484375, 0.0338134765625, 0.076171875, 0.03839111328125, 0.10516357421875, 0.01071929931640625, 0.040740966796875, 0.03961181640625, 0.2027587890625, 0.03839111328125, 0.021026611328125, 0.02410888671875, 0.214111328125, 0.01505279541015625, 0.0307464599609375, 0.1485595703125, 0.0816650390625, 0.036834716796875, 0.03839111328125, 0.0267791748046875, 0.07135009765625, 0.1910400390625, 0.1885986328125]}