{"indices": [10406, 106804, 10778, 108564, 113307, 117, 120592, 124735, 12478, 12768, 127689, 12807, 1294, 132216, 13465, 139108, 144814, 14537, 152750, 15426, 15490, 155116, 15572, 158978, 17203, 179965, 1830, 193943, 19574, 218527, 22690, 227204, 234873, 235079, 238842, 24365, 24990, 26171, 26824, 2967, 29823, 30646, 30698, 32153, 32166, 3299, 33938, 34153, 34292, 34515, 35197, 35509, 35665, 36457, 37526, 4221, 434, 44075, 456, 47, 4830, 50339, 50531, 50930, 52080, 538, 5426, 54497, 55300, 5701, 5998, 6281, 63928, 674, 69405, 7, 72095, 72697, 73327, 77391, 80788, 86723, 87235, 88551, 9103, 92054, 92940, 93010, 96391, 97957, 98], "values": [0.054534912109375, 0.01357269287109375, 0.140625, 0.2001953125, 0.0282440185546875, 0.0860595703125, 0.10089111328125, 0.151123046875, 0.08953857421875, 0.10528564453125, 0.1417236328125, 0.0252227783203125, 0.06158447265625, 0.08905029296875, 0.0863037109375, 0.06805419921875, 0.1671142578125, 0.0946044921875, 0.2410888671875, 0.03204345703125, 0.08123779296875, 0.09844970703125, 0.102783203125, 0.047760009765625, 0.263916015625, 0.12451171875, 0.18359375, 0.1142578125, 0.123779296875, 0.09521484375, 0.142333984375, 0.14599609375, 0.226806640625, 0.217041015625, 0.044189453125, 0.17236328125, 0.11138916015625, 0.162841796875, 0.057037353515625, 0.1497802734375, 0.1275634765625, 0.1201171875, 0.1649169921875, 0.1063232421875, 0.055816650390625, 0.200439453125, 0.183837890625, 0.1292724609375, 0.0572509765625, 0.07464599609375, 0.09417724609375, 0.1441650390625, 0.1754150390625, 0.0897216796875, 0.1600341796875, 0.11883544921875, 0.0694580078125, 0.08203125, 0.0167999267578125, 0.0132598876953125, 0.1141357421875, 0.053863525390625, 0.0986328125, 0.21240234375, 0.2080078125, 0.1094970703125, 0.1427001953125, 0.1094970703125, 0.204345703125, 0.01873779296875, 0.00846099853515625, 0.0157623291015625, 0.1400146484375, 0.0261383056640625, 0.068603515625, 0.049072265625, 0.215087890625, 0.1845703125, 0.079833984375, 0.09454345703125, 0.03387451171875, 0.093505859375, 0.16357421875, 0.0335693359375, 0.039642333984375, 0.296875, 0.13818359375, 0.0159759521484375, 0.16748046875, 0.151611328125, 0.08489990234375]}