{"indices": [10043, 101062, 101565, 102528, 10294, 1036, 1050, 10501, 10637, 106636, 10725, 10736, 109460, 11158, 1128, 112843, 1130, 11372, 11608, 116235, 11963, 12002, 12169, 12272, 123896, 12454, 12555, 12568, 12658, 127508, 1278, 12821, 12833, 1288, 129007, 13082, 132882, 133015, 133506, 133614, 1344, 136229, 137089, 139147, 1395, 14183, 14371, 146563, 147916, 1493, 1516, 152551, 15290, 154820, 155132, 15657, 15768, 1583, 159065, 16, 160127, 171414, 17154, 1726, 180072, 18317, 18613, 186639, 1898, 19071, 19526, 195508, 196017, 1988, 20107, 203593, 20373, 20499, 205821, 21001, 210892, 2122, 212782, 213, 2150, 22103, 226160, 2283, 23, 236691, 23724, 23767, 23844, 238842, 246934, 24914, 24925, 25094, 264, 26595, 2672, 27273, 27283, 274, 27825, 2830, 28343, 289, 28997, 30, 30168, 30530, 3074, 31023, 3272, 3327, 3382, 33899, 34045, 34134, 34617, 35567, 3615, 36895, 37, 37866, 38195, 38603, 39687, 39781, 4, 40513, 41069, 41178, 41491, 41904, 42037, 42100, 4258, 42709, 43, 4418, 4465, 4511, 4578, 465, 46523, 4723, 4742, 47424, 4766, 47805, 48619, 5052, 5070, 5085, 51083, 514, 53340, 53399, 5344, 541, 5412, 5477, 54853, 55960, 5714, 573, 575, 5796, 5838, 5841, 59384, 6, 6269, 62736, 6545, 66891, 6710, 68108, 68414, 70388, 7041, 706, 71277, 7252, 7272, 72963, 7408, 7409, 74171, 7949, 79588, 8105, 81092, 839, 844, 86030, 91615, 92455, 9340, 9420, 94880, 95579, 9636, 96499, 97109, 9744, 97904], "values": [0.244384765625, 0.1304931640625, 0.0364990234375, 0.09600830078125, 0.1883544921875, 0.03863525390625, 0.038482666015625, 0.1163330078125, 0.145263671875, 0.2113037109375, 0.0285491943359375, 0.132080078125, 0.038604736328125, 0.08001708984375, 0.1419677734375, 0.09124755859375, 0.037994384765625, 0.12457275390625, 0.0123291015625, 0.038787841796875, 0.035980224609375, 0.03863525390625, 0.0128173828125, 0.04345703125, 0.192138671875, 0.033203125, 0.08245849609375, 0.00032591819763183594, 0.00452423095703125, 0.026275634765625, 0.038543701171875, 0.0386962890625, 0.1031494140625, 0.038543701171875, 0.1353759765625, 0.03857421875, 0.034912109375, 0.07196044921875, 0.0274505615234375, 0.04180908203125, 0.03839111328125, 0.1273193359375, 0.15966796875, 0.134765625, 0.001194000244140625, 0.0562744140625, 0.0216217041015625, 0.0479736328125, 0.2193603515625, 0.038055419921875, 0.114990234375, 0.032958984375, 0.0271453857421875, 0.25634765625, 0.09326171875, 0.0050811767578125, 0.06689453125, 0.034149169921875, 0.1143798828125, 0.038543701171875, 0.0897216796875, 0.01190185546875, 0.19970703125, 0.038177490234375, 0.10687255859375, 0.0181884765625, 0.101806640625, 0.12451171875, 0.03851318359375, 0.0556640625, 0.096435546875, 0.1558837890625, 0.11065673828125, 0.03851318359375, 0.0062103271484375, 0.0819091796875, 0.1337890625, 0.06658935546875, 0.0233306884765625, 0.19287109375, 0.0657958984375, 0.143798828125, 0.0352783203125, 0.03875732421875, 0.213623046875, 0.03857421875, 0.1533203125, 0.2008056640625, 0.1466064453125, 0.057769775390625, 0.09222412109375, 0.11126708984375, 0.0233154296875, 0.0224151611328125, 0.203125, 0.1492919921875, 0.0126800537109375, 0.11749267578125, 0.03839111328125, 0.03863525390625, 0.0384521484375, 0.03826904296875, 0.0386962890625, 0.03851318359375, 0.0142822265625, 0.03857421875, 0.20703125, 0.03857421875, 0.11968994140625, 0.0199127197265625, 0.11297607421875, 0.125244140625, 0.038543701171875, 0.166748046875, 0.05267333984375, 0.038543701171875, 0.01371002197265625, 0.025238037109375, 0.0017824172973632812, 0.032379150390625, 0.135009765625, 0.22412109375, 0.05731201171875, 0.133544921875, 0.0384521484375, 0.1422119140625, 0.05682373046875, 0.0122528076171875, 0.0550537109375, 0.038970947265625, 0.038665771484375, 0.12261962890625, 0.038543701171875, 0.038665771484375, 0.04522705078125, 0.03857421875, 0.1348876953125, 0.0289306640625, 0.038482666015625, 0.0283966064453125, 0.038604736328125, 0.14892578125, 0.00579833984375, 0.0297088623046875, 0.0384521484375, 0.038482666015625, 0.038726806640625, 0.03863525390625, 0.12042236328125, 0.039306640625, 0.0386962890625, 0.01551055908203125, 0.0260162353515625, 0.1478271484375, 0.0248260498046875, 0.038543701171875, 0.033843994140625, 0.038482666015625, 0.038665771484375, 0.1993408203125, 0.031280517578125, 0.162841796875, 0.00982666015625, 0.18017578125, 0.0345458984375, 0.0245361328125, 0.03851318359375, 0.038421630859375, 0.038604736328125, 0.055908203125, 0.1981201171875, 0.061614990234375, 0.03436279296875, 0.038543701171875, 0.05401611328125, 0.038665771484375, 0.0295257568359375, 0.10089111328125, 0.072509765625, 0.0682373046875, 0.120361328125, 0.11297607421875, 0.177001953125, 0.145751953125, 0.1778564453125, 0.11669921875, 0.1865234375, 0.0740966796875, 0.03692626953125, 0.03857421875, 0.1453857421875, 0.0384521484375, 0.00789642333984375, 0.0357666015625, 0.0039825439453125, 0.1070556640625, 0.038604736328125, 0.03863525390625, 0.23388671875, 0.038543701171875, 0.1353759765625, 0.04803466796875, 0.0809326171875, 0.0091552734375, 0.0345458984375, 0.234130859375, 0.0303192138671875, 0.038543701171875, 0.18896484375]}