{"indices": [10018, 101340, 101565, 10294, 1036, 10436, 105821, 105986, 10637, 1064, 10725, 10736, 10775, 108640, 11140, 112282, 1130, 113289, 11359, 114327, 114735, 117211, 1173, 1189, 12, 12002, 12250, 12272, 123433, 12510, 125190, 126858, 1278, 130576, 131595, 13160, 133704, 135018, 13723, 138, 138298, 139147, 1403, 14072, 143054, 147916, 14849, 149238, 149309, 15446, 15447, 154820, 155152, 15577, 15635, 15735, 15760, 157881, 1583, 15895, 16005, 16390, 165836, 167037, 172968, 17351, 1800, 18011, 18399, 184399, 18628, 187925, 1898, 190, 19186, 193488, 194348, 19543, 19563, 19613, 198607, 198611, 2003, 201, 20107, 202571, 202989, 203593, 206061, 2100, 213, 21445, 2212, 2229, 22479, 23585, 23906, 243688, 244794, 2458, 2476, 25621, 26595, 2672, 2698, 27221, 2830, 28406, 28933, 2996, 30477, 30812, 3136, 31874, 33272, 33541, 3490, 35114, 3615, 36563, 37, 3759, 3779, 37844, 3803, 38195, 38238, 3954, 3985, 4, 40231, 4035, 41011, 4114, 41247, 41740, 4185, 42037, 42597, 42643, 42709, 43, 43594, 4418, 4511, 45151, 45270, 46209, 47360, 4742, 47805, 48233, 49053, 4941, 50291, 50500, 5052, 5070, 50740, 5085, 51006, 514, 52700, 5364, 5370, 5410, 5412, 5838, 5841, 59384, 6, 60353, 61391, 62193, 6269, 63472, 65620, 65992, 66891, 68108, 7051, 71277, 71698, 724, 72963, 72964, 73827, 7488, 758, 77784, 7847, 789, 7949, 80098, 80308, 81606, 82922, 8312, 8316, 83277, 83914, 844, 8836, 8874, 9001, 9021, 91615, 9340, 9426, 94639, 96052, 9730, 9811, 99907], "values": [0.012908935546875, 0.0732421875, 0.10931396484375, 0.109375, 0.021728515625, 0.0215606689453125, 0.1636962890625, 0.04901123046875, 0.0209808349609375, 0.05120849609375, 0.10498046875, 0.1375732421875, 0.02020263671875, 0.12481689453125, 0.1690673828125, 0.21630859375, 0.048065185546875, 0.1357421875, 0.0209197998046875, 0.11798095703125, 0.13671875, 0.01235198974609375, 0.02154541015625, 0.03753662109375, 0.02130126953125, 0.08721923828125, 0.1343994140625, 0.08477783203125, 0.1676025390625, 0.037384033203125, 0.06390380859375, 0.1617431640625, 0.0215911865234375, 0.0194854736328125, 0.27685546875, 0.10321044921875, 0.1171875, 0.1309814453125, 0.0212860107421875, 0.0057220458984375, 0.18212890625, 0.22412109375, 0.00927734375, 0.05047607421875, 0.14501953125, 0.1534423828125, 0.0968017578125, 0.1588134765625, 0.07489013671875, 0.0816650390625, 0.0146484375, 0.1947021484375, 0.085693359375, 0.07208251953125, 0.02142333984375, 0.03582763671875, 0.0217437744140625, 0.0838623046875, 0.0877685546875, 0.02569580078125, 0.060211181640625, 0.01824951171875, 0.008758544921875, 0.12005615234375, 0.0161895751953125, 0.0217132568359375, 0.051666259765625, 0.01934814453125, 0.036346435546875, 0.04541015625, 0.102294921875, 0.2196044921875, 0.02142333984375, 0.2010498046875, 0.024169921875, 0.0139007568359375, 0.013702392578125, 0.13525390625, 0.020660400390625, 0.021087646484375, 0.09759521484375, 0.1729736328125, 0.020721435546875, 0.02178955078125, 0.0182037353515625, 0.11639404296875, 0.06341552734375, 0.1309814453125, 0.304443359375, 0.0206298828125, 0.01910400390625, 0.0259552001953125, 0.021514892578125, 0.025909423828125, 0.051116943359375, 0.021148681640625, 0.0208587646484375, 0.06280517578125, 0.07855224609375, 0.0216217041015625, 0.0440673828125, 0.1893310546875, 0.1448974609375, 0.021728515625, 0.037139892578125, 0.03692626953125, 0.00396728515625, 0.09912109375, 0.020965576171875, 0.041900634765625, 0.10809326171875, 0.08477783203125, 0.042999267578125, 0.0208282470703125, 0.1483154296875, 0.03662109375, 0.02191162109375, 0.01971435546875, 0.1514892578125, 0.03924560546875, 0.036956787109375, 0.02374267578125, 0.01922607421875, 0.117919921875, 0.02093505859375, 0.10791015625, 0.13623046875, 0.0318603515625, 0.021697998046875, 0.034271240234375, 0.0036029815673828125, 0.03021240234375, 0.123046875, 0.05621337890625, 0.01259613037109375, 0.03216552734375, 0.021728515625, 0.00576019287109375, 0.1683349609375, 0.1275634765625, 0.1761474609375, 0.021759033203125, 0.15380859375, 0.03472900390625, 0.04541015625, 0.042083740234375, 0.043487548828125, 0.041839599609375, 0.0207061767578125, 0.1641845703125, 0.0193634033203125, 0.01555633544921875, 0.08428955078125, 0.00949859619140625, 0.0850830078125, 0.103759765625, 0.0980224609375, 0.016265869140625, 0.00830078125, 0.1163330078125, 0.08660888671875, 0.0284271240234375, 0.063232421875, 0.08203125, 0.145751953125, 0.019622802734375, 0.152099609375, 0.021636962890625, 0.19482421875, 0.0175323486328125, 0.0330810546875, 0.176025390625, 0.049041748046875, 0.0090179443359375, 0.0865478515625, 0.00885009765625, 0.244140625, 0.05413818359375, 0.09869384765625, 0.01898193359375, 0.021759033203125, 0.1055908203125, 0.1446533203125, 0.154296875, 0.11676025390625, 0.19091796875, 0.04833984375, 0.047607421875, 0.17041015625, 0.102783203125, 0.07110595703125, 0.0216827392578125, 0.0755615234375, 0.0211334228515625, 0.0777587890625, 0.109130859375, 0.017486572265625, 0.128662109375, 0.11181640625, 0.022735595703125, 0.024658203125, 0.02166748046875, 0.0237274169921875, 0.05859375, 0.0217742919921875, 0.01885986328125, 0.151611328125, 0.047607421875, 0.1285400390625, 0.060943603515625, 0.09222412109375, 0.0121917724609375, 0.0192108154296875, 0.15380859375]}