{"indices": [10238, 1036, 10501, 106117, 10725, 108924, 109513, 111, 11140, 117, 1173, 12002, 125389, 12555, 127188, 1278, 12833, 1295, 13046, 130687, 132882, 13494, 136, 13692, 146204, 14641, 147916, 149238, 151185, 151966, 15373, 154820, 15635, 156502, 157666, 162429, 16356, 16623, 17085, 17154, 174159, 180, 18181, 1830, 18941, 1898, 19, 1965, 19699, 201106, 203859, 21077, 212141, 21245, 213, 21353, 22004, 228550, 23, 23128, 235079, 237, 23724, 2413, 24365, 25953, 2621, 264, 2797, 28343, 29081, 2961, 29738, 30, 30588, 3060, 3272, 3303, 3327, 33542, 34754, 354, 35509, 35687, 3615, 36288, 37, 37694, 3779, 38071, 38957, 39155, 39781, 4, 40956, 41011, 41247, 42643, 43, 44457, 4511, 45547, 46523, 4671, 47009, 47416, 48619, 5052, 5085, 5146, 51957, 52080, 53894, 5410, 5412, 54497, 5477, 55556, 562, 58093, 5841, 6, 6044, 6062, 62029, 621, 6226, 6269, 62952, 63507, 63928, 65508, 66733, 684, 6986, 7, 70, 7041, 71, 7150, 7165, 71924, 7200, 7382, 74, 757, 789, 7985, 80280, 8121, 81492, 8312, 844, 84492, 85665, 86685, 886, 9, 9021, 91615, 9420, 95947, 9636, 96499, 98], "values": [0.11810302734375, 0.0380859375, 0.0182342529296875, 0.17138671875, 0.01153564453125, 0.038055419921875, 0.0614013671875, 0.03802490234375, 0.218505859375, 0.10455322265625, 0.11981201171875, 0.03790283203125, 0.033905029296875, 0.0699462890625, 0.11309814453125, 0.10528564453125, 0.132080078125, 0.0377197265625, 0.045623779296875, 0.198974609375, 0.07049560546875, 0.0572509765625, 0.07476806640625, 0.0401611328125, 0.189453125, 0.1915283203125, 0.1385498046875, 0.127685546875, 0.10943603515625, 0.03204345703125, 0.05279541015625, 0.264892578125, 0.064697265625, 0.08636474609375, 0.134765625, 0.08929443359375, 0.03704833984375, 0.02960205078125, 0.0224456787109375, 0.2354736328125, 0.0557861328125, 0.146484375, 0.037811279296875, 0.038055419921875, 0.007434844970703125, 0.03790283203125, 0.037994384765625, 0.03778076171875, 0.020538330078125, 0.0682373046875, 0.0280303955078125, 0.04986572265625, 0.0738525390625, 0.01276397705078125, 0.037841796875, 0.02349853515625, 0.03466796875, 0.1439208984375, 0.03778076171875, 0.01305389404296875, 0.2177734375, 0.036041259765625, 0.1490478515625, 0.0377197265625, 0.20458984375, 0.1044921875, 0.037841796875, 0.03765869140625, 0.0380859375, 0.272216796875, 0.11346435546875, 0.0372314453125, 0.00897979736328125, 0.03790283203125, 0.00988006591796875, 0.0288238525390625, 0.037445068359375, 0.03558349609375, 0.037841796875, 0.11163330078125, 0.087646484375, 0.0379638671875, 0.163330078125, 0.022674560546875, 0.035980224609375, 0.03253173828125, 0.03802490234375, 0.0762939453125, 0.03741455078125, 0.0369873046875, 0.0823974609375, 0.037384033203125, 0.0341796875, 0.03802490234375, 0.212158203125, 0.11895751953125, 0.0023784637451171875, 0.0300445556640625, 0.03802490234375, 0.08056640625, 0.02740478515625, 0.0823974609375, 0.07513427734375, 0.035797119140625, 0.0499267578125, 0.152587890625, 0.11090087890625, 0.1650390625, 0.03790283203125, 0.0296783447265625, 0.149169921875, 0.29736328125, 0.250732421875, 0.09002685546875, 0.0276031494140625, 0.16455078125, 0.03753662109375, 0.2432861328125, 0.03753662109375, 0.0555419921875, 0.0271453857421875, 0.037994384765625, 0.035797119140625, 0.028228759765625, 0.177001953125, 0.037078857421875, 0.233154296875, 0.0657958984375, 0.06805419921875, 0.0550537109375, 0.13037109375, 0.129150390625, 0.1700439453125, 0.03668212890625, 0.1424560546875, 0.038055419921875, 0.037841796875, 0.238525390625, 0.03802490234375, 0.0217742919921875, 0.03900146484375, 0.07952880859375, 0.13623046875, 0.058441162109375, 0.0011491775512695312, 0.030303955078125, 0.036773681640625, 0.035980224609375, 0.061248779296875, 0.08868408203125, 0.256591796875, 0.070556640625, 0.0379638671875, 0.035736083984375, 0.0980224609375, 0.1915283203125, 0.03070068359375, 0.036346435546875, 0.03802490234375, 0.2138671875, 0.037384033203125, 0.2349853515625, 0.032867431640625, 0.1573486328125, 0.0811767578125]}