{"indices": [10220, 10433, 10776, 12, 13, 132442, 144000, 149, 172852, 19335, 21612, 23, 238478, 259, 26824, 272, 27686, 29089, 33049, 34153, 456, 46825, 5, 5337, 58994, 6024, 62005, 634, 65998, 69988, 7, 74, 76519, 83279, 84770, 9, 944], "values": [0.09466552734375, 0.143310546875, 0.133544921875, 0.0556640625, 0.07025146484375, 0.220458984375, 0.1884765625, 0.11956787109375, 0.156982421875, 0.128662109375, 0.047821044921875, 0.06256103515625, 0.1644287109375, 0.135009765625, 0.1295166015625, 0.1048583984375, 0.025604248046875, 0.12548828125, 0.206787109375, 0.1856689453125, 0.06439208984375, 0.1904296875, 0.0236053466796875, 0.1258544921875, 0.10491943359375, 0.192626953125, 0.1195068359375, 0.126708984375, 0.1829833984375, 0.1947021484375, 0.0005674362182617188, 0.0699462890625, 0.19189453125, 0.1500244140625, 0.2548828125, 0.01519012451171875, 0.041412353515625]}