{"indices": [10018, 101397, 101484, 10294, 10406, 10502, 1064, 106638, 10725, 107492, 10898, 11076, 112940, 11383, 118664, 1189, 1198, 12040, 120518, 12092, 1215, 12169, 12174, 123433, 12442, 13, 13160, 1317, 132, 133506, 13355, 1344, 134693, 138, 138357, 138666, 14072, 14349, 14371, 1441, 145581, 147916, 14830, 14920, 1493, 149309, 1516, 154820, 15658, 1583, 160127, 16623, 17236, 1726, 17376, 17619, 17676, 17729, 17742, 180, 182149, 1826, 18386, 18610, 188302, 19015, 1965, 198611, 20297, 203593, 20373, 206060, 20898, 2110, 212059, 213, 21476, 21596, 220760, 22103, 22256, 227330, 22981, 23072, 23128, 23556, 23767, 247, 2476, 24925, 25094, 25656, 2575, 2621, 264, 26595, 2698, 27299, 274, 276, 28675, 29328, 2961, 304, 3074, 30926, 31023, 3211, 3294, 3309, 3327, 33541, 33542, 339, 34285, 354, 35567, 36290, 36325, 37, 37509, 37866, 382, 384, 3846, 3985, 4, 40513, 41084, 41436, 418, 4280, 43, 43793, 4465, 45270, 4578, 4622, 4673, 46775, 472, 4723, 48412, 48575, 4970, 5001, 5032, 50355, 50429, 5133, 5226, 5260, 53399, 5364, 5525, 5531, 55838, 56356, 56721, 56926, 575, 5796, 594, 59739, 6, 61133, 618, 62193, 6335, 6349, 647, 66, 66207, 66277, 66930, 6696, 670, 6751, 68108, 6824, 68305, 684, 68414, 71277, 7272, 72963, 7409, 74171, 758, 7606, 7629, 77784, 789, 7911, 7949, 8112, 8173, 818, 8218, 82960, 836, 839, 844, 85255, 85815, 866, 86807, 87799, 8827, 89678, 90305, 9127, 91352, 91615, 92, 9420, 9470, 9636, 96499], "values": [0.031402587890625, 0.0933837890625, 0.08514404296875, 0.164306640625, 0.1253662109375, 0.0241851806640625, 0.0283203125, 0.10028076171875, 0.010040283203125, 0.1602783203125, 0.110107421875, 0.007396697998046875, 0.062286376953125, 0.146728515625, 0.2301025390625, 0.02032470703125, 0.024932861328125, 0.0604248046875, 0.07916259765625, 0.0021877288818359375, 0.023468017578125, 0.0234527587890625, 0.08203125, 0.20947265625, 0.1868896484375, 0.02374267578125, 0.01042938232421875, 0.0237579345703125, 0.00629425048828125, 0.07891845703125, 0.0238189697265625, 0.0247955322265625, 0.1279296875, 0.061767578125, 0.12237548828125, 0.1468505859375, 0.0076904296875, 0.0194244384765625, 0.033416748046875, 0.022918701171875, 0.20947265625, 0.185302734375, 0.13818359375, 0.022369384765625, 0.0251617431640625, 0.08270263671875, 0.0239105224609375, 0.165771484375, 0.08013916015625, 0.0237579345703125, 0.1068115234375, 0.11981201171875, 0.0245819091796875, 0.0188446044921875, 0.12030029296875, 0.194580078125, 0.022918701171875, 0.078125, 0.1080322265625, 0.103271484375, 0.1376953125, 0.0229034423828125, 0.042877197265625, 0.028106689453125, 0.036834716796875, 0.06414794921875, 0.024169921875, 0.1668701171875, 0.0037517547607421875, 0.07745361328125, 0.15234375, 0.06890869140625, 0.0262908935546875, 0.119873046875, 0.1380615234375, 0.028594970703125, 0.087646484375, 0.08489990234375, 0.06268310546875, 0.07183837890625, 0.08697509765625, 0.131591796875, 0.0281219482421875, 0.09613037109375, 0.09320068359375, 0.146240234375, 0.1533203125, 0.02386474609375, 0.0238494873046875, 0.0222320556640625, 0.2139892578125, 0.060516357421875, 0.136962890625, 0.1103515625, 0.017608642578125, 0.23193359375, 0.11529541015625, 0.0255126953125, 0.0241851806640625, 0.0270233154296875, 0.0176849365234375, 0.07232666015625, 0.024688720703125, 0.0190582275390625, 0.018524169921875, 0.03265380859375, 0.15576171875, 0.0218048095703125, 0.0249786376953125, 0.09613037109375, 0.0279693603515625, 0.054840087890625, 0.045318603515625, 0.062744140625, 0.054443359375, 0.02490234375, 0.10235595703125, 0.1802978515625, 0.04180908203125, 0.0240020751953125, 0.100341796875, 0.1158447265625, 0.044158935546875, 0.042510986328125, 0.0234527587890625, 0.0239410400390625, 0.025726318359375, 0.2203369140625, 0.0239105224609375, 0.03057861328125, 0.0203704833984375, 0.02313232421875, 0.0241851806640625, 0.07745361328125, 0.024627685546875, 0.10186767578125, 0.056640625, 0.1912841796875, 0.001972198486328125, 0.024139404296875, 0.043304443359375, 0.042205810546875, 0.045257568359375, 0.0211944580078125, 0.059906005859375, 0.0213470458984375, 0.046783447265625, 0.102783203125, 0.0167999267578125, 0.05853271484375, 0.15234375, 0.02496337890625, 0.20751953125, 0.168701171875, 0.11474609375, 0.06842041015625, 0.025177001953125, 0.1434326171875, 0.140380859375, 0.1512451171875, 0.023834228515625, 0.116943359375, 0.00222015380859375, 0.1446533203125, 0.026031494140625, 0.00899505615234375, 0.0243072509765625, 0.11859130859375, 0.08880615234375, 0.049713134765625, 0.047760009765625, 0.08148193359375, 0.0758056640625, 0.059295654296875, 0.10858154296875, 0.0147705078125, 0.11468505859375, 0.06878662109375, 0.09423828125, 0.01114654541015625, 0.09649658203125, 0.0235443115234375, 0.165771484375, 0.2169189453125, 0.202392578125, 0.265380859375, 0.0238494873046875, 0.1268310546875, 0.0218658447265625, 0.0789794921875, 0.055755615234375, 0.1168212890625, 0.0238494873046875, 0.1612548828125, 0.20654296875, 0.032562255859375, 0.0241241455078125, 0.0237274169921875, 0.008026123046875, 0.0823974609375, 0.12030029296875, 0.00734710693359375, 0.0241851806640625, 0.041046142578125, 0.12353515625, 0.0245208740234375, 0.0313720703125, 0.06195068359375, 0.049468994140625, 0.0830078125, 0.1810302734375, 0.0200653076171875, 0.0523681640625, 0.13525390625, 0.06634521484375, 0.058563232421875, 0.1583251953125, 0.0206756591796875, 0.19921875]}