{"indices": [10007, 10114, 10119, 10132, 1036, 1040, 10502, 1064, 1065, 10956, 11158, 112282, 1128, 113, 113289, 11383, 11608, 1173, 1189, 11909, 12, 12002, 12821, 13082, 132, 1328, 138298, 138577, 138666, 138790, 145407, 14841, 15, 1516, 153955, 1548, 15635, 157623, 1590, 16, 171597, 17183, 17236, 1726, 17737, 177609, 181297, 1826, 184402, 18646, 1898, 19543, 1988, 2003, 2058, 206061, 2110, 214374, 21596, 2229, 227330, 2308, 236691, 23767, 23862, 2391, 2490, 2575, 2621, 264, 268, 27825, 28051, 2830, 29100, 29268, 30, 304, 3172, 31874, 3195, 3294, 3327, 335, 35567, 35687, 363, 37, 3846, 38831, 4, 41436, 42851, 43, 434, 43631, 43977, 4465, 46410, 4723, 4791, 514, 51469, 53, 5477, 55432, 55673, 55960, 55964, 562, 563, 5702, 571, 5796, 594, 6, 617, 6233, 6376, 64, 64995, 66277, 66891, 684, 71277, 74, 7409, 7420, 758, 77495, 7840, 78562, 8173, 8539, 86282, 864, 87, 8836, 910, 91352, 919, 9420, 96499, 9811], "values": [0.0034046173095703125, 0.011444091796875, 0.07342529296875, 0.003681182861328125, 0.0294952392578125, 0.0119781494140625, 0.00331878662109375, 0.01216888427734375, 0.0118560791015625, 0.158447265625, 0.149169921875, 0.207763671875, 0.00998687744140625, 0.046539306640625, 0.21142578125, 0.08282470703125, 0.060760498046875, 0.07550048828125, 0.0223541259765625, 0.2100830078125, 0.01175689697265625, 0.011749267578125, 0.08721923828125, 0.0084228515625, 0.0117034912109375, 0.060821533203125, 0.1497802734375, 0.036651611328125, 0.07635498046875, 0.08245849609375, 0.07940673828125, 0.01357269287109375, 0.0116424560546875, 0.03662109375, 0.168701171875, 0.011962890625, 0.052001953125, 0.1541748046875, 0.1656494140625, 0.01216888427734375, 0.1192626953125, 0.01165771484375, 0.00626373291015625, 0.011260986328125, 0.01153564453125, 0.0301361083984375, 0.2052001953125, 0.130859375, 0.16015625, 0.03216552734375, 0.0711669921875, 0.04632568359375, 0.006908416748046875, 0.03387451171875, 0.005146026611328125, 0.3134765625, 0.1947021484375, 0.11761474609375, 0.1041259765625, 0.016082763671875, 0.103271484375, 0.01190185546875, 0.1259765625, 0.0281219482421875, 0.06732177734375, 0.01180267333984375, 0.055206298828125, 0.124755859375, 0.0121307373046875, 0.2037353515625, 0.01204681396484375, 0.03863525390625, 0.145751953125, 0.1163330078125, 0.049346923828125, 0.090576171875, 0.034759521484375, 0.1175537109375, 0.0119781494140625, 0.1993408203125, 0.042083740234375, 0.01206207275390625, 0.0121002197265625, 0.12420654296875, 0.0986328125, 0.0299835205078125, 0.1231689453125, 0.0027217864990234375, 0.007663726806640625, 0.0894775390625, 0.0120849609375, 0.044830322265625, 0.123291015625, 0.01195526123046875, 0.12371826171875, 0.05841064453125, 0.03839111328125, 0.01200103759765625, 0.09722900390625, 0.078125, 0.0104217529296875, 0.01220703125, 0.01230621337890625, 0.1766357421875, 0.1177978515625, 0.034942626953125, 0.0112457275390625, 0.058929443359375, 0.1031494140625, 0.0230255126953125, 0.11474609375, 0.06854248046875, 0.0443115234375, 0.08477783203125, 0.0244140625, 0.0236358642578125, 0.0067291259765625, 0.06512451171875, 0.01190948486328125, 0.003387451171875, 0.2252197265625, 0.123779296875, 0.18310546875, 0.0517578125, 0.211181640625, 0.011474609375, 0.15625, 0.07196044921875, 0.07269287109375, 0.00962066650390625, 0.128662109375, 0.01082611083984375, 0.0124664306640625, 0.041900634765625, 0.1700439453125, 0.08367919921875, 0.09027099609375, 0.0081939697265625, 0.068603515625, 0.051727294921875, 0.06793212890625, 0.1768798828125, 0.2119140625, 0.08001708984375]}