{"indices": [10018, 10132, 101340, 101565, 10161, 101744, 10238, 102528, 102753, 10294, 1034, 1036, 104, 10406, 10487, 10501, 10502, 1064, 10725, 107612, 10784, 108640, 109744, 11140, 11142, 11158, 111597, 112842, 114327, 1144, 114551, 115450, 1173, 11763, 1189, 11933, 119517, 12092, 121537, 12555, 12658, 1273, 127440, 1278, 12833, 13167, 132, 13293, 133099, 133704, 13447, 13494, 135018, 138843, 14023, 1403, 140575, 14072, 14144, 1420, 142580, 142691, 1441, 145681, 146204, 14641, 147916, 14920, 149238, 149716, 150313, 15256, 154820, 15522, 1589, 16, 16267, 164069, 17183, 1726, 174159, 17866, 178880, 180734, 18350, 185795, 18628, 18812, 1898, 1900, 19015, 190854, 19526, 19543, 19563, 19608, 1965, 196967, 201, 203593, 20716, 20861, 209914, 2122, 213, 214684, 21490, 2229, 226881, 227330, 2283, 23556, 235612, 238842, 2389, 23978, 239888, 2413, 24264, 2438, 24446, 2458, 25572, 25735, 25786, 26224, 264, 2672, 2719, 274, 27825, 28409, 29020, 29550, 30, 30263, 304, 3123, 3195, 32292, 32538, 3272, 3327, 3382, 34327, 34783, 35197, 354, 357, 3615, 36325, 36563, 36702, 37, 3744, 3759, 37727, 37866, 3893, 3933, 4, 40338, 4058, 41011, 41069, 4131, 41953, 42403, 42597, 42719, 42851, 4290, 43, 432, 43221, 4418, 4465, 4511, 45425, 46523, 4696, 470, 4723, 47805, 48619, 49409, 49755, 50286, 5052, 5070, 50807, 5085, 5133, 514, 51450, 5146, 515, 52611, 532, 53780, 5392, 5410, 5412, 5477, 56554, 572, 57415, 5796, 5838, 58397, 5841, 5873, 5998, 6, 6071, 62736, 63472, 6376, 6545, 6607, 66930, 674, 68089, 68107, 68414, 686, 6895, 69457, 6986, 71277, 7150, 7272, 72964, 73714, 74, 74193, 76177, 7688, 77284, 7847, 78791, 7880, 79337, 7949, 7985, 80098, 81025, 81224, 81443, 81529, 8173, 8312, 83852, 839, 844, 8488, 85090, 8585, 86431, 8827, 89275, 9, 9005, 9095, 91615, 94880, 95143, 95242, 96499], "values": [0.253173828125, 0.1129150390625, 0.20654296875, 0.1385498046875, 0.031707763671875, 0.0228118896484375, 0.12286376953125, 0.03179931640625, 0.0323486328125, 0.1201171875, 0.031829833984375, 0.031982421875, 0.06671142578125, 0.025054931640625, 0.031494140625, 0.18017578125, 0.0312042236328125, 0.03179931640625, 0.1163330078125, 0.032012939453125, 0.0318603515625, 0.167724609375, 0.1412353515625, 0.109619140625, 0.077880859375, 0.03192138671875, 0.0819091796875, 0.04461669921875, 0.169189453125, 0.062164306640625, 0.2030029296875, 0.1549072265625, 0.03173828125, 0.03192138671875, 0.031829833984375, 0.03192138671875, 0.2052001953125, 0.1231689453125, 0.0242919921875, 0.13232421875, 0.0273590087890625, 0.032135009765625, 0.0943603515625, 0.03173828125, 0.0298309326171875, 0.059600830078125, 0.02166748046875, 0.2000732421875, 0.031829833984375, 0.1778564453125, 0.1279296875, 0.07989501953125, 0.257568359375, 0.08050537109375, 0.07550048828125, 0.15087890625, 0.0736083984375, 0.03167724609375, 0.132568359375, 0.03173828125, 0.1463623046875, 0.032135009765625, 0.0131378173828125, 0.138671875, 0.08477783203125, 0.1024169921875, 0.2257080078125, 0.03179931640625, 0.217041015625, 0.30908203125, 0.201416015625, 0.038726806640625, 0.274169921875, 0.1226806640625, 0.031982421875, 0.031707763671875, 0.0318603515625, 0.1324462890625, 0.03167724609375, 0.03131103515625, 0.20703125, 0.0195159912109375, 0.1431884765625, 0.0228118896484375, 0.031890869140625, 0.1751708984375, 0.0160980224609375, 0.031585693359375, 0.089599609375, 0.1707763671875, 0.0308837890625, 0.12939453125, 0.11187744140625, 0.031646728515625, 0.0316162109375, 0.04913330078125, 0.031829833984375, 0.1708984375, 0.047576904296875, 0.040771484375, 0.032257080078125, 0.11859130859375, 0.1566162109375, 0.11383056640625, 0.036834716796875, 0.0797119140625, 0.06292724609375, 0.11029052734375, 0.0634765625, 0.1331787109375, 0.031829833984375, 0.03204345703125, 0.1561279296875, 0.054473876953125, 0.014801025390625, 0.0318603515625, 0.10125732421875, 0.032073974609375, 0.03179931640625, 0.212890625, 0.033905029296875, 0.12359619140625, 0.031951904296875, 0.035247802734375, 0.0272064208984375, 0.10589599609375, 0.031829833984375, 0.031585693359375, 0.031829833984375, 0.031890869140625, 0.029693603515625, 0.026947021484375, 0.07318115234375, 0.031982421875, 0.032379150390625, 0.1160888671875, 0.015625, 0.06768798828125, 0.03289794921875, 0.0225982666015625, 0.10223388671875, 0.031707763671875, 0.031890869140625, 0.0190582275390625, 0.0318603515625, 0.0309295654296875, 0.0594482421875, 0.054656982421875, 0.03155517578125, 0.1614990234375, 0.058197021484375, 0.0823974609375, 0.2076416015625, 0.032012939453125, 0.0545654296875, 0.10443115234375, 0.12188720703125, 0.10369873046875, 0.128662109375, 0.0318603515625, 0.045989990234375, 0.031951904296875, 0.031829833984375, 0.1307373046875, 0.026580810546875, 0.1524658203125, 0.045745849609375, 0.1463623046875, 0.1485595703125, 0.1951904296875, 0.158203125, 0.0155487060546875, 0.03192138671875, 0.11431884765625, 0.1116943359375, 0.1771240234375, 0.13525390625, 0.045501708984375, 0.10296630859375, 0.14306640625, 0.05535888671875, 0.135498046875, 0.0318603515625, 0.04742431640625, 0.2027587890625, 0.1566162109375, 0.08428955078125, 0.03204345703125, 0.1962890625, 0.09014892578125, 0.025787353515625, 0.181396484375, 0.0318603515625, 0.032135009765625, 0.031829833984375, 0.16162109375, 0.1571044921875, 0.1839599609375, 0.1107177734375, 0.079833984375, 0.0312347412109375, 0.168212890625, 0.0740966796875, 0.15966796875, 0.05438232421875, 0.050994873046875, 0.03192138671875, 0.032135009765625, 0.083740234375, 0.21826171875, 0.1025390625, 0.0309295654296875, 0.0274200439453125, 0.0318603515625, 0.024261474609375, 0.0256805419921875, 0.06964111328125, 0.031707763671875, 0.032196044921875, 0.03167724609375, 0.08831787109375, 0.03204345703125, 0.12469482421875, 0.056915283203125, 0.130859375, 0.190673828125, 0.031982421875, 0.0816650390625, 0.031463623046875, 0.2100830078125, 0.1053466796875, 0.1041259765625, 0.11688232421875, 0.10284423828125, 0.0382080078125, 0.2099609375, 0.1568603515625, 0.020782470703125, 0.058746337890625, 0.1259765625, 0.0958251953125, 0.11279296875, 0.0257110595703125, 0.05560302734375, 0.100830078125, 0.06787109375, 0.1143798828125, 0.13134765625, 0.031585693359375, 0.06817626953125, 0.039337158203125, 0.1590576171875, 0.2802734375, 0.046478271484375, 0.0318603515625, 0.1654052734375, 0.06298828125, 0.02508544921875, 0.0579833984375, 0.024078369140625, 0.023223876953125, 0.040496826171875, 0.09759521484375, 0.030670166015625, 0.2340087890625, 0.11834716796875, 0.057708740234375, 0.189208984375, 0.305908203125]}