{"indices": [100, 105553, 10617, 1064, 1073, 109997, 1104, 1105, 11062, 11192, 112763, 113289, 114732, 115558, 118732, 12, 12239, 12478, 125682, 129781, 129969, 130631, 132370, 133479, 1375, 14, 140429, 147546, 14905, 150313, 151159, 15124, 151654, 15635, 15811, 159415, 169073, 1733, 1809, 18947, 193943, 198620, 2026, 215180, 217863, 21855, 22905, 231502, 2356, 2357, 25217, 25585, 2583, 2609, 272, 277, 313, 31494, 345, 3742, 37992, 387, 3956, 4, 40139, 4396, 4418, 44713, 4602, 46473, 47311, 48262, 48448, 491, 52080, 54, 5596, 581, 6024, 61004, 62816, 634, 64, 66941, 68934, 707, 7198, 72392, 72804, 75023, 76924, 77007, 77758, 8, 80934, 8283, 8357, 84770, 8553, 87, 87398, 87673, 910, 9186, 919, 94632, 94940, 979, 98, 9876], "values": [0.052001953125, 0.11553955078125, 0.11834716796875, 0.00734710693359375, 0.1016845703125, 0.16748046875, 0.00978851318359375, 0.13134765625, 0.10577392578125, 0.08892822265625, 0.038604736328125, 0.08367919921875, 0.129150390625, 0.1353759765625, 0.11376953125, 0.018890380859375, 0.0919189453125, 0.06390380859375, 0.058929443359375, 0.2119140625, 0.1920166015625, 0.0247802734375, 0.129638671875, 0.0094451904296875, 0.055389404296875, 0.07989501953125, 0.152099609375, 0.018463134765625, 0.005126953125, 0.12274169921875, 0.05035400390625, 0.027923583984375, 0.07623291015625, 0.090576171875, 0.120849609375, 0.0634765625, 0.024658203125, 0.0877685546875, 0.1009521484375, 0.12646484375, 0.2454833984375, 0.117431640625, 0.1085205078125, 0.08184814453125, 0.1900634765625, 0.1820068359375, 0.058380126953125, 0.18310546875, 8.863210678100586e-05, 0.1470947265625, 0.14453125, 0.01020050048828125, 0.057861328125, 0.029815673828125, 0.00943756103515625, 0.10400390625, 0.055206298828125, 0.1649169921875, 0.0281524658203125, 0.0794677734375, 0.0767822265625, 0.025054931640625, 0.10882568359375, 0.017425537109375, 0.0533447265625, 0.10662841796875, 0.113525390625, 0.07330322265625, 0.039764404296875, 0.0214080810546875, 0.053802490234375, 0.054443359375, 0.1453857421875, 0.1279296875, 0.15478515625, 0.029815673828125, 0.08477783203125, 0.0164031982421875, 0.09393310546875, 0.142578125, 0.15380859375, 0.07415771484375, 0.0157318115234375, 0.109619140625, 0.13671875, 0.0107879638671875, 0.11737060546875, 0.1561279296875, 0.0316162109375, 0.08441162109375, 0.1456298828125, 0.094970703125, 0.101806640625, 0.1224365234375, 0.1768798828125, 0.01073455810546875, 0.13037109375, 0.2435302734375, 0.103271484375, 0.08673095703125, 0.056976318359375, 0.10980224609375, 0.031585693359375, 0.07635498046875, 0.1090087890625, 0.0513916015625, 0.071044921875, 0.03973388671875, 0.0037689208984375, 0.060791015625]}