{"indices": [10111, 10294, 104634, 10502, 10808, 108473, 109104, 11076, 11158, 11176, 1128, 112843, 1130, 114493, 116, 11763, 117904, 1189, 11991, 12002, 12025, 12174, 12187, 123433, 12568, 1278, 12833, 13160, 132, 1322, 132370, 13465, 134657, 138357, 13941, 1398, 1438, 143971, 1441, 147916, 148448, 14920, 153091, 15447, 154784, 154820, 15577, 15635, 156874, 1590, 16, 160127, 17183, 1726, 1800, 18148, 18197, 1826, 18317, 18350, 1842, 18770, 1892, 192033, 192469, 194159, 19759, 2003, 2037, 20373, 20499, 20543, 2110, 2122, 213, 21662, 22103, 22248, 2229, 22965, 2308, 2413, 24455, 247, 24925, 2609, 2621, 264, 26595, 26756, 274, 27502, 27953, 2839, 28706, 2935, 294, 30, 3169, 3272, 3302, 34636, 354, 35930, 36115, 36325, 37, 37866, 37950, 384, 391, 4, 4035, 41436, 42298, 42403, 4258, 43, 441, 4541, 45526, 4633, 46452, 465, 48413, 4945, 5016, 51184, 514, 53174, 5353, 53780, 53803, 5412, 5428, 5477, 5525, 5610, 56431, 5714, 57175, 575, 5796, 5873, 6, 615, 6370, 647, 65065, 6529, 66816, 66930, 68108, 6982, 71206, 71277, 714, 7165, 724, 7272, 72731, 7408, 74171, 7499, 74998, 75533, 757, 7744, 78631, 7949, 7977, 7985, 8119, 8261, 82683, 839, 8393, 84195, 853, 8545, 8585, 86030, 86518, 86807, 8827, 886, 9, 9011, 9021, 90305, 9075, 9127, 91615, 9186, 9193, 9267, 9340, 9420, 96499, 96600, 97904, 9916], "values": [0.1982421875, 0.16455078125, 0.08868408203125, 0.12744140625, 0.0022830963134765625, 0.10845947265625, 0.173828125, 0.0280609130859375, 0.0272064208984375, 0.1185302734375, 0.1121826171875, 0.1842041015625, 0.1053466796875, 0.0271453857421875, 0.0240936279296875, 0.08740234375, 0.0211944580078125, 0.02703857421875, 0.060577392578125, 0.1551513671875, 0.0386962890625, 0.1925048828125, 0.0276641845703125, 0.1309814453125, 0.00623321533203125, 0.02716064453125, 0.06689453125, 0.07861328125, 0.027191162109375, 0.027252197265625, 0.041778564453125, 0.0236053466796875, 0.0014858245849609375, 0.140869140625, 0.0144500732421875, 0.0267181396484375, 0.1788330078125, 0.1890869140625, 0.0306243896484375, 0.177001953125, 0.2103271484375, 0.00213623046875, 0.0374755859375, 0.0024738311767578125, 0.12347412109375, 0.25634765625, 0.07501220703125, 0.10638427734375, 0.2330322265625, 0.08673095703125, 0.02716064453125, 0.1341552734375, 0.040924072265625, 0.017364501953125, 0.09466552734375, 0.14208984375, 0.032501220703125, 0.034423828125, 0.032196044921875, 0.113525390625, 0.02838134765625, 0.027130126953125, 0.0628662109375, 0.18017578125, 0.02874755859375, 0.010101318359375, 0.09588623046875, 0.12060546875, 0.06549072265625, 0.1397705078125, 0.16845703125, 0.1961669921875, 0.12261962890625, 0.12384033203125, 0.0280303955078125, 0.013885498046875, 0.1353759765625, 0.00502777099609375, 0.08306884765625, 0.01090240478515625, 0.0273284912109375, 0.0263671875, 0.1519775390625, 0.0284576416015625, 0.15576171875, 0.07958984375, 0.0272979736328125, 0.0692138671875, 0.19873046875, 0.132568359375, 0.027313232421875, 0.12103271484375, 0.055572509765625, 0.027069091796875, 0.075927734375, 0.0023059844970703125, 0.0269317626953125, 0.02679443359375, 0.042999267578125, 0.0272216796875, 0.0223388671875, 0.1527099609375, 0.0273590087890625, 0.1636962890625, 0.26220703125, 0.1326904296875, 0.0271148681640625, 0.15771484375, 0.042755126953125, 0.11749267578125, 0.01354217529296875, 0.041717529296875, 0.028228759765625, 0.029388427734375, 0.08636474609375, 0.1163330078125, 0.043914794921875, 0.027740478515625, 0.0218048095703125, 0.01419830322265625, 0.060394287109375, 0.06005859375, 0.027923583984375, 0.0273895263671875, 0.1483154296875, 0.01690673828125, 0.059722900390625, 0.11065673828125, 0.0273284912109375, 0.0242919921875, 0.01071929931640625, 0.06890869140625, 0.06256103515625, 0.0091094970703125, 0.003665924072265625, 0.1480712890625, 0.12152099609375, 0.0256500244140625, 0.0107574462890625, 0.09417724609375, 0.080078125, 0.027252197265625, 0.16259765625, 0.061248779296875, 0.0279693603515625, 0.026947021484375, 0.021392822265625, 0.081787109375, 0.07891845703125, 0.033660888671875, 0.0276641845703125, 0.1561279296875, 0.037689208984375, 0.026458740234375, 0.0274505615234375, 0.2255859375, 0.068359375, 0.0275726318359375, 0.02337646484375, 0.087158203125, 0.19140625, 0.027801513671875, 0.1385498046875, 0.1483154296875, 0.1304931640625, 0.1373291015625, 0.02740478515625, 0.00566864013671875, 0.0943603515625, 0.11529541015625, 0.027435302734375, 0.040130615234375, 0.0220184326171875, 0.033843994140625, 0.150146484375, 0.22021484375, 0.04095458984375, 0.0143890380859375, 0.0174560546875, 0.1544189453125, 0.116943359375, 0.0278472900390625, 0.1282958984375, 0.09844970703125, 0.05718994140625, 0.0209197998046875, 0.030426025390625, 0.033599853515625, 0.027313232421875, 0.1290283203125, 0.09759521484375, 0.21044921875, 0.213623046875, 0.0335693359375, 0.12115478515625, 0.05426025390625, 0.1484375, 0.1312255859375, 0.2861328125, 0.168701171875, 0.06317138671875, 0.163818359375]}