{"indices": [10018, 10043, 1036, 104, 1040, 10502, 1052, 105820, 1064, 107033, 109981, 1104, 1112, 112282, 1130, 113289, 114493, 1189, 12231, 12239, 12272, 123433, 12450, 12513, 12767, 12833, 1288, 129274, 131595, 132, 13338, 1344, 134693, 136563, 138298, 138666, 13941, 1403, 140357, 140443, 14154, 143971, 147748, 147916, 149309, 152961, 15362, 154442, 15447, 155465, 15635, 156732, 159, 16, 162408, 16625, 170768, 17183, 17446, 177593, 179642, 1837, 187372, 188302, 18922, 189459, 1898, 190, 19015, 19186, 1955, 196256, 20, 202989, 203593, 204529, 206061, 209, 2101, 213, 2150, 21960, 224561, 23060, 2308, 236691, 237637, 23830, 2391, 243507, 2490, 24970, 25155, 2615, 2668, 2681, 27221, 27246, 27948, 2797, 2830, 289, 2961, 304, 31023, 31874, 3322, 3327, 33479, 33541, 34616, 3490, 35567, 36115, 363, 37090, 3759, 37703, 37866, 38195, 382, 38831, 39, 39386, 4, 4058, 41084, 41247, 42037, 423, 42750, 4280, 42851, 43, 436, 44134, 4432, 4578, 46, 4624, 4696, 4723, 47348, 47424, 4791, 4814, 483, 48400, 48412, 49125, 5, 5070, 514, 5146, 51545, 5353, 5364, 5483, 5525, 55487, 55940, 55960, 5610, 5702, 571, 5714, 573, 5873, 59835, 6, 6087, 61026, 617, 63472, 63709, 6376, 64, 6443, 65510, 6570, 66891, 6710, 7, 72034, 72187, 73068, 7420, 7657, 7770, 78631, 7985, 81025, 844, 8481, 88868, 9001, 9075, 91615, 9186, 9340, 9378, 9420, 963, 96740, 9744, 9811, 98771, 9989], "values": [0.1697998046875, 0.05560302734375, 0.019561767578125, 0.052947998046875, 0.0184326171875, 0.1405029296875, 0.1561279296875, 0.0258941650390625, 0.01800537109375, 0.019927978515625, 0.019744873046875, 0.0093536376953125, 0.07373046875, 0.1932373046875, 0.10260009765625, 0.19091796875, 0.00836944580078125, 0.039886474609375, 0.052886962890625, 0.176513671875, 0.061187744140625, 0.226318359375, 0.0195465087890625, 0.035125732421875, 0.1328125, 0.07513427734375, 0.160400390625, 0.057586669921875, 0.214599609375, 0.0197906494140625, 0.07904052734375, 0.01885986328125, 0.0853271484375, 0.01904296875, 0.1654052734375, 0.1265869140625, 0.05316162109375, 0.024505615234375, 0.117919921875, 0.030029296875, 0.10693359375, 0.125732421875, 0.1282958984375, 0.2481689453125, 0.1767578125, 0.1536865234375, 0.1787109375, 0.09881591796875, 0.1031494140625, 0.01123046875, 0.1417236328125, 0.11712646484375, 0.006317138671875, 0.019775390625, 0.20263671875, 0.0965576171875, 0.1195068359375, 0.01763916015625, 0.00754547119140625, 0.105712890625, 0.0198974609375, 0.0201416015625, 0.09991455078125, 0.132080078125, 0.09967041015625, 0.0199127197265625, 0.020721435546875, 0.0031452178955078125, 0.0195770263671875, 0.1551513671875, 0.01212310791015625, 0.09735107421875, 0.0193939208984375, 0.01470947265625, 0.169189453125, 0.03460693359375, 0.326171875, 0.0011081695556640625, 0.07037353515625, 0.03729248046875, 0.041656494140625, 0.0517578125, 0.162841796875, 0.0411376953125, 0.0236358642578125, 0.08282470703125, 0.0108642578125, 0.0006246566772460938, 0.04254150390625, 0.196044921875, 0.06231689453125, 0.10992431640625, 0.0924072265625, 0.09320068359375, 0.051971435546875, 0.031951904296875, 0.04583740234375, 0.10321044921875, 0.09259033203125, 0.06805419921875, 0.08428955078125, 0.1219482421875, 0.0183868408203125, 0.0191192626953125, 0.036163330078125, 0.0628662109375, 0.019287109375, 0.01971435546875, 0.050262451171875, 0.01023101806640625, 0.0196380615234375, 0.0198516845703125, 0.0196990966796875, 0.09124755859375, 0.042205810546875, 0.0032176971435546875, 0.056427001953125, 0.0762939453125, 0.13134765625, 0.0986328125, 0.0169219970703125, 0.06365966796875, 0.0277099609375, 0.0430908203125, 0.0198516845703125, 0.00252532958984375, 0.045928955078125, 0.1263427734375, 0.1033935546875, 0.037353515625, 0.079833984375, 0.0103759765625, 0.0592041015625, 0.01971435546875, 0.04888916015625, 0.00577545166015625, 0.036163330078125, 0.045654296875, 0.027099609375, 0.06787109375, 0.0185699462890625, 0.0181732177734375, 0.10882568359375, 0.05670166015625, 0.019805908203125, 0.07562255859375, 0.0184478759765625, 0.017547607421875, 0.0008397102355957031, 0.09765625, 0.0195159912109375, 0.06646728515625, 0.013214111328125, 0.06842041015625, 0.0016622543334960938, 0.0020923614501953125, 0.15478515625, 0.0684814453125, 0.01495361328125, 0.014190673828125, 0.019317626953125, 0.11676025390625, 0.012237548828125, 0.054595947265625, 0.09027099609375, 0.07000732421875, 0.039703369140625, 0.0516357421875, 0.014678955078125, 0.0347900390625, 0.018341064453125, 0.09130859375, 0.06146240234375, 0.1409912109375, 0.0030117034912109375, 0.031646728515625, 0.0198211669921875, 0.0189056396484375, 0.0162506103515625, 0.018585205078125, 0.208740234375, 0.01045989990234375, 0.0196533203125, 0.0850830078125, 0.1141357421875, 0.0189361572265625, 0.0576171875, 0.00872039794921875, 0.03948974609375, 0.1595458984375, 0.02484130859375, 0.1663818359375, 0.0206756591796875, 0.07391357421875, 0.1162109375, 0.014495849609375, 0.01910400390625, 0.082763671875, 0.1658935546875, 0.1697998046875, 0.016082763671875, 0.0433349609375, 0.073974609375, 0.036407470703125, 0.07781982421875, 0.11016845703125, 0.053497314453125, 0.01715087890625]}