{"indices": [10, 100, 10220, 10433, 106117, 106804, 10776, 11, 111, 11856, 13, 132442, 136, 142, 144000, 145, 146797, 149, 152018, 157, 15811, 16466, 172482, 172852, 17368, 1830, 187016, 188, 190659, 191619, 191984, 19335, 193943, 197118, 207583, 214, 21612, 22, 223, 224588, 2263, 22691, 23, 234873, 238478, 259, 26073, 26370, 26824, 27198, 272, 27315, 27686, 27771, 2874, 289, 29089, 297, 29806, 29823, 30388, 3075, 32255, 33180, 34153, 35604, 3638, 36716, 3956, 4, 42485, 44188, 456, 4677, 47, 47691, 4935, 50339, 5281, 53333, 5337, 538, 54497, 56, 57119, 581, 58838, 58994, 59869, 6, 6024, 60266, 62005, 634, 65998, 67, 69307, 69988, 7, 70, 70460, 76519, 80234, 83279, 84770, 87758, 8877, 9, 90791, 944, 96391], "values": [0.12030029296875, 0.026214599609375, 0.127197265625, 0.131591796875, 0.1295166015625, 0.0286712646484375, 0.1734619140625, 0.01479339599609375, 0.0048828125, 0.03216552734375, 0.0153045654296875, 0.15625, 0.024139404296875, 0.01511383056640625, 0.2225341796875, 0.1436767578125, 0.09014892578125, 0.139404296875, 0.1807861328125, 0.061737060546875, 0.05413818359375, 0.275390625, 0.1004638671875, 0.047698974609375, 0.0101318359375, 0.07391357421875, 0.1265869140625, 0.09222412109375, 0.1097412109375, 0.1734619140625, 0.1243896484375, 0.154541015625, 0.23681640625, 0.12152099609375, 0.079833984375, 0.01519012451171875, 0.07611083984375, 0.00640106201171875, 0.01507568359375, 0.1639404296875, 0.08917236328125, 0.028564453125, 0.049896240234375, 0.268310546875, 0.271728515625, 0.130859375, 0.271484375, 0.1710205078125, 0.1251220703125, 0.26318359375, 0.04901123046875, 0.15185546875, 0.01508331298828125, 0.015045166015625, 0.1500244140625, 0.01525115966796875, 0.14892578125, 0.01497650146484375, 0.1295166015625, 0.1376953125, 0.2138671875, 0.0814208984375, 0.01139068603515625, 0.1409912109375, 0.1646728515625, 0.1217041015625, 0.1368408203125, 0.1822509765625, 0.0946044921875, 0.01506805419921875, 0.1285400390625, 0.1746826171875, 0.1744384765625, 0.0789794921875, 0.00901031494140625, 0.095703125, 0.0150604248046875, 0.06219482421875, 0.2447509765625, 0.035919189453125, 0.099853515625, 0.01514434814453125, 0.126953125, 0.0675048828125, 0.146484375, 0.038360595703125, 0.1654052734375, 0.062408447265625, 0.07305908203125, 0.01511383056640625, 0.1502685546875, 0.10693359375, 0.1510009765625, 0.1390380859375, 0.1527099609375, 0.0162506103515625, 0.0980224609375, 0.169189453125, 0.01528167724609375, 0.01517486572265625, 0.10711669921875, 0.08782958984375, 0.12353515625, 0.15869140625, 0.242919921875, 0.1842041015625, 0.11053466796875, 0.014862060546875, 0.06683349609375, 0.0150299072265625, 0.1883544921875]}