{"indices": [10018, 100243, 10043, 101340, 101484, 10294, 103055, 1034, 1036, 10501, 105596, 105740, 105986, 1064, 106636, 10898, 10919, 11158, 112737, 1130, 113289, 11340, 114016, 114327, 114735, 1173, 11763, 1189, 118917, 12, 12272, 123433, 126858, 127758, 12833, 1288, 131595, 132, 13355, 133704, 1344, 13494, 135455, 136780, 138298, 138586, 138666, 140283, 140357, 14072, 14140, 14144, 14351, 143971, 147916, 14849, 148556, 149309, 151966, 152961, 155440, 15577, 156732, 15760, 157623, 157881, 1580, 1583, 1588, 15895, 16, 16408, 16574, 16687, 167037, 170768, 171597, 1726, 174160, 17619, 177702, 178130, 1826, 184521, 1879, 187925, 188302, 189574, 1898, 190, 19015, 1906, 19065, 1930, 193488, 194348, 19558, 1971, 197179, 1988, 2003, 2008, 20107, 20146, 201922, 202296, 202571, 202989, 203289, 203593, 205892, 206060, 206061, 21275, 213, 213964, 21884, 2212, 226881, 23767, 244889, 2458, 24888, 24925, 25572, 25621, 2621, 2649, 26595, 2672, 26871, 27299, 28226, 28343, 28406, 28675, 28717, 28933, 2954, 30060, 3024, 30263, 30530, 3136, 3148, 3169, 3172, 3272, 33479, 33704, 3490, 35114, 35452, 3694, 37, 37727, 3846, 38831, 39453, 39733, 39781, 3985, 4, 40019, 4015, 40231, 4035, 41084, 41436, 41632, 4185, 42643, 42750, 43, 4457, 4465, 45270, 45425, 45526, 46209, 46473, 470, 4723, 47805, 49053, 49125, 49131, 5032, 50500, 5052, 51006, 5133, 514, 5148, 5260, 5312, 5364, 5370, 5384, 5525, 56356, 56699, 56721, 56926, 5714, 5838, 58880, 59110, 59384, 59470, 59535, 6, 6071, 62193, 62882, 630, 63472, 63708, 65049, 6518, 6607, 66277, 66891, 66930, 6881, 71277, 724, 7355, 73827, 7420, 7488, 758, 7949, 8042, 8105, 81337, 82922, 8312, 83277, 844, 85564, 87673, 8869, 9, 9005, 90305, 9042, 91615, 91704, 92905, 9378, 9426, 9470, 9557, 9636, 9730, 9788, 9811, 98273, 99278], "values": [0.160888671875, 0.0950927734375, 0.07183837890625, 0.1925048828125, 0.0850830078125, 0.0963134765625, 0.1947021484375, 0.0195465087890625, 0.019378662109375, 0.11865234375, 0.0190887451171875, 0.1683349609375, 0.05706787109375, 0.05364990234375, 0.14697265625, 0.0924072265625, 0.01297760009765625, 0.042633056640625, 0.164794921875, 0.01953125, 0.1575927734375, 0.018035888671875, 0.053924560546875, 0.0538330078125, 0.149658203125, 0.0177764892578125, 0.0192108154296875, 0.0186309814453125, 0.0833740234375, 0.020782470703125, 0.126708984375, 0.2080078125, 0.144287109375, 0.03118896484375, 0.10345458984375, 0.0200347900390625, 0.30810546875, 0.018524169921875, 0.009857177734375, 0.1175537109375, 0.049072265625, 0.083740234375, 0.0257110595703125, 0.15478515625, 0.2445068359375, 0.2352294921875, 0.1295166015625, 0.1949462890625, 0.0195465087890625, 0.07513427734375, 0.1519775390625, 0.129150390625, 0.0260772705078125, 0.0394287109375, 0.2095947265625, 0.09283447265625, 0.044769287109375, 0.0931396484375, 0.0186920166015625, 0.134033203125, 0.1097412109375, 0.0572509765625, 0.1710205078125, 0.0156402587890625, 0.0860595703125, 0.042938232421875, 0.05902099609375, 0.0193634033203125, 0.0177001953125, 0.0171051025390625, 0.0196533203125, 0.081298828125, 0.0229949951171875, 0.059783935546875, 0.12158203125, 0.055694580078125, 0.0166168212890625, 0.0236663818359375, 0.06414794921875, 0.1202392578125, 0.0943603515625, 0.07574462890625, 7.569789886474609e-06, 0.1263427734375, 0.0191192626953125, 0.103759765625, 0.13818359375, 0.11431884765625, 0.01739501953125, 0.1434326171875, 0.05401611328125, 0.036468505859375, 0.035858154296875, 0.0280303955078125, 0.032745361328125, 0.111083984375, 0.0008878707885742188, 0.022186279296875, 0.0657958984375, 0.01702880859375, 0.01934814453125, 0.017303466796875, 0.10052490234375, 0.059173583984375, 0.12890625, 0.2052001953125, 0.09716796875, 0.006866455078125, 0.09844970703125, 0.220458984375, 0.1075439453125, 0.01253509521484375, 0.314453125, 0.0533447265625, 0.01885986328125, 0.21826171875, 0.019744873046875, 0.15283203125, 0.1236572265625, 0.0156402587890625, 0.161376953125, 0.017974853515625, 0.1607666015625, 0.058563232421875, 0.0036449432373046875, 0.11962890625, 0.0183258056640625, 0.013397216796875, 0.1832275390625, 0.0274810791015625, 0.022857666015625, 0.0194549560546875, 0.05035400390625, 0.09381103515625, 0.0245361328125, 0.01422882080078125, 0.1295166015625, 0.15478515625, 0.0195465087890625, 0.059173583984375, 0.008270263671875, 0.17578125, 0.1383056640625, 0.11480712890625, 0.08428955078125, 0.04608154296875, 0.002620697021484375, 0.128662109375, 0.09503173828125, 0.10791015625, 0.0195465087890625, 0.155517578125, 0.07244873046875, 0.0017261505126953125, 0.0195159912109375, 0.1243896484375, 0.0192108154296875, 0.01226806640625, 0.07220458984375, 0.0174102783203125, 0.0182342529296875, 0.0188446044921875, 0.0210418701171875, 0.1806640625, 0.016998291015625, 0.0237274169921875, 0.004199981689453125, 0.019500732421875, 0.0232391357421875, 0.00592041015625, 0.016693115234375, 0.16162109375, 0.0201263427734375, 0.0196685791015625, 0.1224365234375, 0.015625, 0.1378173828125, 0.08856201171875, 0.0212860107421875, 0.018768310546875, 0.1920166015625, 0.0180511474609375, 0.05303955078125, 0.09765625, 0.09063720703125, 0.2025146484375, 0.018768310546875, 0.0186920166015625, 0.0872802734375, 0.1287841796875, 0.05755615234375, 0.0182647705078125, 0.01812744140625, 0.09881591796875, 0.0190582275390625, 0.0182037353515625, 0.1585693359375, 0.1009521484375, 0.0216217041015625, 0.0191650390625, 0.06304931640625, 0.005340576171875, 0.111572265625, 0.06756591796875, 0.1318359375, 0.01934814453125, 0.11920166015625, 0.0216217041015625, 0.140625, 0.1600341796875, 0.0176849365234375, 0.0195465087890625, 0.0233154296875, 0.0177459716796875, 0.18310546875, 0.0186614990234375, 0.0111083984375, 0.131591796875, 0.11505126953125, 0.01947021484375, 0.0670166015625, 0.1312255859375, 0.01617431640625, 0.1412353515625, 0.0156402587890625, 0.2086181640625, 0.1595458984375, 0.2039794921875, 0.1336669921875, 0.0771484375, 0.06451416015625, 0.143798828125, 0.056640625, 0.0169830322265625, 0.058502197265625, 0.128662109375, 0.09063720703125, 0.10809326171875, 0.01934814453125, 0.0192413330078125, 0.151611328125, 0.17724609375, 0.018035888671875, 0.01922607421875, 0.08160400390625, 0.1446533203125, 0.12408447265625, 0.1212158203125, 0.12188720703125, 0.1671142578125, 0.1417236328125, 0.0986328125, 0.01678466796875, 0.11962890625, 0.0185546875, 0.148681640625, 0.03363037109375, 0.1287841796875, 0.042388916015625, 0.1749267578125]}