{"indices": [10007, 10043, 102038, 10294, 1034, 104, 1040, 10406, 10436, 104634, 10502, 105085, 106, 10637, 1064, 10808, 10898, 109104, 10994, 11, 11176, 11189, 1130, 113289, 113325, 11372, 11383, 114493, 11608, 11833, 12002, 120883, 121537, 12256, 12272, 12370, 12568, 1278, 12833, 13046, 132370, 134657, 138170, 1388, 140283, 1441, 1456, 14920, 1493, 15, 1516, 153091, 154820, 15635, 156874, 15768, 1589, 16, 165537, 165648, 16574, 16623, 168832, 17183, 1726, 17989, 18148, 18351, 1842, 1898, 19015, 190499, 1906, 19543, 1965, 196635, 1988, 2003, 20373, 20543, 20716, 2100, 210897, 2110, 213, 213072, 21384, 21596, 21884, 2203, 2213, 22981, 2308, 23730, 238, 243754, 25094, 25322, 25882, 2621, 264, 274, 275, 27502, 27825, 29268, 29328, 30, 30792, 31023, 3182, 3272, 3275, 3294, 3327, 33272, 335, 34517, 347, 3490, 354, 35567, 36, 361, 37694, 37950, 38603, 39, 391, 4, 41011, 41436, 43, 4382, 4528, 465, 4673, 4723, 4742, 47805, 48332, 48412, 4941, 4945, 5133, 51374, 514, 5146, 5226, 53174, 53399, 5370, 5410, 5412, 5428, 5477, 5525, 55960, 5610, 5615, 571, 5714, 57175, 575, 57847, 5796, 59078, 5955, 6, 601, 6193, 64, 64172, 64577, 66277, 6710, 6751, 68003, 68108, 6824, 69184, 69286, 7, 706, 71, 724, 7272, 72750, 729, 7408, 74171, 74998, 757, 7606, 78631, 789, 7949, 7977, 79875, 79879, 805, 81025, 83554, 8393, 8513, 86518, 87485, 9021, 9075, 91615, 92, 93423, 9420, 9426, 955, 95583, 96, 963, 96499, 96600, 97904], "values": [0.0303955078125, 0.022735595703125, 0.00363922119140625, 0.059112548828125, 0.029571533203125, 0.054779052734375, 0.0306396484375, 0.103271484375, 0.04998779296875, 0.06939697265625, 0.04217529296875, 0.02532958984375, 0.0290069580078125, 0.0997314453125, 0.1107177734375, 0.01294708251953125, 0.0194549560546875, 0.1573486328125, 0.0005784034729003906, 0.01058197021484375, 0.12158203125, 0.11285400390625, 0.103271484375, 0.136962890625, 0.047821044921875, 0.14453125, 0.035736083984375, 0.021728515625, 0.0977783203125, 0.002040863037109375, 0.151611328125, 0.032012939453125, 0.1240234375, 0.084228515625, 0.1038818359375, 0.03070068359375, 0.030029296875, 0.03057861328125, 0.1534423828125, 0.2052001953125, 0.050079345703125, 0.036651611328125, 0.1275634765625, 0.0300140380859375, 0.1956787109375, 0.07061767578125, 0.10528564453125, 0.01934814453125, 0.045806884765625, 0.030426025390625, 0.097900390625, 0.028228759765625, 0.199462890625, 0.1578369140625, 0.232421875, 0.1031494140625, 0.029327392578125, 0.030517578125, 0.1600341796875, 0.23828125, 0.12335205078125, 0.11224365234375, 0.0290069580078125, 0.0304107666015625, 0.030487060546875, 0.050811767578125, 0.1746826171875, 0.20458984375, 0.0174407958984375, 0.1497802734375, 0.038787841796875, 0.1859130859375, 0.1435546875, 0.06878662109375, 0.028564453125, 0.293701171875, 0.0305023193359375, 0.11383056640625, 0.049285888671875, 0.206298828125, 0.041412353515625, 0.0255126953125, 0.10540771484375, 0.0296173095703125, 0.0307464599609375, 0.1578369140625, 0.01812744140625, 0.1497802734375, 0.03076171875, 0.0294036865234375, 0.0298614501953125, 0.068603515625, 0.0306243896484375, 0.1336669921875, 0.0185089111328125, 0.154052734375, 0.1466064453125, 0.10614013671875, 0.0762939453125, 0.0304412841796875, 0.059906005859375, 0.03057861328125, 0.0264739990234375, 0.09002685546875, 0.09759521484375, 0.0789794921875, 0.046630859375, 0.0301513671875, 0.136962890625, 0.0628662109375, 0.0628662109375, 0.0303955078125, 0.0374755859375, 0.05218505859375, 0.0299530029296875, 0.171142578125, 0.06268310546875, 0.205810546875, 0.0523681640625, 0.08740234375, 0.030303955078125, 0.169189453125, 0.0295867919921875, 0.0980224609375, 0.11492919921875, 0.01043701171875, 0.0198974609375, 0.07720947265625, 0.035552978515625, 0.030670166015625, 0.1336669921875, 0.02532958984375, 0.0307769775390625, 0.1522216796875, 0.0838623046875, 0.02337646484375, 0.036956787109375, 0.0298309326171875, 0.0307159423828125, 0.06207275390625, 0.00870513916015625, 0.05364990234375, 0.0272369384765625, 0.00428009033203125, 0.1259765625, 0.25439453125, 0.03070068359375, 0.086181640625, 0.034912109375, 0.05010986328125, 0.1031494140625, 0.056243896484375, 0.02587890625, 0.003025054931640625, 0.0071868896484375, 0.24072265625, 0.2020263671875, 0.1573486328125, 0.037078857421875, 0.042816162109375, 0.10455322265625, 0.07427978515625, 0.10577392578125, 0.051971435546875, 0.0626220703125, 0.024749755859375, 0.0191650390625, 0.11871337890625, 0.0304107666015625, 0.088134765625, 0.0892333984375, 0.041229248046875, 0.050567626953125, 0.03753662109375, 0.077880859375, 0.09991455078125, 0.032135009765625, 0.03851318359375, 0.04693603515625, 0.073486328125, 0.023681640625, 0.17822265625, 0.136962890625, 0.022918701171875, 0.0267486572265625, 0.024200439453125, 0.132568359375, 0.12017822265625, 0.0238494873046875, 0.022613525390625, 0.07623291015625, 0.174560546875, 0.0775146484375, 0.07879638671875, 0.19873046875, 0.03070068359375, 0.0928955078125, 0.03076171875, 0.2235107421875, 0.05145263671875, 0.158203125, 0.1092529296875, 0.03045654296875, 0.01490020751953125, 0.030059814453125, 0.13134765625, 0.08966064453125, 0.030548095703125, 0.10369873046875, 0.2139892578125, 0.0289154052734375, 0.1380615234375, 0.0831298828125, 0.04815673828125, 0.030609130859375, 0.207763671875, 0.0214691162109375, 0.0830078125, 0.173828125, 0.268310546875, 0.06256103515625]}