{"indices": [10018, 100296, 10109, 10119, 101565, 10502, 1052, 105820, 1064, 109104, 11013, 11298, 1130, 113289, 114493, 1189, 12002, 12239, 122566, 1288, 128896, 13368, 138298, 139117, 1395, 14, 143971, 14700, 14841, 15, 1516, 152961, 153091, 15363, 154820, 15689, 1583, 159619, 16005, 16019, 16619, 167564, 1677, 168108, 17, 170152, 17183, 17619, 18, 18542, 1879, 1898, 19186, 193956, 195372, 195951, 1965, 199493, 202989, 206061, 210780, 216513, 220703, 220760, 224561, 23204, 235121, 238, 23862, 243507, 244148, 246847, 2476, 2490, 25406, 25931, 264, 2745, 2797, 28051, 28155, 2825, 28270, 29979, 30263, 30792, 31697, 3294, 33000, 334, 34616, 3490, 3759, 38071, 38192, 38603, 3909, 41247, 41265, 42, 420, 42181, 42505, 42851, 43, 44134, 46410, 47348, 4814, 501, 50291, 5032, 50817, 5211, 5392, 5477, 55054, 55964, 56356, 5702, 57175, 5796, 594, 61026, 6570, 71277, 7420, 75208, 757, 7770, 78562, 7949, 808, 839, 8585, 9021, 9075, 91615, 9186, 92455, 9378, 9420, 9470, 9557, 97825, 997], "values": [0.050048828125, 0.08746337890625, 0.03692626953125, 0.08270263671875, 0.1873779296875, 0.061767578125, 0.0733642578125, 0.04827880859375, 0.0848388671875, 0.12939453125, 0.08251953125, 0.1519775390625, 0.116943359375, 0.21630859375, 0.04766845703125, 0.014007568359375, 0.06494140625, 0.1383056640625, 0.01544189453125, 0.1373291015625, 0.1263427734375, 0.07373046875, 0.210693359375, 0.0679931640625, 0.05078125, 0.144775390625, 0.0745849609375, 0.08758544921875, 0.09375, 0.0003495216369628906, 0.08245849609375, 0.164794921875, 0.01107025146484375, 0.0245361328125, 0.167724609375, 0.0888671875, 0.10302734375, 0.0010900497436523438, 0.11676025390625, 0.08123779296875, 0.0310516357421875, 0.029754638671875, 0.045989990234375, 0.0877685546875, 0.0501708984375, 0.02459716796875, 0.008209228515625, 0.052032470703125, 0.0307464599609375, 0.0833740234375, 0.04791259765625, 0.1553955078125, 0.2353515625, 0.1639404296875, 0.076416015625, 0.1273193359375, 0.040069580078125, 0.0114593505859375, 0.141845703125, 0.27880859375, 0.037841796875, 0.100341796875, 0.2744140625, 0.029998779296875, 0.10833740234375, 0.1138916015625, 0.1898193359375, 0.00585174560546875, 0.041839599609375, 0.135986328125, 0.0670166015625, 0.006214141845703125, 0.0401611328125, 0.118408203125, 0.136962890625, 0.15673828125, 0.029388427734375, 0.03497314453125, 0.0357666015625, 0.144287109375, 0.07806396484375, 0.01629638671875, 0.11767578125, 0.10101318359375, 0.290771484375, 0.092529296875, 0.047393798828125, 0.01629638671875, 0.01715087890625, 0.115478515625, 0.11065673828125, 0.11614990234375, 0.032440185546875, 0.00862884521484375, 0.0469970703125, 0.11175537109375, 0.049896240234375, 0.05633544921875, 0.10955810546875, 0.0289154052734375, 0.005218505859375, 0.09014892578125, 0.047698974609375, 0.1617431640625, 0.015777587890625, 0.07720947265625, 0.08740234375, 0.13427734375, 0.041168212890625, 0.01467132568359375, 0.1307373046875, 0.09228515625, 0.048004150390625, 0.01195526123046875, 0.049407958984375, 0.10015869140625, 0.0161590576171875, 0.0882568359375, 0.0251007080078125, 0.061492919921875, 0.08709716796875, 0.06494140625, 0.01751708984375, 0.0552978515625, 0.0308685302734375, 0.1627197265625, 0.11962890625, 0.11328125, 0.0908203125, 0.096435546875, 0.00406646728515625, 0.04559326171875, 0.04803466796875, 0.00131988525390625, 0.10577392578125, 0.0251312255859375, 0.08868408203125, 0.1390380859375, 0.1512451171875, 0.0689697265625, 0.10919189453125, 0.034820556640625, 0.174072265625, 0.0201873779296875, 0.0111083984375, 0.09515380859375]}