{"indices": [10018, 101565, 1036, 103957, 1040, 10436, 105820, 106636, 106638, 10725, 11, 110803, 111213, 112282, 113, 1130, 113289, 11572, 1173, 1189, 12, 12002, 12239, 126045, 127126, 1288, 130576, 13082, 131595, 132, 132910, 1344, 139147, 141, 14242, 1441, 1456, 147916, 148, 15, 1516, 152961, 153955, 1562, 16, 161841, 168480, 170768, 171597, 1726, 17737, 179431, 18000, 181297, 187609, 1898, 192033, 193956, 2003, 20128, 203593, 204529, 206061, 208887, 213, 213964, 214374, 2150, 217859, 217863, 21982, 2203, 22566, 231502, 236691, 2391, 243507, 248, 2490, 25619, 25735, 2615, 2621, 264, 2672, 2719, 274, 27825, 2803, 28051, 2830, 284, 29268, 2961, 30168, 304, 30477, 3074, 30812, 31772, 3182, 31874, 32230, 3294, 3322, 3327, 33479, 335, 34616, 354, 35452, 35567, 3624, 36762, 3715, 38238, 3846, 397, 4, 4118, 41740, 418, 42, 42851, 43, 43221, 4465, 4511, 4578, 46209, 46410, 465, 4723, 5133, 514, 51469, 53, 53781, 5410, 55964, 562, 563, 56356, 56721, 5702, 571, 5730, 6, 61026, 617, 618, 63472, 66277, 6628, 66891, 68108, 684, 6881, 68934, 7420, 789, 80196, 80325, 8173, 839, 844, 8539, 8681, 9021, 915, 91615, 9186, 92374, 9340, 9420, 95579, 96499, 997], "values": [0.08160400390625, 0.1475830078125, 0.0223236083984375, 0.11187744140625, 0.0203399658203125, 0.1424560546875, 0.04864501953125, 0.1318359375, 0.14306640625, 0.1009521484375, 0.0197601318359375, 0.0745849609375, 0.157470703125, 0.27978515625, 0.068115234375, 0.0216522216796875, 0.213623046875, 0.18408203125, 0.0211944580078125, 0.034515380859375, 0.032562255859375, 0.0237579345703125, 0.146728515625, 0.163330078125, 0.032562255859375, 0.1533203125, 0.0181884765625, 0.1221923828125, 0.1939697265625, 0.022369384765625, 0.09954833984375, 0.02191162109375, 0.1170654296875, 0.044921875, 0.0013380050659179688, 0.0233306884765625, 0.0845947265625, 0.245849609375, 0.068115234375, 0.0223846435546875, 0.0224456787109375, 0.1497802734375, 0.2236328125, 0.02252197265625, 0.022491455078125, 0.00962066650390625, 0.1817626953125, 0.069580078125, 0.023651123046875, 0.01776123046875, 0.02252197265625, 0.0469970703125, 0.05194091796875, 0.1683349609375, 0.009307861328125, 0.0794677734375, 0.127197265625, 0.0628662109375, 0.0223846435546875, 0.0728759765625, 0.11285400390625, 0.022125244140625, 0.287353515625, 0.0126190185546875, 0.00959014892578125, 0.16845703125, 0.115966796875, 0.1575927734375, 0.2181396484375, 0.090087890625, 0.016998291015625, 0.022064208984375, 0.05303955078125, 0.0178070068359375, 0.1812744140625, 0.07037353515625, 0.1285400390625, 0.0192108154296875, 0.1168212890625, 0.0035533905029296875, 0.002246856689453125, 0.0841064453125, 0.0223846435546875, 0.018463134765625, 0.00302886962890625, 0.00725555419921875, 0.022430419921875, 0.1566162109375, 0.0209503173828125, 0.114013671875, 0.156494140625, 0.0222320556640625, 0.1412353515625, 0.020538330078125, 0.142822265625, 0.00933074951171875, 0.1014404296875, 0.01141357421875, 0.0531005859375, 0.2021484375, 0.0738525390625, 0.1441650390625, 0.006221771240234375, 0.021942138671875, 0.0209503173828125, 0.0215301513671875, 0.05853271484375, 0.021575927734375, 0.1114501953125, 0.0213775634765625, 0.0931396484375, 0.08734130859375, 0.08258056640625, 0.01885986328125, 0.0802001953125, 0.02239990234375, 0.053619384765625, 0.0201263427734375, 0.022552490234375, 0.0243682861328125, 0.057403564453125, 0.0169219970703125, 0.04302978515625, 0.1483154296875, 0.0225677490234375, 0.02105712890625, 0.0224761962890625, 0.014862060546875, 0.0906982421875, 0.260009765625, 0.054290771484375, 0.02239990234375, 0.022735595703125, 0.0211944580078125, 0.0215606689453125, 0.02239990234375, 0.06591796875, 0.1383056640625, 0.09857177734375, 0.05841064453125, 0.0184173583984375, 0.026763916015625, 0.0474853515625, 0.09820556640625, 0.1470947265625, 0.0220489501953125, 0.12548828125, 0.0225677490234375, 0.07904052734375, 0.0270538330078125, 0.188232421875, 0.079345703125, 0.10015869140625, 0.0036678314208984375, 0.2381591796875, 0.1043701171875, 0.0220489501953125, 0.0215606689453125, 0.021820068359375, 0.11474609375, 0.0207977294921875, 0.0938720703125, 0.06591796875, 0.020843505859375, 0.0195770263671875, 0.0224151611328125, 0.0758056640625, 0.060943603515625, 0.0413818359375, 0.0662841796875, 0.1131591796875, 0.18017578125, 0.060699462890625, 0.142333984375, 0.037078857421875, 0.0192108154296875, 0.10504150390625, 0.055877685546875]}