{"indices": [10018, 101062, 10294, 1034, 1036, 103942, 10406, 10501, 10502, 105292, 105986, 1064, 1065, 106636, 106638, 10775, 11142, 11173, 11189, 112737, 112940, 1130, 114344, 114493, 11548, 1173, 1189, 11976, 12002, 12040, 120707, 12092, 123433, 12370, 12465, 12555, 126468, 1273, 12833, 1288, 130037, 13023, 1317, 132, 133614, 13447, 13519, 13723, 138, 139147, 1403, 140575, 14183, 146401, 147916, 152538, 15256, 154820, 15635, 156678, 157016, 1589, 159864, 16, 165493, 16817, 168528, 170152, 17085, 17619, 1800, 18000, 1801, 181038, 18244, 1844, 185795, 18628, 187201, 18922, 19015, 190854, 20128, 202989, 204529, 206061, 210369, 2110, 21235, 213, 21747, 21919, 22004, 2229, 224266, 2283, 2308, 23128, 236016, 237366, 238842, 2396, 239790, 2413, 243410, 24447, 2458, 24584, 24698, 24925, 25094, 25621, 2564, 264, 26595, 2672, 268, 2737, 274, 27953, 2797, 28155, 2830, 28343, 29328, 29391, 29738, 30, 30121, 30792, 30862, 31772, 3182, 32283, 32557, 3327, 3382, 3490, 35197, 35452, 3615, 36926, 37, 37866, 37957, 38058, 38195, 382, 38711, 38957, 39453, 39733, 3985, 4, 4258, 42643, 4290, 43, 4332, 4418, 4465, 4511, 4517, 4578, 4633, 46452, 465, 4657, 47153, 4742, 47805, 50291, 5052, 5070, 5085, 50930, 51083, 5133, 514, 5146, 51661, 52611, 5364, 5410, 5412, 5477, 56554, 57175, 573, 57847, 5796, 5838, 58397, 5873, 58880, 5998, 6, 60353, 6342, 63449, 6349, 647, 6545, 6607, 674, 67561, 68108, 68414, 69612, 6966, 71277, 7150, 71835, 7272, 73, 73714, 7420, 7985, 81492, 8173, 83793, 839, 844, 86030, 8716, 8894, 9, 90586, 91615, 9271, 9378, 9413, 9426, 95579, 96499, 9989], "values": [0.1343994140625, 0.211181640625, 0.1357421875, 0.054107666015625, 0.054107666015625, 0.07916259765625, 0.046295166015625, 0.2025146484375, 0.0625, 0.0653076171875, 0.2037353515625, 0.054046630859375, 0.052398681640625, 0.045654296875, 0.2247314453125, 0.0540771484375, 0.0750732421875, 0.08642578125, 0.05438232421875, 0.1033935546875, 0.06817626953125, 0.054107666015625, 0.1729736328125, 0.039459228515625, 0.0124664306640625, 0.054107666015625, 0.054107666015625, 0.04547119140625, 0.046173095703125, 0.1448974609375, 0.1844482421875, 0.12091064453125, 0.1529541015625, 0.05401611328125, 0.006740570068359375, 0.10137939453125, 0.1376953125, 0.0538330078125, 0.0183563232421875, 0.068359375, 0.03302001953125, 0.055572509765625, 0.054229736328125, 0.053558349609375, 0.0777587890625, 0.182373046875, 0.0103912353515625, 0.1484375, 0.07244873046875, 0.18115234375, 0.1796875, 0.1226806640625, 0.06396484375, 0.173583984375, 0.293212890625, 0.2354736328125, 0.09307861328125, 0.2080078125, 0.03704833984375, 0.163818359375, 0.0947265625, 0.05426025390625, 0.10772705078125, 0.054168701171875, 0.1370849609375, 0.155517578125, 0.05181884765625, 0.01404571533203125, 0.054290771484375, 0.09381103515625, 0.0550537109375, 0.0791015625, 0.11553955078125, 0.054412841796875, 0.06268310546875, 0.054595947265625, 0.2000732421875, 0.07806396484375, 0.0299072265625, 0.1025390625, 0.054046630859375, 0.129150390625, 0.039154052734375, 0.060821533203125, 0.134765625, 0.19384765625, 0.195556640625, 0.054718017578125, 0.041229248046875, 0.054168701171875, 0.054168701171875, 0.052398681640625, 0.059417724609375, 0.1627197265625, 0.1766357421875, 0.13720703125, 0.05413818359375, 0.054290771484375, 0.06915283203125, 0.046295166015625, 0.07421875, 0.15380859375, 0.10595703125, 0.0540771484375, 0.1927490234375, 0.08538818359375, 0.10546875, 0.12115478515625, 0.054046630859375, 0.1409912109375, 0.054168701171875, 0.04498291015625, 0.09893798828125, 0.0540771484375, 0.054229736328125, 0.0538330078125, 0.05426025390625, 0.1201171875, 0.054107666015625, 0.054168701171875, 0.054107666015625, 0.1416015625, 0.13037109375, 0.07647705078125, 0.06622314453125, 0.054168701171875, 0.06610107421875, 0.079345703125, 0.16357421875, 0.1171875, 0.09478759765625, 0.0299072265625, 0.0533447265625, 0.0217437744140625, 0.0921630859375, 0.05413818359375, 0.0183563232421875, 0.054168701171875, 0.1429443359375, 0.0243988037109375, 0.0887451171875, 0.053863525390625, 0.01837158203125, 0.07574462890625, 0.049102783203125, 0.03204345703125, 0.1251220703125, 0.0902099609375, 0.02850341796875, 0.0540771484375, 0.054351806640625, 0.0540771484375, 0.054229736328125, 0.1046142578125, 0.054168701171875, 0.1602783203125, 0.02923583984375, 0.054229736328125, 0.037872314453125, 0.255126953125, 0.177490234375, 0.053924560546875, 0.118408203125, 0.05316162109375, 0.06884765625, 0.05426025390625, 0.05413818359375, 0.060638427734375, 0.10150146484375, 0.1292724609375, 0.10699462890625, 0.1142578125, 0.088623046875, 0.10015869140625, 0.0543212890625, 0.162109375, 0.044647216796875, 0.05426025390625, 0.05413818359375, 0.05438232421875, 0.0162811279296875, 0.0872802734375, 0.054168701171875, 0.0440673828125, 0.054290771484375, 0.12109375, 0.1419677734375, 0.0643310546875, 0.054107666015625, 0.092529296875, 0.08856201171875, 0.1636962890625, 0.1375732421875, 0.054473876953125, 0.054443359375, 0.05169677734375, 0.054290771484375, 0.05029296875, 0.033935546875, 0.11090087890625, 0.0933837890625, 0.1361083984375, 0.158203125, 0.053985595703125, 0.05426025390625, 0.248291015625, 0.10369873046875, 0.204345703125, 0.03399658203125, 0.041412353515625, 0.1697998046875, 0.0038890838623046875, 0.1630859375, 0.211181640625, 0.0119781494140625, 0.11236572265625, 0.0182952880859375, 0.05426025390625, 0.233154296875, 0.054168701171875, 0.064697265625, 0.06396484375, 0.057525634765625, 0.05322265625, 0.05560302734375, 0.0625, 0.058868408203125, 0.22412109375, 0.201904296875, 0.02239990234375, 0.054290771484375, 0.0160369873046875, 0.051971435546875, 0.05419921875, 0.1646728515625, 0.0540771484375]}