{"indices": [100135, 10018, 100197, 101565, 10294, 1034, 10502, 105740, 105986, 106636, 10736, 10898, 10919, 11072, 110803, 111456, 112282, 112940, 1130, 113289, 114735, 116824, 1173, 11871, 1189, 11933, 12025, 12250, 12272, 123433, 125012, 125389, 12550, 125994, 126858, 128363, 1288, 129239, 129793, 131595, 13167, 132, 13494, 13723, 138298, 14072, 1420, 14349, 14371, 143741, 144454, 14849, 14875, 149309, 150313, 15068, 15478, 15577, 15635, 156732, 15749, 1583, 1635, 16390, 16408, 16687, 167037, 168842, 173927, 17707, 177238, 18000, 1819, 1826, 184521, 185795, 18628, 187925, 18922, 1898, 190, 193488, 194801, 19608, 19613, 1971, 198898, 20128, 202296, 203289, 203593, 206061, 211653, 213, 218922, 22038, 22065, 22103, 226881, 2308, 23128, 23204, 23841, 23898, 243704, 2476, 2490, 24925, 26646, 2672, 268, 27393, 27584, 27883, 28343, 29268, 2954, 30168, 30263, 30313, 30589, 31023, 31149, 3136, 31874, 3327, 33272, 33541, 33704, 33784, 34045, 35114, 3524, 35348, 35452, 3624, 37, 3779, 37866, 38238, 3909, 3933, 4, 41011, 41084, 42026, 42037, 4258, 42643, 43, 43977, 4418, 45974, 46376, 4695, 4723, 4742, 47805, 49053, 49125, 5, 5052, 51006, 514, 51450, 5146, 5207, 5364, 5370, 5392, 5412, 56189, 56431, 56926, 5714, 5730, 5838, 59384, 6, 6006, 6278, 63444, 66891, 66930, 6786, 68108, 6881, 6986, 7048, 7100, 7150, 71698, 72034, 724, 72963, 7420, 758, 7606, 76397, 7646, 7919, 7949, 7985, 8042, 81337, 844, 8488, 84948, 85564, 85898, 86308, 87669, 887, 9021, 9186, 9378, 9426, 95242, 9788, 9811, 98454, 99907], "values": [0.1239013671875, 0.0985107421875, 0.07611083984375, 0.1690673828125, 0.09649658203125, 0.0018978118896484375, 0.0031280517578125, 0.2034912109375, 0.02001953125, 0.201416015625, 0.0548095703125, 0.13525390625, 0.001682281494140625, 0.001102447509765625, 0.028167724609375, 0.10150146484375, 0.0025959014892578125, 0.0472412109375, 0.1121826171875, 0.151123046875, 0.2242431640625, 0.0804443359375, 0.002773284912109375, 0.0047760009765625, 0.0308074951171875, 0.0007410049438476562, 0.0026702880859375, 0.144775390625, 0.05450439453125, 0.10919189453125, 0.122802734375, 0.07183837890625, 0.1380615234375, 0.0029430389404296875, 0.038055419921875, 0.10662841796875, 0.08209228515625, 0.01523590087890625, 0.139404296875, 0.273193359375, 0.0029811859130859375, 0.0031585693359375, 0.17626953125, 0.0704345703125, 0.054412841796875, 0.08447265625, 0.0003268718719482422, 0.0080413818359375, 0.049896240234375, 0.012451171875, 0.051788330078125, 0.069580078125, 0.0242767333984375, 0.0223388671875, 0.0738525390625, 0.0027484893798828125, 0.1290283203125, 0.0950927734375, 0.033416748046875, 0.106201171875, 0.028564453125, 0.12225341796875, 0.009490966796875, 0.049774169921875, 0.0692138671875, 0.05035400390625, 0.1326904296875, 0.1480712890625, 0.0023365020751953125, 0.00313568115234375, 0.01096343994140625, 0.012176513671875, 0.0035343170166015625, 0.00281524658203125, 0.13134765625, 0.05029296875, 0.0650634765625, 0.126220703125, 0.06976318359375, 0.00042724609375, 0.1732177734375, 0.01270294189453125, 0.12152099609375, 0.00927734375, 0.05950927734375, 0.0660400390625, 0.003070831298828125, 0.031005859375, 0.1185302734375, 0.0024509429931640625, 0.087158203125, 0.2998046875, 0.0831298828125, 0.0029296875, 0.196044921875, 0.00652313232421875, 0.055938720703125, 0.0279998779296875, 0.0322265625, 0.00286865234375, 0.1640625, 0.09881591796875, 0.0313720703125, 0.09039306640625, 0.052947998046875, 0.050140380859375, 0.03143310546875, 0.07952880859375, 0.08929443359375, 0.0029697418212890625, 0.002880096435546875, 0.1429443359375, 0.0006337165832519531, 0.0003173351287841797, 0.07928466796875, 0.0279693603515625, 0.0029773712158203125, 0.0286102294921875, 0.035797119140625, 0.0066375732421875, 0.00039696693420410156, 0.04034423828125, 0.0168304443359375, 0.0028705596923828125, 0.0244903564453125, 0.0020580291748046875, 0.0732421875, 0.07220458984375, 0.0221710205078125, 0.11297607421875, 0.025970458984375, 0.2265625, 0.0015249252319335938, 0.04681396484375, 0.02313232421875, 0.002727508544921875, 0.0028533935546875, 0.0029010772705078125, 0.08905029296875, 0.048828125, 0.0020389556884765625, 0.0003628730773925781, 0.003200531005859375, 0.1678466796875, 0.003025054931640625, 0.0692138671875, 0.0006513595581054688, 0.00036025047302246094, 0.0997314453125, 0.0030727386474609375, 0.0033588409423828125, 0.05926513671875, 0.04443359375, 0.11224365234375, 0.0848388671875, 0.032989501953125, 0.00275421142578125, 0.057464599609375, 0.1798095703125, 0.1168212890625, 0.00238037109375, 0.109375, 0.07464599609375, 0.0027923583984375, 0.0007867813110351562, 0.0208892822265625, 0.06280517578125, 0.0029926300048828125, 0.1181640625, 0.07568359375, 0.0023250579833984375, 0.056793212890625, 0.06829833984375, 0.125, 0.0025539398193359375, 0.10748291015625, 0.0030460357666015625, 0.177490234375, 0.0030803680419921875, 0.01259613037109375, 0.10406494140625, 0.1251220703125, 0.178955078125, 0.1103515625, 0.1199951171875, 0.0245361328125, 0.00839996337890625, 0.08587646484375, 0.017181396484375, 0.002597808837890625, 0.0157318115234375, 0.1080322265625, 0.0203704833984375, 0.161865234375, 0.0648193359375, 0.05157470703125, 0.178466796875, 0.050811767578125, 0.0016679763793945312, 0.0015230178833007812, 0.0222625732421875, 0.04034423828125, 0.0018396377563476562, 0.021270751953125, 0.11187744140625, 0.00310516357421875, 0.11224365234375, 0.0771484375, 0.0030269622802734375, 0.138427734375, 0.0004584789276123047, 0.0947265625, 0.00296783447265625, 0.05108642578125, 0.03338623046875, 0.1331787109375, 0.1346435546875, 0.131591796875, 0.0775146484375, 0.02972412109375, 0.159912109375, 0.051666259765625]}