{"indices": [1001, 10018, 100296, 1036, 104, 1040, 1052, 105820, 105857, 1064, 108473, 109010, 11, 1105, 1130, 113289, 1189, 12, 12093, 12239, 12272, 123433, 124916, 12514, 126040, 1278, 12833, 128345, 1288, 129890, 13, 131595, 132, 1328, 1344, 13556, 1369, 1395, 140278, 1403, 140443, 14154, 143971, 147748, 147916, 149309, 15, 152961, 15362, 15369, 1549, 15635, 156732, 157069, 1583, 16, 17, 1726, 17619, 177593, 18000, 1837, 1860, 18610, 18617, 187609, 187693, 18922, 1898, 190, 19015, 19186, 203593, 204529, 206061, 213, 218723, 218922, 21936, 2203, 224561, 23060, 2308, 23204, 236691, 243507, 247, 248, 2490, 25155, 254, 2552, 25572, 2564, 25722, 2588, 264, 27246, 275, 28051, 2839, 284, 289, 30168, 304, 3075, 3182, 31874, 3252, 3322, 3327, 33479, 34616, 347, 34783, 3624, 37, 38195, 38603, 3912, 397, 4, 41247, 418, 42037, 42851, 43, 438, 441, 4432, 4467, 46410, 4723, 47348, 48821, 50291, 5032, 5070, 5133, 514, 51671, 51802, 5226, 5312, 5337, 5364, 54266, 5477, 55960, 55964, 56721, 5702, 571, 575, 5873, 6, 6087, 63472, 63699, 6570, 66369, 66891, 6786, 68433, 69988, 7150, 72034, 72187, 7420, 7646, 7657, 7739, 77495, 78631, 789, 7949, 8212, 8312, 83591, 83697, 8481, 87, 9075, 91615, 9186, 9330, 9420, 95430, 963, 96740, 9744, 97608, 9788, 9811], "values": [0.081298828125, 0.08447265625, 0.041839599609375, 0.0084381103515625, 0.0047607421875, 0.00458526611328125, 0.07891845703125, 0.01227569580078125, 0.0369873046875, 0.005462646484375, 0.07159423828125, 0.0137939453125, 0.00469207763671875, 0.048583984375, 0.00516510009765625, 0.253662109375, 0.07763671875, 0.00415802001953125, 0.1046142578125, 0.1339111328125, 0.0948486328125, 0.1710205078125, 0.0697021484375, 0.0546875, 0.0914306640625, 0.048980712890625, 0.1546630859375, 0.1275634765625, 0.138427734375, 0.059173583984375, 0.005344390869140625, 0.194091796875, 0.005359649658203125, 0.1685791015625, 0.003314971923828125, 0.0853271484375, 0.016082763671875, 0.07598876953125, 0.005176544189453125, 0.0120391845703125, 0.0465087890625, 0.0679931640625, 0.1439208984375, 0.138916015625, 0.255859375, 0.1973876953125, 0.005096435546875, 0.08160400390625, 0.1556396484375, 0.0311431884765625, 0.053253173828125, 0.13232421875, 0.135986328125, 0.0282440185546875, 0.09356689453125, 0.005619049072265625, 0.07843017578125, 0.0063323974609375, 0.08380126953125, 0.10443115234375, 0.157470703125, 0.092529296875, 0.004802703857421875, 0.028533935546875, 0.053497314453125, 0.059417724609375, 0.10595703125, 0.04193115234375, 0.044525146484375, 0.033447265625, 0.006816864013671875, 0.10064697265625, 0.1634521484375, 0.01361846923828125, 0.288330078125, 0.01100921630859375, 0.15234375, 0.118896484375, 0.1375732421875, 0.0040130615234375, 0.10906982421875, 0.0633544921875, 0.005035400390625, 0.034698486328125, 0.1463623046875, 0.1622314453125, 0.004535675048828125, 0.0175018310546875, 0.08447265625, 0.2049560546875, 0.09381103515625, 0.019378662109375, 0.0811767578125, 0.022552490234375, 0.0289459228515625, 0.0350341796875, 0.064697265625, 0.0682373046875, 0.0053558349609375, 0.0899658203125, 0.08721923828125, 0.07891845703125, 0.004302978515625, 0.206787109375, 0.057037353515625, 0.05767822265625, 0.003498077392578125, 0.08197021484375, 0.0350341796875, 0.026458740234375, 0.004039764404296875, 0.07232666015625, 0.0587158203125, 0.10546875, 0.14404296875, 0.07525634765625, 0.005008697509765625, 0.041748046875, 0.016571044921875, 0.09210205078125, 0.0194244384765625, 0.005527496337890625, 0.16259765625, 0.0052947998046875, 0.03814697265625, 0.0054931640625, 0.033966064453125, 0.04931640625, 0.0019464492797851562, 0.0311126708984375, 0.0033817291259765625, 0.07635498046875, 0.003513336181640625, 0.1265869140625, 0.1455078125, 0.078857421875, 0.004703521728515625, 0.0880126953125, 0.00412750244140625, 0.004119873046875, 0.031890869140625, 0.0021762847900390625, 0.0005946159362792969, 0.00502777099609375, 0.032470703125, 0.09490966796875, 0.12384033203125, 0.11505126953125, 0.1402587890625, 0.044403076171875, 0.1541748046875, 0.1197509765625, 0.06390380859375, 0.005443572998046875, 0.0096282958984375, 0.01503753662109375, 0.00353240966796875, 0.130615234375, 0.03546142578125, 0.00531005859375, 0.005001068115234375, 0.1854248046875, 0.005313873291015625, 0.06988525390625, 0.0183868408203125, 0.0311737060546875, 0.048126220703125, 0.054351806640625, 0.0919189453125, 0.00516510009765625, 0.053741455078125, 0.0282135009765625, 0.021484375, 0.1298828125, 0.0049591064453125, 0.148681640625, 0.0043182373046875, 7.396936416625977e-05, 0.08294677734375, 0.0582275390625, 0.1788330078125, 0.055938720703125, 0.0149078369140625, 0.09326171875, 0.1297607421875, 0.0124664306640625, 0.045684814453125, 0.00537109375, 0.016143798828125, 0.0009393692016601562, 0.0240020751953125, 0.0426025390625, 0.177734375, 0.09527587890625]}