{"indices": [101038, 1019, 105451, 1062, 11033, 11062, 11075, 112486, 114137, 114732, 115558, 11789, 123166, 127219, 12944, 1295, 129969, 1363, 137089, 1375, 137633, 14237, 150925, 1544, 1549, 1575, 157955, 158353, 16610, 171069, 171918, 184, 189813, 19, 19283, 19844, 209297, 215180, 218550, 226429, 228550, 232098, 241761, 24447, 2485, 26073, 26439, 267, 273, 27641, 27750, 28, 28784, 28997, 29125, 29398, 3126, 3145, 32616, 339, 34230, 351, 35509, 36322, 36398, 387, 40139, 40266, 4027, 40865, 4221, 43379, 449, 46473, 47, 51626, 52080, 52295, 52875, 5369, 53894, 54497, 563, 567, 572, 59649, 5977, 634, 636, 64371, 7, 821, 83259, 87, 87398, 9, 9098, 96130, 98], "values": [0.1641845703125, 0.05078125, 0.060211181640625, 0.0833740234375, 0.025787353515625, 0.0528564453125, 0.1009521484375, 0.07684326171875, 0.1358642578125, 0.08087158203125, 0.158935546875, 0.08056640625, 0.193115234375, 0.17724609375, 0.048187255859375, 0.0657958984375, 0.130615234375, 0.039276123046875, 0.192138671875, 0.0504150390625, 0.0667724609375, 0.04345703125, 0.1435546875, 0.16015625, 0.05157470703125, 0.15380859375, 0.14794921875, 0.0191650390625, 0.15771484375, 0.149169921875, 0.1461181640625, 0.07373046875, 0.08514404296875, 0.033538818359375, 0.08123779296875, 0.0743408203125, 0.040283203125, 0.071533203125, 0.044952392578125, 0.007221221923828125, 0.2120361328125, 0.00506591796875, 0.22705078125, 0.1640625, 0.06597900390625, 0.1759033203125, 0.12274169921875, 0.10638427734375, 0.0389404296875, 0.0418701171875, 0.02349853515625, 0.038116455078125, 0.165283203125, 0.035430908203125, 0.021026611328125, 0.1353759765625, 0.1787109375, 0.07476806640625, 0.0948486328125, 0.034637451171875, 0.10406494140625, 0.06884765625, 0.11199951171875, 0.1324462890625, 0.1400146484375, 0.08197021484375, 0.00809478759765625, 0.0771484375, 0.1710205078125, 0.1922607421875, 0.1375732421875, 0.05078125, 0.01519012451171875, 0.01390838623046875, 0.051544189453125, 0.08489990234375, 0.199951171875, 0.0869140625, 0.2117919921875, 0.09033203125, 0.213623046875, 0.1331787109375, 0.0292510986328125, 0.053375244140625, 0.04632568359375, 0.169921875, 0.202880859375, 0.08795166015625, 0.080810546875, 0.119140625, 0.064208984375, 0.07843017578125, 0.0819091796875, 0.0051116943359375, 0.1243896484375, 0.09100341796875, 0.0426025390625, 0.08453369140625, 0.08807373046875]}