{"indices": [10018, 100296, 101484, 10294, 1036, 103942, 106638, 108231, 109847, 1102, 112282, 1128, 112842, 112843, 115333, 1189, 12002, 12040, 12092, 12169, 125145, 125389, 1278, 12821, 12833, 128345, 132, 133614, 133704, 13494, 135018, 137404, 138666, 139717, 14183, 14196, 142580, 14351, 145223, 14641, 146563, 147916, 149238, 1516, 153483, 153876, 154820, 15491, 15550, 1589, 16, 160296, 160559, 1635, 165497, 170253, 1726, 17900, 1801, 182843, 18317, 18337, 185795, 189668, 1898, 19186, 192033, 19442, 19526, 19543, 195966, 1965, 1988, 20128, 203289, 203593, 20373, 204529, 209297, 209914, 21091, 211505, 213, 21490, 218550, 219, 220760, 22256, 2229, 224561, 226429, 22981, 2308, 23128, 232098, 232265, 232620, 23737, 23749, 23767, 238842, 25621, 2621, 264, 2672, 26811, 27221, 27393, 274, 2745, 27825, 2783, 28155, 28784, 28997, 29100, 29151, 29391, 2954, 2961, 297, 29951, 30, 305, 30530, 3145, 3272, 3322, 3327, 33541, 33899, 33929, 34134, 35197, 35452, 35567, 36626, 36762, 36895, 37, 37866, 37957, 38071, 38192, 38957, 4, 40231, 40513, 40719, 41953, 4258, 4280, 43, 43631, 4418, 4467, 44725, 4511, 46253, 46376, 46523, 46695, 4696, 4791, 49053, 49131, 4935, 4941, 49755, 50108, 5052, 51083, 5133, 514, 51450, 51505, 51626, 52611, 53, 53438, 5370, 5410, 54266, 5477, 562, 56699, 57175, 5796, 57960, 5841, 58466, 59649, 5998, 6, 6167, 62029, 6251, 6271, 635, 64523, 64577, 66277, 66816, 67736, 68108, 68414, 6895, 6966, 7006, 70147, 71277, 72034, 7272, 72963, 7341, 7363, 74171, 74193, 7847, 789, 7985, 80098, 81025, 82898, 8312, 83548, 8585, 886, 8943, 9, 91127, 91615, 919, 9420, 9426, 9470, 94880, 9636, 96499, 98273, 9989], "values": [0.08843994140625, 0.042144775390625, 0.1302490234375, 0.146728515625, 0.04144287109375, 0.041900634765625, 0.1092529296875, 0.06756591796875, 0.10357666015625, 0.037200927734375, 0.024627685546875, 0.14013671875, 0.005901336669921875, 0.0869140625, 0.038604736328125, 0.04071044921875, 0.0416259765625, 0.0858154296875, 0.01068878173828125, 0.040191650390625, 0.1380615234375, 0.06817626953125, 0.04168701171875, 0.03887939453125, 0.114990234375, 0.11590576171875, 0.028411865234375, 0.10552978515625, 0.0904541015625, 0.06927490234375, 0.1422119140625, 0.11737060546875, 0.040557861328125, 0.0298614501953125, 0.0804443359375, 0.038818359375, 0.057769775390625, 0.0408935546875, 0.034210205078125, 0.13916015625, 0.044189453125, 0.222412109375, 0.1572265625, 0.1514892578125, 0.0841064453125, 0.192138671875, 0.1962890625, 0.10302734375, 0.0061492919921875, 0.04156494140625, 0.0413818359375, 0.03948974609375, 0.0423583984375, 0.0413818359375, 0.06591796875, 0.0548095703125, 0.0411376953125, 0.04315185546875, 0.1358642578125, 0.2125244140625, 0.040618896484375, 0.08453369140625, 0.15869140625, 0.06842041015625, 0.10009765625, 0.047454833984375, 0.0948486328125, 0.058685302734375, 0.1297607421875, 0.04119873046875, 0.052032470703125, 0.04132080078125, 0.041259765625, 0.08258056640625, 0.0831298828125, 0.1346435546875, 0.085205078125, 0.0430908203125, 0.051239013671875, 0.055328369140625, 0.04083251953125, 0.235595703125, 0.040863037109375, 0.05133056640625, 0.046875, 0.0408935546875, 0.2076416015625, 0.1314697265625, 0.0750732421875, 0.033416748046875, 0.04443359375, 0.1275634765625, 0.003826141357421875, 0.078857421875, 0.04229736328125, 0.02587890625, 0.10107421875, 0.1549072265625, 0.08843994140625, 0.11639404296875, 0.034027099609375, 0.09771728515625, 0.041015625, 0.05560302734375, 0.03887939453125, 0.0362548828125, 0.104736328125, 0.0889892578125, 0.040924072265625, 0.023345947265625, 0.07220458984375, 0.08392333984375, 0.07861328125, 0.1258544921875, 0.055572509765625, 0.0413818359375, 0.056549072265625, 0.0994873046875, 0.11456298828125, 0.036834716796875, 0.056304931640625, 0.050384521484375, 0.040802001953125, 0.0760498046875, 0.060577392578125, 0.040679931640625, 0.040985107421875, 0.04119873046875, 0.04144287109375, 0.1337890625, 0.058685302734375, 0.0811767578125, 0.030609130859375, 0.024810791015625, 0.055999755859375, 0.232421875, 0.057037353515625, 0.04022216796875, 0.061370849609375, 0.040863037109375, 0.12176513671875, 0.0309600830078125, 0.04144287109375, 0.041412353515625, 0.06005859375, 0.0435791015625, 0.036712646484375, 0.1990966796875, 0.0208587646484375, 0.04150390625, 0.04107666015625, 0.032318115234375, 0.0411376953125, 0.11474609375, 0.08306884765625, 0.04058837890625, 0.068115234375, 0.040679931640625, 0.07464599609375, 0.1806640625, 0.04461669921875, 0.09320068359375, 0.032501220703125, 0.01409149169921875, 0.11199951171875, 0.0235595703125, 0.04107666015625, 0.040771484375, 0.0186004638671875, 0.059051513671875, 0.1014404296875, 0.04180908203125, 0.07550048828125, 0.0413818359375, 0.034149169921875, 0.11285400390625, 0.041015625, 0.088134765625, 0.08154296875, 0.169677734375, 0.041015625, 0.11810302734375, 0.1085205078125, 0.1044921875, 0.03363037109375, 0.0582275390625, 0.1065673828125, 0.09735107421875, 0.15869140625, 0.0718994140625, 0.09063720703125, 0.143798828125, 0.01641845703125, 0.070556640625, 0.10675048828125, 0.10980224609375, 0.0105743408203125, 0.06646728515625, 0.0621337890625, 0.0416259765625, 0.0965576171875, 0.038299560546875, 0.0302886962890625, 0.060699462890625, 0.040985107421875, 0.11834716796875, 0.03936767578125, 0.03863525390625, 0.040863037109375, 0.00959014892578125, 0.1800537109375, 0.0219268798828125, 0.2144775390625, 0.132568359375, 0.11468505859375, 0.0185546875, 0.09185791015625, 0.138427734375, 0.02227783203125, 0.04150390625, 0.04193115234375, 0.18896484375, 0.10595703125, 0.0408935546875, 0.08160400390625, 0.0413818359375, 0.1531982421875, 0.0112762451171875, 0.06640625, 0.0404052734375, 0.09326171875, 0.1754150390625, 0.008148193359375, 0.03375244140625, 0.01380157470703125, 0.0384521484375, 0.11724853515625, 0.0244903564453125, 0.280029296875, 0.057525634765625, 0.041046142578125]}