{"indices": [10161, 1022, 10294, 1034, 10344, 1036, 104, 1040, 104634, 10502, 106, 1064, 10666, 10808, 11140, 11158, 11233, 116, 116591, 1198, 120883, 12169, 121784, 122074, 122552, 1238, 12555, 12568, 1278, 12833, 129007, 13160, 132370, 133506, 1344, 13663, 1369, 138, 138666, 1388, 13941, 14062, 1441, 1468, 14830, 15, 152550, 153, 15346, 154820, 1562, 15635, 15658, 15689, 1589, 16, 16267, 163745, 16574, 165934, 166569, 167724, 169058, 174861, 17737, 1800, 18000, 1860, 186639, 1898, 191224, 193956, 19469, 194801, 19526, 1955, 19691, 20146, 202989, 203593, 204529, 2110, 212568, 21275, 213, 2203, 22256, 2229, 2283, 2391, 247738, 25094, 25621, 2575, 264, 26595, 27065, 2719, 27393, 274, 276, 29151, 2961, 29925, 30, 30530, 30926, 31023, 32214, 3272, 33000, 3322, 3327, 341, 347, 35567, 37, 384, 387, 38831, 38903, 39, 391, 397, 4, 425, 43, 4467, 45087, 4511, 4578, 46775, 472, 4723, 47348, 4917, 4945, 5, 5032, 50429, 51083, 5133, 514, 51421, 5146, 51912, 53174, 53340, 53399, 5344, 53780, 54093, 5412, 54742, 5477, 59384, 594, 6, 60030, 6442, 653, 6545, 6824, 6895, 69223, 70180, 71, 71277, 7150, 73277, 73714, 7420, 76177, 76389, 7646, 7688, 808, 8393, 8585, 86030, 86435, 89275, 9005, 91615, 92, 93123, 9420, 9470, 953, 96499, 9788, 97904, 997], "values": [0.072998046875, 0.045806884765625, 0.2352294921875, 0.033843994140625, 0.10308837890625, 0.0202484130859375, 0.07904052734375, 0.0200042724609375, 0.08197021484375, 0.07073974609375, 0.019378662109375, 0.048919677734375, 0.019287109375, 0.04412841796875, 0.1529541015625, 0.042022705078125, 0.1484375, 0.051025390625, 0.0044097900390625, 0.0203399658203125, 0.05426025390625, 0.0025768280029296875, 0.053741455078125, 0.002292633056640625, 0.04766845703125, 0.0295562744140625, 0.144775390625, 0.00978851318359375, 0.0200958251953125, 0.1337890625, 0.189453125, 0.047393798828125, 0.062255859375, 0.07012939453125, 0.048095703125, 0.02789306640625, 0.0198211669921875, 0.0125885009765625, 0.1397705078125, 0.0199127197265625, 0.2000732421875, 0.055694580078125, 0.072998046875, 0.0195465087890625, 0.12384033203125, 0.024505615234375, 0.179931640625, 0.019622802734375, 0.09344482421875, 0.11553955078125, 0.020965576171875, 0.1558837890625, 0.06549072265625, 0.099853515625, 0.020538330078125, 0.0199432373046875, 0.01531982421875, 0.0982666015625, 0.11749267578125, 0.1845703125, 0.033721923828125, 0.052215576171875, 0.1279296875, 0.01311492919921875, 0.10009765625, 0.00658416748046875, 0.1312255859375, 0.0200042724609375, 0.2421875, 0.1527099609375, 0.050201416015625, 0.201416015625, 0.0821533203125, 0.157470703125, 0.08575439453125, 0.01428985595703125, 0.0207061767578125, 0.0002244710922241211, 0.048797607421875, 0.10430908203125, 0.0205230712890625, 0.12066650390625, 0.22021484375, 0.08477783203125, 0.059661865234375, 0.0307769775390625, 0.16259765625, 0.044952392578125, 0.01593017578125, 0.038299560546875, 0.00139617919921875, 0.165283203125, 0.01248931884765625, 0.0170440673828125, 0.048919677734375, 0.172607421875, 0.07330322265625, 0.051025390625, 0.12127685546875, 0.035980224609375, 0.0391845703125, 0.1192626953125, 0.002506256103515625, 0.00665283203125, 0.0207061767578125, 0.2169189453125, 0.08782958984375, 0.24853515625, 0.020111083984375, 0.018890380859375, 0.0141754150390625, 0.0247344970703125, 0.02008056640625, 0.09014892578125, 0.020111083984375, 0.0201416015625, 0.014373779296875, 0.019989013671875, 0.08587646484375, 0.101318359375, 0.1798095703125, 0.01473236083984375, 0.0301513671875, 0.046844482421875, 0.0389404296875, 0.0200347900390625, 0.03912353515625, 0.0122222900390625, 0.11785888671875, 0.006710052490234375, 0.133544921875, 0.1571044921875, 0.019439697265625, 0.0572509765625, 0.1385498046875, 0.047515869140625, 0.02197265625, 0.0200042724609375, 0.1153564453125, 0.00225830078125, 0.015716552734375, 0.0592041015625, 0.0205078125, 0.0187835693359375, 0.00545501708984375, 0.0196990966796875, 0.0806884765625, 0.020294189453125, 0.2467041015625, 0.0195159912109375, 0.1915283203125, 0.0198211669921875, 0.04425048828125, 0.06414794921875, 0.22607421875, 0.1256103515625, 0.02593994140625, 0.04290771484375, 0.0638427734375, 0.0192718505859375, 0.019500732421875, 0.102294921875, 0.0203704833984375, 0.0033969879150390625, 0.10223388671875, 0.020355224609375, 0.04766845703125, 0.1968994140625, 0.00951385498046875, 0.128662109375, 0.05780029296875, 0.12005615234375, 0.07794189453125, 0.0633544921875, 0.0273284912109375, 0.054595947265625, 0.0576171875, 0.0234222412109375, 0.0782470703125, 0.0029811859130859375, 0.0654296875, 0.04449462890625, 0.0518798828125, 0.1124267578125, 0.0008764266967773438, 0.1851806640625, 0.03985595703125, 0.2127685546875, 0.1656494140625, 0.177978515625, 0.070556640625, 0.1314697265625, 0.0109710693359375]}