{"indices": [100, 10001, 101038, 101413, 10502, 10752, 108, 10945, 10959, 11, 1105, 11062, 11075, 114732, 118, 1193, 12, 12006, 12012, 12231, 124416, 126, 12833, 129969, 13, 130631, 133479, 134364, 1345, 136712, 137089, 1375, 14, 14006, 14048, 141221, 141524, 1463, 149, 1529, 157075, 158, 15876, 159, 16259, 16360, 1657, 1677, 16817, 17, 17106, 171918, 17203, 173522, 17428, 1819, 1829, 18949, 1900, 19335, 2006, 2026, 2077, 2122, 214, 2150, 21690, 218922, 23, 230466, 231996, 2320, 235079, 241761, 243507, 24455, 25290, 259, 26073, 264, 26783, 268, 2698, 27143, 276, 289, 28997, 297, 30862, 30941, 31, 31023, 3117, 33120, 33206, 339, 34419, 351, 35509, 36053, 36398, 3640, 37620, 39, 391, 39453, 4, 40266, 42, 425, 42719, 43, 43243, 441, 4418, 44713, 4512, 46989, 4935, 4945, 5, 5032, 5037, 505, 50944, 51620, 5180, 52080, 53088, 5337, 53399, 53894, 552, 567, 572, 57860, 587, 58796, 58994, 59246, 5977, 6, 60271, 60436, 627, 6436, 6725, 674, 678, 68108, 686, 6955, 7, 7154, 72256, 7674, 7787, 79200, 799, 82, 821, 82451, 8262, 83489, 8357, 8467, 87, 87010, 8727, 87398, 8992, 9, 9016, 9092, 90980, 911, 9751, 98, 990], "values": [0.015411376953125, 0.04656982421875, 0.14208984375, 0.0380859375, 0.1622314453125, 0.015167236328125, 0.002964019775390625, 0.066162109375, 0.1229248046875, 0.0150604248046875, 0.030242919921875, 0.1080322265625, 0.1212158203125, 0.10565185546875, 0.01514434814453125, 0.03948974609375, 0.0004458427429199219, 0.139892578125, 0.00952911376953125, 0.010955810546875, 0.13525390625, 0.08428955078125, 0.1429443359375, 0.1640625, 0.01535797119140625, 0.05126953125, 0.04290771484375, 0.1318359375, 0.06597900390625, 0.0135650634765625, 0.2259521484375, 0.06402587890625, 0.015472412109375, 0.043487548828125, 0.0955810546875, 0.07171630859375, 0.222900390625, 0.01580810546875, 0.1685791015625, 0.002048492431640625, 0.181640625, 0.005184173583984375, 0.12017822265625, 0.06280517578125, 0.053802490234375, 0.01282501220703125, 0.057647705078125, 0.0855712890625, 0.023651123046875, 0.1505126953125, 0.01108551025390625, 0.11358642578125, 0.1282958984375, 0.149658203125, 0.01027679443359375, 0.01342010498046875, 0.01226043701171875, 0.0005049705505371094, 0.10882568359375, 0.0224456787109375, 0.1287841796875, 0.140625, 0.0025234222412109375, 0.1627197265625, 0.0156402587890625, 0.09051513671875, 0.153076171875, 0.1947021484375, 0.00992584228515625, 0.1474609375, 0.1630859375, 0.01558685302734375, 0.09930419921875, 0.182373046875, 0.2166748046875, 0.1593017578125, 0.0811767578125, 0.053863525390625, 0.1707763671875, 0.005519866943359375, 0.0506591796875, 0.0154571533203125, 0.06640625, 0.047271728515625, 0.03668212890625, 0.0157928466796875, 0.1505126953125, 0.01641845703125, 0.1710205078125, 0.0413818359375, 0.015472412109375, 0.13427734375, 0.03375244140625, 0.1290283203125, 0.139404296875, 0.0127410888671875, 0.09796142578125, 0.11920166015625, 0.0455322265625, 0.00687408447265625, 0.2083740234375, 0.1368408203125, 0.01290130615234375, 0.0154266357421875, 0.0386962890625, 0.173583984375, 0.0156402587890625, 0.1429443359375, 0.00905609130859375, 0.0154571533203125, 0.14501953125, 0.0155487060546875, 0.01187896728515625, 0.0435791015625, 0.0770263671875, 0.04656982421875, 0.0005803108215332031, 0.194091796875, 0.273681640625, 0.06634521484375, 0.016021728515625, 0.12158203125, 0.156005859375, 0.10858154296875, 0.11346435546875, 0.06915283203125, 0.01548004150390625, 0.15869140625, 0.1512451171875, 0.08294677734375, 0.168701171875, 0.1529541015625, 0.040985107421875, 0.06341552734375, 0.00022137165069580078, 0.045013427734375, 0.0206451416015625, 0.0814208984375, 0.09918212890625, 0.102783203125, 0.2366943359375, 0.01531982421875, 0.10888671875, 0.02197265625, 0.006153106689453125, 0.1966552734375, 0.05963134765625, 0.015472412109375, 0.0234222412109375, 0.044036865234375, 0.1083984375, 0.006923675537109375, 0.0155487060546875, 0.01528167724609375, 0.11468505859375, 0.01419830322265625, 0.004917144775390625, 0.09295654296875, 0.0025768280029296875, 0.024810791015625, 0.0662841796875, 0.201171875, 0.10076904296875, 0.06829833984375, 0.0606689453125, 0.12384033203125, 0.03607177734375, 0.0293731689453125, 0.0831298828125, 0.197265625, 0.005184173583984375, 0.0150146484375, 0.0203857421875, 0.067626953125, 0.007694244384765625, 0.1357421875, 0.09521484375, 0.0151519775390625, 0.0239410400390625]}