{"indices": [10018, 100243, 100961, 101062, 10161, 101744, 1019, 10294, 1034, 1036, 1040, 1064, 1065, 106636, 10725, 10730, 1107, 11140, 11233, 112881, 1130, 114344, 114437, 1147, 11548, 1173, 1189, 12092, 12093, 12122, 125145, 125389, 12568, 126858, 127508, 1278, 12833, 129007, 13046, 13182, 132, 133506, 13494, 135018, 13663, 138177, 138206, 13849, 139147, 1403, 140681, 143054, 1441, 14591, 14654, 147916, 147932, 149309, 15049, 153231, 15446, 154590, 154820, 155, 1589, 16, 16205, 16356, 16390, 168528, 17010, 17072, 17085, 17154, 17183, 17219, 172747, 17619, 17989, 18000, 18181, 18317, 18628, 19015, 190499, 19541, 19543, 19572, 19608, 1965, 198898, 201, 20128, 20146, 203289, 20716, 208577, 213, 2308, 23128, 23724, 23767, 23906, 241446, 2451, 2458, 25621, 26272, 264, 268, 27221, 274, 27825, 2788, 27953, 28343, 284, 28933, 29137, 29328, 2961, 29951, 2996, 30, 31023, 3169, 3303, 3344, 33634, 33704, 33920, 34636, 354, 35452, 3615, 36542, 36895, 37, 3779, 37866, 38192, 3882, 3909, 39152, 3954, 3990, 4, 40338, 40513, 4058, 41011, 41069, 4118, 4169, 4258, 42643, 43, 43221, 4332, 43565, 4418, 4511, 4578, 46209, 4633, 4635, 465, 4696, 470, 4742, 47805, 4791, 49125, 49131, 5052, 5070, 5085, 50930, 514, 51450, 5412, 5714, 575, 5796, 58397, 59951, 6, 60455, 6167, 62029, 62736, 63, 630, 63986, 64358, 6618, 66277, 674, 68108, 68414, 6881, 68810, 69223, 6959, 7041, 7051, 71277, 7150, 71931, 7272, 72964, 73, 7382, 757, 758, 7818, 7847, 789, 79178, 7949, 7985, 82321, 8312, 8393, 844, 84492, 86807, 87747, 8827, 8836, 886, 9021, 9075, 91305, 91615, 9285, 9340, 95444, 96052, 98273, 99278], "values": [0.1654052734375, 0.035491943359375, 0.1251220703125, 0.2137451171875, 0.1160888671875, 0.0382080078125, 0.039520263671875, 0.08380126953125, 0.036590576171875, 0.0364990234375, 0.037109375, 0.037078857421875, 0.0361328125, 0.09619140625, 0.03759765625, 0.05340576171875, 0.037109375, 0.132080078125, 0.204345703125, 0.18505859375, 0.037078857421875, 0.158935546875, 0.035064697265625, 0.0357666015625, 0.052764892578125, 0.138916015625, 0.035369873046875, 0.028961181640625, 0.038116455078125, 0.049041748046875, 0.1551513671875, 0.177490234375, 0.038818359375, 0.1434326171875, 0.0181884765625, 0.036651611328125, 0.125732421875, 0.037750244140625, 0.12744140625, 0.11236572265625, 0.0276947021484375, 0.056976318359375, 0.1519775390625, 0.125732421875, 0.0384521484375, 0.035675048828125, 0.090087890625, 0.01812744140625, 0.1610107421875, 0.03424072265625, 0.0460205078125, 0.184326171875, 0.03680419921875, 0.061309814453125, 0.065185546875, 0.2430419921875, 0.20166015625, 0.10040283203125, 0.046783447265625, 0.185546875, 0.11859130859375, 0.04754638671875, 0.257568359375, 0.0452880859375, 0.037200927734375, 0.0372314453125, 0.1431884765625, 0.18115234375, 0.042816162109375, 0.161865234375, 0.053009033203125, 0.07940673828125, 0.0400390625, 0.142333984375, 0.036834716796875, 0.036285400390625, 0.1068115234375, 0.0811767578125, 0.044891357421875, 0.092529296875, 0.0870361328125, 0.049591064453125, 0.061279296875, 0.06512451171875, 0.1617431640625, 0.0262451171875, 0.037200927734375, 0.03704833984375, 0.030426025390625, 0.035888671875, 0.1728515625, 0.03851318359375, 0.035186767578125, 0.0709228515625, 0.12457275390625, 0.036865234375, 0.1463623046875, 0.03668212890625, 0.03717041015625, 0.1527099609375, 0.1416015625, 0.013641357421875, 0.03485107421875, 0.0748291015625, 0.00408172607421875, 0.082763671875, 0.116455078125, 0.09918212890625, 0.0797119140625, 0.037200927734375, 0.059539794921875, 0.037139892578125, 0.1341552734375, 0.042144775390625, 0.08367919921875, 0.1673583984375, 0.10748291015625, 0.081298828125, 0.06072998046875, 0.04766845703125, 0.036407470703125, 0.054412841796875, 0.08099365234375, 0.037200927734375, 0.0430908203125, 0.034332275390625, 0.0860595703125, 0.038482666015625, 0.0545654296875, 0.1329345703125, 0.0112762451171875, 0.037109375, 0.043060302734375, 0.03729248046875, 0.1490478515625, 0.156494140625, 0.1688232421875, 0.03704833984375, 0.02947998046875, 0.0733642578125, 0.037109375, 0.036041259765625, 0.158935546875, 0.1478271484375, 0.037109375, 0.023406982421875, 0.037261962890625, 0.1558837890625, 0.09967041015625, 0.11273193359375, 0.1282958984375, 0.033599853515625, 0.04412841796875, 0.0205078125, 0.04339599609375, 0.2147216796875, 0.0372314453125, 0.1478271484375, 0.0611572265625, 0.04583740234375, 0.03692626953125, 0.06268310546875, 0.0302734375, 0.09442138671875, 0.1279296875, 0.02197265625, 0.01494598388671875, 0.04888916015625, 0.0357666015625, 0.182861328125, 0.0252838134765625, 0.03173828125, 0.0919189453125, 0.040283203125, 0.15283203125, 0.08148193359375, 0.037078857421875, 0.181884765625, 0.0362548828125, 0.035888671875, 0.037689208984375, 0.09222412109375, 0.037200927734375, 0.1326904296875, 0.2110595703125, 0.045501708984375, 0.037200927734375, 0.09228515625, 0.03631591796875, 0.10174560546875, 0.037750244140625, 0.036712646484375, 0.036834716796875, 0.1385498046875, 0.053558349609375, 0.0997314453125, 0.08612060546875, 0.03717041015625, 0.0465087890625, 0.23291015625, 0.088623046875, 0.03607177734375, 0.10321044921875, 0.047027587890625, 0.173583984375, 0.036651611328125, 0.1937255859375, 0.0731201171875, 0.040985107421875, 0.2471923828125, 0.142333984375, 0.022705078125, 0.02215576171875, 0.0209808349609375, 0.0172271728515625, 0.03533935546875, 0.03607177734375, 0.036224365234375, 0.0384521484375, 0.1903076171875, 0.08721923828125, 0.03741455078125, 0.0248870849609375, 0.0703125, 0.037109375, 0.036712646484375, 0.1529541015625, 0.1390380859375, 0.08612060546875, 0.0228118896484375, 0.037200927734375, 0.036224365234375, 0.03668212890625, 0.026824951171875, 0.2401123046875, 0.06842041015625, 0.115478515625, 0.1690673828125, 0.133544921875, 0.0849609375, 0.037841796875]}