{"indices": [10132, 101565, 10294, 1034, 1036, 10501, 106278, 10725, 10736, 107362, 108231, 108473, 109744, 11, 110803, 11158, 11233, 113289, 1135, 11359, 11372, 114493, 115055, 1173, 1189, 120905, 12169, 125389, 126234, 126858, 1278, 12790, 1288, 129890, 13, 13160, 132, 132079, 132882, 13334, 1344, 135018, 135547, 1403, 14139, 143258, 144454, 1463, 14641, 149291, 149716, 1511, 1515, 1516, 153483, 1542, 154820, 155, 157251, 1590, 16, 160559, 16356, 17010, 17104, 17154, 17183, 1723, 1737, 174159, 17619, 17647, 17900, 185795, 18624, 1879, 18941, 1906, 19186, 192033, 20107, 20373, 20424, 21233, 21245, 213, 213964, 21566, 21919, 2229, 2283, 23060, 2308, 2346, 23556, 23906, 24039, 243507, 24455, 2452, 264, 26595, 2672, 27273, 274, 2745, 28155, 28343, 28409, 29100, 2935, 2961, 30, 30513, 30948, 3182, 32214, 3272, 3294, 3302, 3327, 34427, 3490, 354, 35452, 35567, 3559, 35602, 36119, 3615, 37, 37866, 37950, 3803, 38192, 38195, 3909, 397, 39733, 39781, 4, 40513, 41011, 41247, 41436, 42263, 4264, 43, 43221, 441, 45049, 45151, 45945, 45963, 46438, 46471, 465, 4663, 4723, 4791, 49755, 5001, 50291, 5052, 5070, 5085, 51083, 5133, 514, 5148, 5226, 52688, 5392, 5410, 5412, 55737, 55904, 56554, 5714, 573, 5730, 575, 5796, 59564, 6, 60030, 60615, 6159, 617, 627, 63, 6518, 65234, 65589, 6607, 66537, 66795, 66891, 670, 67112, 67296, 6766, 68108, 684, 68414, 6881, 7, 7041, 7150, 7272, 72859, 72964, 73421, 7408, 7409, 75064, 758, 76798, 77355, 7949, 798, 7985, 80539, 80728, 81855, 84325, 844, 84492, 8585, 86687, 872, 886, 887, 9, 9005, 9075, 91615, 9340, 955, 95579, 9636, 96499, 9744, 9889, 9989], "values": [0.04144287109375, 0.2388916015625, 0.146484375, 0.058380126953125, 0.0751953125, 0.14990234375, 0.10589599609375, 0.1392822265625, 0.1524658203125, 0.1934814453125, 0.1470947265625, 0.161865234375, 0.18017578125, 0.11334228515625, 0.07647705078125, 0.1632080078125, 0.07586669921875, 0.2105712890625, 0.0927734375, 0.076171875, 0.19775390625, 0.07537841796875, 0.138427734375, 0.050445556640625, 0.05633544921875, 0.059173583984375, 0.0679931640625, 0.07537841796875, 0.13916015625, 0.2027587890625, 0.07318115234375, 0.07623291015625, 0.069580078125, 0.19580078125, 0.07586669921875, 0.07635498046875, 0.07586669921875, 0.075927734375, 0.11651611328125, 0.0726318359375, 0.0731201171875, 0.1805419921875, 0.0447998046875, 0.129638671875, 0.072265625, 0.055023193359375, 0.125732421875, 0.11285400390625, 0.07861328125, 0.07470703125, 0.0762939453125, 0.0430908203125, 0.168212890625, 0.07611083984375, 0.06707763671875, 0.06378173828125, 0.300537109375, 0.04095458984375, 0.08251953125, 0.07525634765625, 0.07598876953125, 0.05291748046875, 0.06304931640625, 0.0797119140625, 0.0760498046875, 0.06402587890625, 0.06146240234375, 0.080078125, 0.07818603515625, 0.07427978515625, 0.153076171875, 0.1494140625, 0.063232421875, 0.173095703125, 0.1065673828125, 0.122802734375, 0.044677734375, 0.040924072265625, 0.2073974609375, 0.140625, 0.050689697265625, 0.07574462890625, 0.11187744140625, 0.06640625, 0.060546875, 0.0758056640625, 0.10943603515625, 0.07965087890625, 0.06756591796875, 0.09222412109375, 0.173828125, 0.2200927734375, 0.0760498046875, 0.07196044921875, 0.10955810546875, 0.1607666015625, 0.07525634765625, 0.07403564453125, 0.283935546875, 0.1678466796875, 0.0870361328125, 0.11602783203125, 0.07135009765625, 0.0753173828125, 0.07586669921875, 0.07440185546875, 0.07464599609375, 0.269775390625, 0.0760498046875, 0.076171875, 0.0435791015625, 0.07464599609375, 0.0858154296875, 0.041595458984375, 0.11688232421875, 0.074951171875, 0.07598876953125, 0.07470703125, 0.07598876953125, 0.07611083984375, 0.07586669921875, 0.07586669921875, 0.07403564453125, 0.075439453125, 0.0858154296875, 0.067626953125, 0.1585693359375, 0.177490234375, 0.1434326171875, 0.228759765625, 0.07611083984375, 0.1336669921875, 0.04486083984375, 0.07586669921875, 0.061859130859375, 0.07568359375, 0.0215301513671875, 0.08392333984375, 0.059173583984375, 0.076171875, 0.0760498046875, 0.2137451171875, 0.1470947265625, 0.136474609375, 0.052093505859375, 0.078125, 0.035369873046875, 0.07598876953125, 0.075927734375, 0.1114501953125, 0.07623291015625, 0.16748046875, 0.0782470703125, 0.07958984375, 0.06964111328125, 0.1258544921875, 0.07586669921875, 0.14599609375, 0.06170654296875, 0.07513427734375, 0.0772705078125, 0.0250701904296875, 0.150390625, 0.1358642578125, 0.12286376953125, 0.2030029296875, 0.049102783203125, 0.108642578125, 0.075927734375, 0.07568359375, 0.07598876953125, 0.059661865234375, 0.075927734375, 0.1400146484375, 0.111328125, 0.064697265625, 0.2076416015625, 0.07763671875, 0.162109375, 8.851289749145508e-05, 0.0523681640625, 0.07586669921875, 0.10107421875, 0.143310546875, 0.07611083984375, 0.06689453125, 0.1026611328125, 0.1751708984375, 0.1300048828125, 0.1534423828125, 0.0760498046875, 0.136474609375, 0.1998291015625, 0.072509765625, 0.1971435546875, 0.11541748046875, 0.06103515625, 0.2301025390625, 0.1773681640625, 0.091796875, 0.1357421875, 0.139892578125, 0.062347412109375, 0.014495849609375, 0.2315673828125, 0.10650634765625, 0.0748291015625, 0.17919921875, 0.045562744140625, 0.26171875, 0.1864013671875, 0.2476806640625, 0.139404296875, 0.0758056640625, 0.05426025390625, 0.08447265625, 0.146728515625, 0.0762939453125, 0.09698486328125, 0.195556640625, 0.03216552734375, 0.075927734375, 0.1368408203125, 0.2059326171875, 0.1322021484375, 0.06243896484375, 0.07611083984375, 0.0758056640625, 0.1248779296875, 0.2047119140625, 0.07293701171875, 0.07598876953125, 0.072509765625, 0.07977294921875, 0.0584716796875, 0.1351318359375, 0.256591796875, 0.1436767578125, 0.07586669921875, 0.10760498046875, 0.07196044921875, 0.08154296875, 0.120361328125, 0.11419677734375, 0.0151824951171875]}