{"indices": [106117, 1062, 11062, 111724, 1121, 114732, 11540, 117239, 118790, 1189, 12, 120377, 12176, 123469, 12478, 125682, 12661, 12763, 129781, 129969, 13305, 1344, 136712, 1375, 14, 140429, 14082, 144, 147, 14889, 1506, 15127, 159003, 16220, 168, 16992, 17368, 174948, 180, 1809, 182142, 19032, 193943, 1940, 19759, 199849, 21855, 219, 23060, 234873, 23643, 25217, 26387, 277, 29129, 30388, 31023, 31494, 3320, 3640, 36630, 3742, 37451, 37992, 3956, 4058, 4240, 42659, 44713, 45174, 4602, 4828, 491, 496, 5070, 5120, 51222, 52562, 54, 581, 5877, 603, 6032, 61004, 61353, 618, 62, 627, 634, 6366, 69829, 70547, 76519, 7657, 76924, 77314, 77758, 8, 82, 82302, 8312, 8357, 837, 84770, 87, 87673, 8852, 9001, 9552, 98, 984, 990, 9960], "values": [0.10546875, 0.0218353271484375, 0.11517333984375, 0.0166778564453125, 0.1356201171875, 0.109130859375, 0.1123046875, 0.00493621826171875, 0.1888427734375, 0.0240020751953125, 0.0104522705078125, 0.0836181640625, 0.05194091796875, 0.00980377197265625, 0.0182647705078125, 0.024169921875, 0.08221435546875, 0.1751708984375, 0.1910400390625, 0.14013671875, 0.12890625, 0.091064453125, 0.00988006591796875, 0.0306396484375, 0.05712890625, 0.1500244140625, 0.038665771484375, 0.0306854248046875, 0.07489013671875, 0.1973876953125, 0.07568359375, 0.032379150390625, 0.0889892578125, 0.035003662109375, 0.1453857421875, 0.03448486328125, 0.007129669189453125, 0.1158447265625, 0.03717041015625, 0.06280517578125, 0.05914306640625, 0.05645751953125, 0.2117919921875, 0.0693359375, 0.1649169921875, 0.1536865234375, 0.1593017578125, 0.0014696121215820312, 0.1217041015625, 0.1705322265625, 0.10247802734375, 0.1279296875, 0.066162109375, 0.066650390625, 0.0247344970703125, 0.209716796875, 0.023345947265625, 0.12054443359375, 0.032196044921875, 0.102783203125, 0.0225982666015625, 0.052337646484375, 0.2178955078125, 0.0887451171875, 0.0195159912109375, 0.0264739990234375, 0.06268310546875, 0.12420654296875, 0.0399169921875, 0.03582763671875, 0.054290771484375, 0.10888671875, 0.119140625, 0.03399658203125, 0.054229736328125, 0.10491943359375, 0.09857177734375, 0.0931396484375, 0.021209716796875, 0.0142974853515625, 0.10357666015625, 0.148681640625, 0.09637451171875, 0.0819091796875, 0.128662109375, 0.056304931640625, 0.010955810546875, 0.07855224609375, 0.0728759765625, 0.1676025390625, 0.015869140625, 0.0489501953125, 0.0780029296875, 0.07452392578125, 0.1923828125, 0.0992431640625, 0.09881591796875, 0.00605010986328125, 0.01110076904296875, 0.066650390625, 0.11700439453125, 0.03948974609375, 0.08502197265625, 0.20947265625, 0.02655029296875, 0.023590087890625, 0.08538818359375, 0.0615234375, 0.12286376953125, 0.084716796875, 0.10284423828125, 0.047576904296875, 0.0023193359375]}