{"indices": [101062, 102692, 10406, 107033, 1128, 117904, 1189, 120518, 123433, 134693, 1398, 147916, 153, 157489, 185795, 1879, 19015, 19071, 22103, 2283, 31157, 43977, 4572, 46209, 5, 51184, 5364, 56721, 5796, 5838, 5896, 59297, 6, 60061, 6260, 66719, 66930, 68108, 68414, 68433, 7221, 7272, 7621, 7657, 7949, 8651, 86764, 8934, 90305, 96499, 97109, 97608, 97904], "values": [0.23828125, 0.14404296875, 0.1834716796875, 0.1282958984375, 0.0006957054138183594, 0.06884765625, 0.1219482421875, 0.11798095703125, 0.212646484375, 0.116943359375, 0.11199951171875, 0.232421875, 0.0526123046875, 0.1817626953125, 0.138916015625, 0.12469482421875, 0.127197265625, 0.09442138671875, 0.1787109375, 0.1656494140625, 0.06854248046875, 0.11749267578125, 0.1082763671875, 0.1461181640625, 0.053558349609375, 0.10797119140625, 0.1531982421875, 0.12841796875, 0.1175537109375, 0.1461181640625, 0.131591796875, 0.173095703125, 0.087646484375, 0.1441650390625, 0.1678466796875, 0.1317138671875, 0.22314453125, 0.138671875, 0.214599609375, 0.12548828125, 0.10498046875, 0.234130859375, 0.1385498046875, 0.1016845703125, 0.1641845703125, 0.1435546875, 0.0307769775390625, 0.1376953125, 0.12103271484375, 0.262451171875, 0.20556640625, 0.09918212890625, 0.219970703125]}